word,translation
Quand est l'Apocalypse ?,When is the Apocalypse?
Nous avons entendu un bruit.,We heard a noise.
On a remercié Tom.,Tom was let go.
Il se peut qu'il pleuve dans la soirée.,It may rain in the evening.
Mon vélo s'est fait voler.,I had my bicycle stolen.
C'est mon premier cheval.,This is my first horse.
J'aimerais habiter en France.,I would like to live in France.
Tu n'y es pas bonne.,You're not good at this.
J'aime la façon dont Tom pense.,I love the way Tom thinks.
Il commença à siffler un air.,He began to whistle a tune.
J'ai dix-huit ans.,I am eighteen years old.
Tom vola l'argent de Mary.,Tom stole Mary's money.
Yanni fait partie de la famille.,Yanni is family.
Je le fais tous les samedis matin.,I do it every Saturday morning.
Harry a honte d'avoir menti à Sally.,Harry is ashamed of having lied to Sally.
J'ai eu des hauts et des bas.,I've had my ups and downs.
Nous avons pris plaisir à patiner.,We enjoyed skating.
Un dénommé Henri veut vous voir.,Somebody called Hanry wants to see you.
Georgetown est la capitale du Guyana.,Georgetown is the capital of Guyana.
Je suis fort occupé.,I'm very busy.
Les animaux sentent la peur.,Animals sense fear.
Parlez dans le micro.,Speak into the microphone.
Tom n'aimait pas beaucoup les cours de français.,Tom didn't like French class very much.
Je n'aime pas les films d'horreur.,I don't like scary movies.
Tu parles bien.,You speak well.
Il n'est jamais allé en France.,He has not been to France.
Je suppose que vous êtes conscient des difficultés.,I presume you are aware of the difficulties.
"M'en apporterais-tu un autre, s'il te plaît ?","Would you bring me another one, please?"
Sa blague m’a beaucoup fait rire.,I had a good laugh at her joke.
Quelle fut la première capitale du Portugal ?,What was the first capital of Portugal?
Son comportement était de circonstance.,Her behavior was appropriate to the occasion.
Combien coûte une douzaine d'œufs ?,How much are a dozen eggs?
Je n’ai invité personne ce weekend.,I did not invite anyone this weekend.
Tom avait l'air de bien s'amuser.,Tom certainly appeared to be enjoying himself.
Thomas a perdu tout ce qu'il possédait.,Tom lost all his belongings.
Choisis des amis sur qui tu peux compter.,Choose friends you can rely on.
Peux-tu lire ce manuscrit ?,Can you read this manuscript?
Vous êtes parfois si puérils.,You are so childish sometimes.
À combien est le kilo de tomates ?,How much is the kilo of tomatoes?
Ça devient de plus en plus difficile.,It keeps getting harder and harder.
Nous signons un nouveau bail la semaine prochaine.,We're signing a new lease next week.
Je ne peux en faire davantage.,I can't do any more.
Tom a dit à Mary la vérité.,Tom told Mary the honest truth.
Croyez-vous que Tom soit coupable ?,Do you think Tom is guilty?
Ziri a quitté l'endroit.,Ziri left the area.
J'ai proposé qu'elle y aille seule.,I suggested that she go alone.
Tu dois seulement suivre les indications.,You have only to follow the directions.
Ça nous aiderait beaucoup.,That would be a big help.
Tu n'es pas aussi petite que moi.,You aren't as short as I am.
Qui l'a dessiné ?,Who drew it?
Personne n'a de réponse.,No one has an answer.
Je viens de Roumanie.,I'm from Romania.
Je pensais que nous étions heureuses.,I thought we were happy.
Marie avait un appétit d'oiseau.,Marie had the appetite of a bird.
Nous sommes une forteresse.,We are a fortress.
Ça te plaît d'être allongé sur l'herbe.,You like laying on the grass.
Il semble que ses souhaits aient été exaucés.,"Her wishes, it seems, have come true."
Il était heureux d'être juif.,He was happy being a Jew.
Elle était absente de la classe.,She was absent from class.
Tu n'es pas à la maison.,You are not at home.
Nous disons toutes les deux la vérité.,We're both telling the truth.
Qui t'a donné ce paquet ?,Who gave you that package?
Nous devons consommer moins.,We must consume less!
Je suis très heureux.,I'm very happy.
Cette fleur est plus jolie que celle-là.,This flower is more beautiful than that one.
Donnez-moi votre opinion s'il vous plaît.,Please tell me your opinion.
Le restaurant est beau.,The restaurant is beautiful.
Nous sommes-nous déjà rencontrés auparavant ?,Have we ever met before?
Le parc était presque vide.,The park was almost empty.
Peut-être que je n'aurais pas dû faire cela.,Perhaps I shouldn't have done that.
J'espère que tout va bien pour elle.,I hope she's all right.
Ces cookies sont tout juste sortis du four.,These cookies are fresh from the oven.
Le gouvernement entier a démissionné.,The whole government has resigned.
Il fut surpris de l'apprendre.,He was surprised to learn this.
Dis que ce n’est pas le cas.,Say it ain't so.
Ce fruit a une odeur désagréable.,This fruit has an unpleasant smell.
N'est-ce pas ce que vous souhaitez ?,Isn't that what you want?
Que puis-je te dire ?,What can I tell you?
La police a appréhendé un suspect.,The police arrested the suspect.
Vous vous êtes trompé de numéro.,You have the wrong number.
Je me souviens de ce jour-là.,I remember that day.
C'est comme ça que nous fonctionnons.,This is how we work.
Je déteste la pluie.,I hate the rain.
Tu étais jaloux.,You were jealous.
Elle s'est fait faire une nouvelle robe.,She had a new dress made.
Vous ne devriez pas y aller seule.,You should not go alone.
Le gâteau est encore chaud.,The cake is still warm.
Je sais que tu es également occupée.,"I know you're busy, too."
Elle est un disciple de Freud.,She is a follower of Freud.
Allons nous promener sur la plage.,Let's go for a walk on the beach.
Combien de temps cela a-t-il pris ?,How long did it take?
J'ai été occupé depuis dimanche passé.,I have been busy since last Sunday.
Nous irons vous rendre visite à l'occasion.,We will visit you occasionally.
Rappelez-vous ces règles.,Remember these rules.
"Fais ce que tu veux, je m'en fous.","Do what you want, I don't really care."
Les châteaux français sont très beaux.,French castles are very beautiful.
Laisse-moi te le porter.,Let me carry it for you.
Il n'a pas eu l'air de la reconnaître.,He didn't seem to recognize her.
"Avant de rencontrer Mary, Tom a beaucoup bu.","Before Tom met Mary, he drank heavily."
J'ai dû faire un discours.,I had to give a speech.
Comment est votre magasin ?,What is your store like?
Noël approche à grands pas.,Christmas is so close now.
Elles acceptent d'autres opinions.,They accept other opinions.
Tom surfe-t-il ?,Does Tom surf?
À qui sont ces lunettes ?,Whose glasses are these?
Nous nous inquiétons de ton avenir.,We worry about your future.
J'ai conduit Skura au bureau de Ziri.,I showed Skura into Ziri’s office.
Ce n'est pas bien de rire des autres.,It is not good to laugh at others.
Commençons par le commencement !,First things first.
Vous abdiquez vos responsabilités.,You are abrogating your responsibilities.
Je vais conduire par mes propres moyens.,I'm going to drive myself.
Nous avons regardé ce film ensemble.,We watched this movie together.
Prends un citron.,Take a lemon.
J'ai hâte de te serrer dans mes bras.,I can't wait to hug you.
Quel est le prix de cette casquette ?,What is the price of this cap?
Le loup mangea le roi.,The wolf ate the king.
Je veux que vous alliez chez vous.,I want you to go home.
Est-ce que tu aimes la nourriture italienne ?,Do you like Italian food?
Ils nous les auraient rendues.,They would have returned them to us.
D'abord j'ai ressenti de la honte.,I felt embarrassed at first.
Je veux simplement que les gens m'aiment.,I just want people to like me.
Chacun doit rester concentré.,Everyone needs to stay focused.
C'est le rôle important.,This is the important part.
Ceci est vrai pour la plupart d'entre nous.,This holds for most of us.
Je veux le partager avec vous.,I want to share it with you.
Je vais généralement me coucher très tôt.,I usually go to sleep very early.
Elle se dévoua à lui.,She devoted herself to him.
Tom s'est assis tranquillement.,Tom sat quietly.
D'où est-ce que ça vient ?,Where did that come from?
Vous êtes légèrement en surpoids.,You're a little overweight.
Où voudriez-vous vivre ?,Where would you want to live?
Je fais la vaisselle.,I'll wash the dishes.
Elle est dénuée de défauts.,She has no faults.
Je suis content qu'on soit d'accord.,I'm glad we agree.
Quand aimerais-tu commencer ?,When would you like to begin?
Yanni a fait un horrible accident de voiture.,Yanni was in a terrible car accident.
Tu es dans la merde.,You're in big trouble.
Le public exige des réponses.,The public demands answers.
La langue russe est difficile à apprendre.,The Russian language is difficult to learn.
Avez-vous songé à devenir infirmière ?,Have you ever thought of becoming a nurse?
Le secteur des services algériens fonctionne très bien.,Algeria's service sector works great.
Le meilleur est encore à venir.,The best is yet to come.
Voilà le hic.,That's the snag.
Tom se défendrait.,Tom would fight back.
Nous avons toutes deux tort.,We're both wrong.
Prends un livre de l'étagère.,Take a book from the shelf.
Toutes mes plantes sont mortes.,All my plants died.
Nous venons de Russie.,We are from Russia.
Il porte des balafres sur son visage.,He bears scars on his face.
Est-ce que ta maison est grande ?,Is your house big?
Ma dent me fait incroyablement mal.,My tooth is giving me unbelievable pain.
Nous sommes heureux de t'avoir avec nous.,We're glad to have you with us.
Hélez un taxi !,Hail a taxi.
C'est tout simplement stupéfiant.,This is simply amazing.
Le parc était plein de gens.,The park was full of people.
Attendez-nous dans le hall.,Wait for us in the lobby.
Nous vous avons déjà pardonnées.,We have already forgiven you.
La gare est à dix minutes à pied.,It's ten minutes' walk to the station.
Tu as mangé quoi ?,What did you eat?
Tous les autres garçons riaient de lui.,All the other boys laughed at him.
Les Finlandais parlent le finnois.,The Finns speak Finnish.
Les prix des produits alimentaires ont augmentés.,The price of food has gone up.
Je veux que tu sortes de mon bureau.,I want you out of my office.
Mon cholestérol a baissé.,My cholesterol went down.
J'espérais un peu que vous veniez seules.,I kind of expected you to come alone.
Il devrait expier ses péchés.,He should atone for his sins.
Nous avons raté la date limite.,We missed the deadline.
Les résultats ont été épouvantables.,The results were appalling.
J'ai essayé de cacher ma déception.,I tried to hide my disappointment.
L'écrivain s'est suicidé à son bureau.,The author killed himself in his study.
Mes parents sont tous deux décédés.,Both of my parents have passed away.
Ils ne sont pas très sympathiques.,They're not very friendly.
Ce sont mes amis.,They are my friends.
Sur un pommier poussent des pommes.,An apple tree grows apples.
J'ai besoin de vous parler de quelque chose.,I need to talk to you about something.
Il soupira et secoua la tête.,He sighed and shook his head.
J'ai bien aimé ton histoire.,I liked your story.
Puis-je maintenant partir ?,Can I leave now?
Je veux que lui parte.,I want him to leave.
Demande-lui de nous donner de l'argent.,Ask her to give us some money.
Tu n'avais pas l'air de vouloir ce livre.,You didn't seem to want that book.
Il était plus petit que moi.,He was shorter than me.
Elles connaissent la vérité.,They know the truth.
Ne faites preuve d'aucune miséricorde !,Show no mercy.
Parle plus fort.,Raise your voice.
Tom se rase chaque matin.,Tom shaves every morning.
Tom a regardé la télé toute la journée.,Tom has been watching TV all day.
Il élève des poissons tropicaux.,He is raising tropical fishes.
Il travailla tard dans la nuit.,He worked far into the night.
Il faut que je sache si c'est vrai.,I have to know if it's true.
Pierre distribua les cartes à tous les joueurs.,Pierre dealt cards to all the players.
Je n'aime pas les bâtiments.,I don't like buildings.
Tout est dur.,Everything is tough.
J'ai besoin de ce travail.,I need this job.
Il était vraiment impressionné.,He was really impressed.
Il a l'air très fatigué.,He looks very tired.
Ne soupire pas comme ça.,Don't sigh like that.
Quel est votre jour de fête préféré ?,What's your favorite holiday?
Tom tomba dans l’oubli.,Tom fell into oblivion.
J'aime beaucoup skier.,I love skiing.
Ce gamin me saoule.,That kid is getting on my nerves.
Je vous ai méjugée.,I have misjudged you.
Ils chantent à tue-tête.,They're singing at the top of their lungs.
Il dort de moins en moins.,He sleeps less and less.
"Mange modérément, mais régulièrement.","Eat moderately, but regularly."
Qu'en penserait ton père ?,What would your father think?
Veuillez présenter mes respects à vos parents.,Please give my regards to your parents.
Peut-être y a-t-il encore de l'espoir pour vous.,There may be hope for you yet.
Il est médaillé olympique.,He's an Olympic medal winner.
Elle n'est pas aussi patiente que toi.,She is not as patient as you.
L'avez-vous jamais tenté ?,Have you ever tried it?
Un octogone a huit angles et huit côtés.,An octagon has eight angles and eight sides.
Marie est une femme magnifique.,Mary is a gorgeous woman.
Quelle est la mauvaise nouvelle ?,What is the bad news?
Je ferai la plonge.,I'll do the dishes.
L'atmosphère est lourde et sent le sang.,The air is heavy and smells of blood.
"Sur Internet, la connerie a pignon sur rue.","On the Internet, nonsense is front and centre."
"Tu sais, je me suis bien amusé.","You know, I had a lot of fun."
Tu es sous l'effet d'une drogue.,You're on a drug.
"Bizarrement, je n'ai ressenti aucune douleur.","Strange to say, I didn't feel any pain."
Il n'y a presque pas de meubles.,There is almost no furniture.
Mary était toute vêtue de blanc.,Mary was dressed all in white.
Je suis en bateau.,I'm on a boat.
Je suis trop épuisée pour faire ça maintenant.,I'm too exhausted to do that now.
Ma mère m'a dit d'étudier.,"My mother said to me, ""Study."""
L'enseignant a distribué les prospectus.,The teacher distributed the leaflets.
C'est un miracle que tu aies survécu.,It's a miracle you survived.
J'ai entendu les mauvaises nouvelles.,I heard the bad news.
Je crois que la réponse est oui.,I believe the answer is yes.
Sa prophétie se réalisa.,His prophecy was fulfilled.
Ce mec est bizarre.,That guy's weird.
Tom a quitté Boston.,Tom left Boston.
Essaie de comprendre ta colère.,Try to understand your anger.
Je suis une travailleuse.,I am a worker.
Vous me décevez beaucoup.,I'm very disappointed in you.
Il fait trop chaud pour aller se promener.,It's too hot to go for a walk.
Je suis resté chez moi cet été.,I stayed at home this summer.
Je ne parviens pas à le déchiffrer.,I can't figure this out.
Ne lui dis pas la réponse.,Don't tell him the answer.
Elles l'ont pris.,They took it.
Le ciel est clair aujourd'hui.,The sky's clear today.
Vous pouvez vous y fier.,You can depend on it.
Je me souviendrai toujours de toi.,I'll remember you forever.
Tu ne fais pas beaucoup d'efforts.,You don't exert yourself much.
Ne soyons pas arrogants.,Let's not get cocky.
"Voter, c'est votre devoir civique.",Voting is your civic duty.
Je veux être impliquée.,I want to be involved.
C'est dommage que tu ne viennes pas.,It's a shame that you're not coming.
Connaissez-vous ces auteurs allemands ?,Do you know these German authors?
Faites-le quand vous serez libre.,Do this at your leisure.
Veux-tu y aller en premier ?,Do you want to go first?
Au secours ! Police ! À l'aide !,Help! Police! Help!
On suppose que quelqu'un a empoisonné Tom.,It's believed that someone has poisoned Tom.
J'adore acheter des vêtements.,I love shopping for clothes.
Est-ce un animal ?,Is that an animal?
Tom enseigne à l'université.,Tom teaches at a university.
Mary portait des vêtements d'homme.,Mary was wearing men's clothing.
Tu penses qu'on peut les aider ?,Do you think we can help them?
Je ne fais que penser à haute voix.,I'm just thinking out loud.
Je veux vous plaire.,I want to please you.
Ils furent tous charmés par sa chanson.,They were all charmed by her song.
Je me sens comme fatigué.,I feel kind of tired.
J'ai de beaux cheveux.,I have nice hair.
Je veux boire du thé.,I want to drink tea.
Le temps est plutôt gris aujourd'hui.,The weather is quite dreary today.
Il chérissait le souvenir de sa défunte femme.,He cherished the memory of his dead wife.
Ses pensées sont vraiment puériles.,His way of thinking is very childish.
Tom a eu un rencard avec Marie.,Tom went on one date with Mary.
Tu es une tête de linotte !,You're such an airhead!
Je ne vous paie pas.,I'm not paying you.
Comment te proposes-tu de le faire ?,How do you intend to do it?
Je ne supporte pas de telles personnes.,I cannot abide such people.
Ce sont les flics !,It's the cops!
Vous n'êtes plus autorisés à parler.,You're no longer allowed to speak.
Tom doit travailler !,Tom must work.
Sa façon de parler m'intrigue.,His way of speaking intrigues me.
Nous n'avons épargné aucun effort.,We left no stone unturned.
Pensez à la mort.,Think about death.
J'aimerais sortir avec vous.,I'd like to go out with you.
Nous ne faisons pas confiance à Tom.,We don't trust Tom.
Je ne connais pas l'anglais.,I don't know English.
Tu dois courir.,You must run.
Ce sont tous les remerciements dont j'ai besoin.,That's all the thanks I need.
"Il n'est pas médecin, il est professeur.",He is not a doctor but a teacher.
Je pense que tu es ma meilleure amie.,I think you're my best friend.
Ça pourrait être sérieux.,This could be serious.
Il mange des bonbons.,He is eating candy.
Je suis désolé de vous avoir blessé.,I'm sorry I hurt you.
Voulez-vous quelques-unes de ces frites ?,Do you want some of these fries?
Il est clair qu'il veut y aller.,He clearly wants to go.
J'étais là quand vous êtes entrée.,I was here when you came in.
Elle est rusée comme un renard.,She is as sly as a fox.
Savais-tu que Tom était gay ?,Did you know that Tom was gay?
Le chien lèche les oreilles du chat.,The dog is licking the cat's ears.
Je lui donne plus de trente ans.,I guess that she is over thirty.
Il aime beaucoup ce genre de musique.,He is fond of this kind of music.
Les amoureuses ont échangé de nombreuses lettres.,The lovers exchanged numerous letters.
Personne ne vous trouvera jamais.,No one will ever find you.
Que ferais-tu à ma place ?,What would you do in my place?
Cela nous a beaucoup coûté.,That cost us a lot.
Tu te souviens avoir dit ça ?,Do you remember saying that?
Tom est débraillé.,Tom is unkempt.
Prends tout !,Take it all.
Je crois que tu devrais partir.,I believe that you should leave.
Ils cultivent le raisin de Corinthe ici.,The grow currants around here.
Qui entraîne l'équipe ?,Who coaches the team?
De quoi devrions-nous avoir peur ?,What do we have to be afraid of?
Ce siège est-il libre ?,Is that seat available?
L'a-t-elle vu ou pas ?,Did she see it or not?
Ce champignon n'est pas comestible.,This mushroom is not good to eat.
Je vais mettre les fleurs dans le vase.,I'll put the flowers in the vase.
Gabor a raté la fête d'anniversaire de Rima.,Gabor missed Martha's birthday party.
Vous ne serez probablement pas punis.,You probably won't be punished.
Je suis trop occupé pour y aller.,I am too busy to go.
J'ai un peu de fièvre.,I have a little fever.
C'est tout à fait autre chose.,That's quite another thing.
Il pleut davantage que jamais.,It is raining worse than ever.
Je ne te laisserai pas partir.,I won't let you go.
Ma demeure est la tienne.,My house is your house.
Faites attention à ne pas trop boire !,Be careful not to drink too much.
Avez-vous passé un bel été ?,Did you have a good summer?
C'est mon cœur.,It's my heart.
Attrape-les si tu peux !,Catch them if you can.
Je déteste le travail.,I hate work.
J'aime votre chat.,I love your cat.
Nous allons remettre ces projets à plus tard.,We'll put these plans on ice.
Tom a emmené sa fille à l'école.,Tom took his daughter to school.
"Oh, quel dommage.","Oh, that's a shame."
Comment décidez-vous habituellement quoi manger ?,How do you usually decide what to eat?
Vous avez adhéré au parti.,You have joined the party.
Je connais très bien Tom.,I know Tom very well.
Les épices améliorent les plats.,Spices improve dishes.
Je suis sûr qu'il y a une connexion.,I'm sure there's a connection.
J'ai pris un rendez-vous avec M. Kennedy.,I have made an appointment with Mr Kennedy.
Je l'ai mis au grenier.,I put it in the attic.
J'ai traversé la place.,I crossed the square.
Personne n'a entendu les cris de Tom.,Nobody heard Tom's screams.
Je te rendrai fier de moi.,I'll make you proud of me.
Ne ris pas la bouche ouverte.,Don't laugh with your mouth open.
J'aimerais que mon rêve se réalise.,I wish my dream would come true.
Personne n'entendit la cloche sonner.,Nobody heard the bell ring.
C'est d'une injustice révoltante.,This is outrageously unfair.
Ils te croisent partout où ils vont.,They run into you everywhere they go.
Nous nous sommes beaucoup inquiétés à ton sujet.,We worried a lot about you.
La nourriture est digérée dans l'estomac.,Food is digested in the stomach.
Nous devons essayer.,We have to try.
Plaise au Tribunal.,May it please the Court.
J'ignore simplement comment le faire.,I just don't know how to do it.
Je suis venu te demander quelque chose.,I came to ask you something.
Nous n'avons pu trouver son lieu de résidence.,We couldn't find out her whereabouts.
Je veux te le dire.,I want to tell you.
Tu manques de temps.,You're running short of time.
Tu peux tirer tes propres conclusions.,You can draw your own conclusions.
"Bonjour, as-tu déjà déjeuné ?","Hello, did you already have lunch?"
Je n'y avais pas pensé de cette façon.,I hadn't thought of it that way.
Il a pété les plombs.,He cracked up.
Où parles-tu espéranto ?,Where do you speak Esperanto?
Il se moucha le nez dans un mouchoir.,He blew his nose in a handkerchief.
Voulez-vous qu'elle le sache ?,Do you want her to know about it?
Il n'en a rien à branler.,He couldn't give a toss about it.
Il est une sorte de peintre.,He is a sort of painter.
Elle l'a remercié pour son assistance.,She thanked him for his help.
Je ne fais pas ça pour vous.,I'm not doing this for you.
Tu as fait quelque chose de très courageux.,You did a very brave thing.
Le mystère de la vie occupait ses pensées.,The mystery of life occupied his thoughts.
Ne pêche pas dans cette rivière. C'est défendu.,Don't fish in this river. It's prohibited.
Je ne l'ai pas vue beaucoup.,I did not see her much.
De quelle couleur est le vent ?,What color is the wind?
Ça vous aidera à vous garder chaud.,This will help keep you warm.
Comment s'appelle la capitale du Burkina Faso ?,What's the capital of Burkina Faso called?
Il est impossible que je t'aide.,It is impossible for me to help you.
Je n'ai pas trouvé de travail aujourd'hui.,I found no job today.
Vos idées ne sont pas intéressantes.,Your ideas are not interesting.
Elle n'était pas idiote.,She wasn't stupid.
Elle s'inquiète de votre sécurité.,She's worrying for your safety.
Elle a fini.,She has finished.
Tom est profondément dérangé.,Tom is deeply disturbed.
Elle va adorer ça.,She's going to love this.
Je veux qu'il vienne avec nous.,I want him to come with us.
C'est un mensonge !,That's a lie!
Nous comprenons pourquoi.,We understand why.
Sami a passé soixante jours en prison.,Sami served sixty days in jail.
Vous recevrez une bicyclette pour votre anniversaire.,You shall have a bicycle for your birthday.
Trump est un atout russe.,Trump is a Russian asset.
Peut-être devrions-nous parler de ceci au préalable.,Maybe we should talk about this first.
C'est le cas pour toi ?,Is it the case for you?
La Terre est notre oasis dans l'espace.,Earth is our oasis in space.
"Ce n'est pas sécurisé, là-bas.",It's not safe there.
Il faudra que j'y réfléchisse.,I'll have to think about it.
As-tu le temps de prendre un café ?,Do you have time for coffee?
Restons en contact.,Let's keep in touch with each other.
"Il s'est blessé pendant la partie, hier.",He got hurt in the game yesterday.
Il y a beaucoup de personnes qualifiées.,There are plenty of qualified people.
Tu dois ranger ta chambre.,You have to clean your room.
La perspective en est encore lointaine.,The prospect is still distant.
Je te souhaite du succès dans ton travail.,I wish you success in your work.
« Au revoir. » « À bientôt. »,"Bye. ""See you soon."""
Ma mère m'a demandé de tondre la pelouse.,Mother told me to mow the lawn.
Tu prends plus de calories que nécessaire.,You take more calories than are necessary.
Je l'appelle souvent.,I call her very often.
La nuit tous les chats sont gris.,All cats are grey in the dark.
"Vous vous marrez bien, les mecs ?",You guys having fun?
Comment voulez-vous mourir ?,How do you want to die?
Tu as l'air splendide.,You look great.
Je vous ordonne de partir immédiatement.,I'm ordering you to leave immediately.
"Globalement, elles ont eu vraiment de la chance.",On the whole they had really good luck.
L'espagnol sonne comme le grec.,Spanish sounds like Greek.
J'ai fini de nettoyer ma chambre.,I've finished cleaning my room.
Le garçon s'est jeté à l'eau.,The boy jumped into the water.
Il faut changer des choses dans cette maison.,Things have to be changed in this house.
Le verre est moins cher que l'aluminium.,Glass is cheaper than aluminum.
Cette fille n'est pas pour vous.,That girl is not for you.
Où vous faut-il faire cela ?,Where do you have to do that?
Tom a agi comme un saint.,Tom acted like a saint.
Je croyais que Tom était de Boston.,I thought Tom was from Boston.
Je suis contente que ça vous rende heureuse.,I'm glad that makes you happy.
C'est la recette de ma mère.,This is my mother's recipe.
Il faut que je m'absente un peu.,I've got to get away for a while.
Tu aurais dû dire non tout de suite.,You should have said no right away.
Cet endroit n'a pas beaucoup changé.,This place hasn't changed much.
Il me faut davantage de lumière.,I need more light.
Il était droit debout.,He stood in an upright position.
Êtes-vous sûrs que c'est nécessaire ?,Are you sure that's necessary?
Il est instantanément tombé amoureux d'elle.,He instantly fell in love with her.
Je me suis habitué à la chaleur.,I've become accustomed to the heat.
Sa plaisanterie est tombée à plat.,Her joke fell flat.
J'adore les pommes.,I love apples.
Est-ce de l'eau potable ?,Is this drinking water?
Les grandes chaleurs de l'été sont enfin là.,The dog days of summer have finally arrived.
Le café fut introduit en Europe depuis l'Arabie.,Coffee was introduced into Europe from Arabia.
Des choses étranges commencèrent à se produire.,Strange stuff started happening.
J'étais sur le chemin du travail.,I was on my way to work.
Est-ce que tu aimes les gaufres ?,Do you like waffles?
Je fais ça ce matin.,I'm doing that this morning.
Je n'en sais absolument rien.,I know absolutely nothing about that.
Ils relâchèrent le prisonnier.,They released the prisoner.
Je m'occuperai de ce problème plus tard.,I'll deal with this problem later.
J'ai dû y faire face seule.,I had to face this alone.
Cela fait deux ans qu'elle m'a quitté.,It's been two years since she left me.
Est-ce trop demander ?,Is that so much to ask?
Quand le spectacle a-t-il pris fin ?,When did the show finish?
Il l'a nettoyée.,He cleaned it up.
Sami a aimé la vidéo.,Sami enjoyed the video.
"La maison est petite, mais jolie.",The house is small but beautiful.
Nous avons discuté de nombre de possibilités.,We discussed a number of options.
Essayons d’appeler Tom.,Let's try calling Tom.
Il a deux amis étrangers.,He has two friends who are foreigners.
Je me baigne dans les toilettes.,I bathe myself in the restroom.
Tu m'as arnaquée !,You tricked me!
Je vous suis reconnaissant de venir ici.,I appreciate you coming here.
"Elles n'en ont aucune idée, pas vrai ?","They don't have a clue, do they?"
Je me demandais quand tu serais revenue.,I was wondering when you'd be back.
Ziri est ivre.,Ziri is drunk.
Cette voiture doit être réparée.,This car needs repairing.
Ziri se sentait accompli.,Ziri felt accomplished.
Ta famille va bien ?,Is your family doing well?
Elle s'est enquise de ma mère.,She asked me about my mother.
Tout le monde peut le faire.,Anyone can do it.
Vous entrez à l'aéroport.,You're going into the airport.
Quelle chanson bizarre ...,What a weird song...
Ils ont déjeuné.,They had lunch.
C'est une invitée.,She is a guest.
Ne me laisse jamais seul avec Tom.,Don't ever leave me alone with Tom.
"Il essaie de s'enfuir, achevez-le.","He's trying to escape, finish him off."
Ce film est ennuyeux.,This movie is boring.
Notre budget est très limité.,Our budget is very limited.
Tom tabasse des gens.,Tom beats people up.
Arrives-tu à le faire plus vite ?,Can you do it faster?
De combien de fourchettes avez-vous besoin ?,How many forks do you need?
Soyez très heureuse.,Be very happy.
J'ai toujours eu pleine confiance en ton jugement.,I've always had complete confidence in your judgment.
Qui joue du piano ?,Who plays the piano?
Combien tu pèses ?,What do you weigh?
Il cueillit des fleurs pour elle.,He picked flowers for her.
La dépendance à la pornographie n’existe pas.,Porn addiction doesn't exist.
Est-ce que tu veux parler à quelqu'un ?,Do you want to talk to anyone?
Que Dieu vous bénisse !,God bless you!
Le chat est coincé dans l'arbre.,The cat is stuck in the tree.
Avez-vous compris la question ?,Did you understand the question?
Tom m'a demandé combien de guitares je possède.,Tom asked me how many guitars I own.
Il les a peints.,He painted them.
Elle est arrivée chez elle à sept heures.,She got home at seven.
Je suis heureuse que nous l'ayons fait.,I'm happy we did that.
Yanni boirait n'importe quoi.,Yanni would drink anything.
Je n'ai pas vraiment pensé que ça surviendrait.,I didn't really think it would happen.
Veuillez me montrer un autre appareil photo.,Please show me another camera.
Mon ami parle beaucoup.,My friend is a talkative person.
Tom a dit que nous vous trouverions ici.,Tom said we'd find you here.
Bienvenue dans l'Ouest sauvage.,Welcome to the Wild West.
Le mari de Marie est rouquin.,Mary's husband is a redhead.
Il rit de moi.,He laughed at me.
"Tu conduis pas le métro, hein ?","You don't drive the subway, eh?"
As-tu écrit de nouvelles chansons ?,Have you written any new songs?
Ils m'ont fait attendre une heure.,They kept me waiting for an hour.
Que penses-tu de cette tenue ?,What do you think about this outfit?
"Vous me manquerez, aussi.",I'll miss you too.
Je suis une personne très prudente.,I'm a very careful person.
Tom n'est encore qu'un enfant.,Tom is still just a kid.
Cette cuisine est très fonctionnelle.,This kitchen is very functional.
J'ai regonflé le pneu.,I pumped up the tire.
Nous devons résister de toutes nos forces.,We have to resist with all our might.
Fred a tapé dans la balle.,Fred kicked a ball.
Je me marie dimanche prochain.,I'm getting married next Sunday.
Comment les gens peuvent-ils être aussi cruels ?,How can people be so cruel?
Les mathématiques me sont difficiles.,Mathematics is difficult for me.
J'ai été remué.,I was shaken.
Je parle fort.,I speak loudly.
J'ai un gros nez.,I have a big nose.
J'ai vu Tom se tenir là-bas.,I saw Tom standing there.
Faites de votre mieux et amusez-vous bien.,Do your best and have fun.
Billie Holiday avait une voix naturelle et rauque.,"Billie Holiday had an earthy, gravelly voice."
C'est une poupée qu'elle a fabriquée elle-même.,This is a doll which she made herself.
Cela nous infligera des dommages.,It will do harm to us.
Je dois parler à un avocat.,I need to talk to a lawyer.
Es-tu satisfaite de ton poids ?,Are you happy with your weight?
Tom regarda Marie et rougit.,Tom looked at Mary and blushed.
Puis-je vous voir un moment ?,Can I see you a moment?
Y a-t-il un magasin ici ?,Is there a shop here?
À qui allez-vous envoyer cela ?,Who are you going to send that to?
Il est fatigué d'attendre.,He's tired of waiting.
Combien de temps êtes-vous restée à Boston ?,How long did you stay in Boston?
Tom parle le français avec fluidité.,Tom speaks French fluently.
Tu es fabuleux.,You are fabulous.
Ma sœur est tellement pénible !,My sister is so annoying.
Ces objets sont très utiles.,These objects are very useful.
C'est un piège !,It's a trap!
La police a mené un raid au motel.,The police raided the motel.
Nous étions choquées.,We were shocked.
Elle l'amena au magasin.,She took him to the store.
Elle veut parler.,She wants to speak.
Il étudie la littérature contemporaine.,He studies contemporary literature.
Vous êtes celle qui a planté cet arbre.,You're the one who planted that tree.
Il ne peut plus utiliser de pistolets.,He can't use a gun again.
Tu nous quittes déjà ?,You're already abandoning us?
"Attention, le thé est brûlant.","Careful, the tea is piping hot."
La cuisine sent bon.,The cooking smells good.
S'en est-elle allée ?,Is she gone?
Tom sait parler anglais comme un natif.,Tom can speak English like a native.
"À vous entendre, vous n'êtes pas complètement convaincu.",You don't sound entirely convinced.
Comment savez-vous qu'il s'agit de vrais diamants ?,How do you know those are real diamonds?
Je suis le Tout-Puissant.,I am the Almighty.
Êtes-vous fatigués ?,Are you tired?
Il s'en est bien sorti pour un débutant.,He did well for a beginner.
"Le plein, s'il vous plait.","Fill it up, please."
Il s'entend bien avec son cousin.,He is getting on with his cousin.
Je pouvais voir que Tom souriait.,I could see that Tom was grinning.
Vous devez apprendre à être attentive.,You've got to learn to be careful.
Tom est déterminé à perdre du poids.,Tom is determined to lose weight.
Je voulais te le dire.,I wanted to tell you.
Nous n'avons plus de crème.,We have run out of cream.
Je ne savais pas cela à cette époque.,I didn't know that at the time.
Vous êtes une enfant talentueuse.,You're a talented kid.
La voici !,There it is!
Il était coupable de meurtre.,He was guilty of murder.
Avez-vous regardé ces brochures ?,Have you looked at these brochures?
Merci pour le repas.,Thanks for the meal.
J'ai renversé du café sur mon pantalon.,I spilled coffee on my pants.
Tom sait que Marie a à faire ça.,Tom knows Mary has to do that.
Tu es aussi est-asiatique ?,Are you East Asian too?
Il me faut une seconde chance.,I need a second chance.
Vous êtes une chanteuse épouvantable.,You're a horrible singer.
Tom va venir chez moi ce soir.,Tom is going to visit me tonight.
Tom est un artiste.,Tom is an artist.
Comment s'est passée votre réunion ?,How was your meeting?
Je cherche mon chien.,I'm looking for my dog.
Pourquoi n'y allons-nous pas tous ?,Why don't we all go?
Que veux-tu que je dise à Tom ?,What do you want me to tell Tom?
Nous avons passé de merveilleuses vacances.,We had a wonderful holiday.
Nous partons le onze juin.,We are leaving on the eleventh of June.
Je ne savais pas que Tom dormait.,I didn't know Tom was sleeping.
Mon travail est monotone.,My work is monotonous.
Les entreprises abusives sont évitées par les travailleurs.,Exploitative companies are avoided by the workforce.
Tom et Mary ont tenté de tuer John.,Tom and Mary attempted to murder John.
Glorifie la mer mais reste sur terre.,"Glorify the ocean, but stay on the ground."
Des invités vinrent vers nous.,Guests came to us.
Nous vîmes monsieur Sato sortir de la chambre.,We saw Mr Sato leave the room.
Quel est votre réel objectif ?,What's your real purpose?
Tu dois leur dire la vérité.,You must tell them the truth.
Il ne faut pas te faire de souci.,You don't have to worry.
Je sais qui est le voleur.,I know who the thief is.
Ton chat est noir.,Your cat is black.
Elle est dépourvue de manières.,She has no manners.
Comment vous êtes-vous intéressée à l'art ?,How did you get interested in art?
Vous êtes toutes licenciées.,You're all fired.
Choisis ton arme.,Choose your weapon.
"Pouvez-vous fermer les fenêtres, s'il vous plaît ?","Can you close the windows, please?"
Sors la main de ta poche !,Take your hand out of your pocket.
J'ai la tuberculose.,I've got tuberculosis.
Je veux du savon.,I want soap.
J'ai déjà présenté mes excuses pour ça.,I've already apologized for that.
C'était la première fois pour moi aussi.,"It was my first time, too."
"Viens, Emilia ! Ton père t'attend.","Come, Emilia! Your father is waiting for you."
La Chine gagnera.,China will win.
La Suède s'appelle « Sverige » en suédois.,"Sweden is called ""Sverige"" in Swedish."
Je vois comment vous l'avez fait.,I see how you did that.
Je sais que j'aurais dû le faire.,I know I should've done that.
Nous ne volons pas.,We don't fly.
Croyez-vous en la vie après la mort ?,Do you believe in life after death?
Mettez le gosse au lit !,Get the kid to bed.
Bienvenue sur ma chaîne.,Welcome to my channel.
Ma vie était un champ de ruines.,My life was a wreck.
Avez-vous un vélo ?,Do you have a bicycle?
Cela vous satisfait-il ?,Does that satisfy you?
Je te défie de critiquer le sionisme.,I dare you to criticize Zionism.
Elle ne s'est pas montrée.,She didn't show up.
Vive la France.,Long live France.
Fumer est mauvais pour la santé.,Smoking is bad for the health.
Cette voiture appartient à Tom.,That car belongs to Tom.
L'avenir est une suite de quotidiens.,The future is a succession of daily moments.
Il nous a fait faire le travail.,He made us do the work.
Elle nous aida avec plaisir.,She helped us with pleasure.
Il resta là pendant un moment.,He stayed there for a moment.
Il roule sans permis.,He drives without a licence.
Elle a fait un pari avec lui.,She made a bet with him.
Watanabe est mon nom de famille.,Watanabe is my family name.
Il n’arrive pas à y croire.,He can't believe it.
Ne perdez pas de temps !,Don't waste time!
Sami n'aimait pas vraiment cette fille.,Sami didn't really like that girl.
Elle aime le chanteur.,She likes the singer.
Mary portait une robe rouge et blanche.,Mary was wearing a red and white dress.
N'as-tu jamais embrassé une fille ?,Haven't you ever kissed a girl?
Je n'ai pas assez mangé.,I didn't eat enough.
La peau est rugueuse.,The skin is rough.
Vous aurez à payer.,You'll have to pay.
Je suis un bon professeur.,I'm a good teacher.
Exprime-toi en français.,Express yourself in French.
Je suis étudiante en biologie.,I'm a biology student.
Êtes-vous celle qui m'a sauvée ?,Are you the one who saved me?
Je me suis énervé.,I became angry.
Où crois-tu que tu vas ?,Where do you think you're going?
La cicatrice sur son front est bien visible.,The scar on his forehead is conspicuous.
Elle mérite la prison.,She deserves prison.
Utilise ton cerveau.,Use your brain.
Il n'a rien à perdre.,He has nothing to lose.
Dan va nager quotidiennement.,Dan goes swimming every day.
Il ne me reste pas beaucoup de temps.,I don't have much longer.
Fais comme si je t'aimais.,Only make believe I love you.
Tu es fatiguée.,You are tired.
On est enfin seuls.,We're finally alone.
Je ne vous aime pas.,I dislike you.
Êtes-vous drogués ?,Are you on dope?
Arrête de parler de Tom.,Stop talking about Tom.
Ma mère est furieuse.,My mother is angry.
"Il ne m'a rien dit, je le jure.","He told me nothing, I swear."
J'aimerais vous rejoindre.,I'd like to join you.
Conduis-toi en homme !,Act like a man.
La police t'attrapera tôt ou tard.,The police are going to catch you eventually.
"S'il te plaît, aide-moi à ouvrir cette porte.",Please help me open this door.
"Cet été, je vais à Paris.","This summer, I'm going to Paris."
Tu ferais mieux de consulter un docteur.,You'd better see a doctor.
La défaite l'a complètement abattu.,The defeat completely crushed him.
Je n'aime pas les coquillages.,I don't like shellfish.
La nouvelle m'a secoué.,The news shook me.
J'aimerais que tu sois avec moi.,I wish you were with me.
Je voudrais du café.,I want coffee.
Je veux apprendre à chanter comme vous.,I want to learn to sing like you.
Je voudrais être remboursé.,I would like to be reimbursed.
La maison est vide.,The house is empty.
Sais-tu de quoi tout ça retourne ?,Do you know what this is all about?
Je veux cette information aussi tôt que possible.,I want that information as soon as possible.
Le petit garçon était aux anges.,The little boy was ecstatic.
Le garçon est en pleine forme !,The boy's as fit as a fiddle!
Ceci est une belle maison.,This is a beautiful house.
Le pirate avait une jambe de bois.,The pirate had a wooden leg.
Est-ce que tu parles latin ?,Do you speak Latin?
J'étais en retard.,I was late.
Je petit-déjeune à sept heures.,I have breakfast at seven.
J'ai complètement changé la phrase.,I changed the sentence completely.
Sami semblait vulgaire.,Sami looked trashy.
Avez-vous un fils ?,Do you have a son?
"Quoi que nous possédions, nous pouvons le perdre.","Anything we have, we can lose."
Tom a un sens aigu des responsabilités.,Tom has a strong sense of responsibility.
Je l'appelle tout de suite.,I'm calling him right now.
Il m'a mis la main sur l'épaule.,He put his hand on my shoulder.
Pouvez-vous croire à ce qu'il a dit ?,Can you believe what he said?
Tom ne pense qu'à Marie.,Tom only thinks about Mary.
Je suppose que tu auras besoin d'aide.,I guess you'll need some help.
Cela vaut mieux que l'autre option.,It's better than the alternative.
Est-ce sérieux ?,Is this serious?
Tom a ouvert la porte du four.,Tom opened the oven door.
Elles disposent d'assez d'argent.,They have enough money.
C’est très touchant.,That's very touching.
Sortez d'ici et vite.,"Get out of here, and quickly."
J'ai levé les yeux au ciel.,I looked up to the sky.
Ayez foi en Dieu.,Have faith in God.
Pourquoi parlent-ils en berbère ?,Why are they speaking in Tamazight?
Nous ne pouvons pas faire sans eau.,We cannot do without water.
C'est mon truc.,That's right up my alley.
Il n'est pas aussi jeune qu'il le paraît.,He is not as young as he looks.
Le paysage devant moi était vraiment magnifique.,The scene before me was very beautiful.
Tom a tout fait pour nous.,Tom did everything for us.
Il donna brièvement ses raisons.,He gave his reasons in brief.
Les cours commencent la semaine prochaine.,Classes begin next week.
Ne mets rien dans le sac.,Don't put anything in the bag.
Je t'ai cherchée.,I looked for you.
Mon frère est fort en mathématiques.,My brother is good at mathematics.
J'aime ta façon de parler.,I like the way you speak.
Il me faut un chapeau.,I need a hat.
Est-ce que tes parents t’écoutent ?,Do your parents listen to you?
C'est trop tard pour eux.,It's too late for them.
Je ne peux pas réparer le siège.,I can't fix the seat.
Un éclat de rire général s’éleva.,Everyone started laughing.
Nous ne le dirons à personne.,We won't tell anyone.
Beaucoup de gens font ça.,A lot of people do that.
Elles sont arrivées là-bas avant lui.,They arrived there before him.
Sa lettre est pleine d'erreurs d'orthographe.,His letter is full of spelling mistakes.
Tu dois tout abandonner.,You have to leave everything.
Elle tricote un pull.,She is knitting a sweater.
Attachez la corde à l'arbre !,Fasten the rope to the tree.
J'ai pensé que tu aurais peut-être une idée.,I thought maybe you'd have an idea.
Son point de vue est étroit.,Her viewpoint is limited.
Ça tient toujours pour demain soir ?,Are we still on for tomorrow night?
Elles ne vous diront pas la vérité.,They won't tell you the truth.
Ai-je l'air correct ?,Do I look okay?
J'ai une voiture mais je l'utilise rarement.,"I have a car, but seldom use it."
Va à l'école ! Paresseux.,Go to school! You lazy bastard.
Mon nom est Edgar Degas.,My name is Edgar Degas.
Nous ne sommes pas des saints.,We're not saints.
Ziri s'est remis du cancer.,Ziri recovered from cancer.
C'est le cadeau de Noël de Tom.,It's Tom's Christmas present.
C'est une personne très intéressante.,She's a very interesting person.
Ne dis pas n'importe quoi.,Don't talk rubbish.
Ce vin chenu est excellent.,This vintage wine is excellent.
Tom devrait mettre à profit cette opportunité.,Tom should take advantage of this opportunity.
Nous ne pouvons pas les aider.,We can't help them.
Pourquoi êtes-vous venu en Corée ?,Why did you come to Korea?
Je suis dépourvu d'assurance.,I have no insurance.
Elles veulent que j'organise une fête.,They want me to organize the party.
Je suis toujours ton ami.,I'm still your friend.
Le voleur se cogna l'orteil contre la porte.,The thief stubbed his toe on the door.
Tom travaille à Boston.,Tom works in Boston.
Le ciel promet du beau temps.,The sky gives promise of fine weather.
Avez-vous fait tous vos devoirs ?,Have you done all your homework?
Combien de pays traverse l’Euphrate ?,How many countries does the Euphrates river cross?
Ces filles portent-elles des jupes blanches ?,Do those girls wear white skirts?
Je déteste faire ce genre de trucs.,I hate doing this kind of stuff.
Parlez-vous toujours grec avec votre femme ?,Do you always speak Greek with your wife?
Je pense que cette traduction n'est pas correcte.,I think this translation isn't correct.
Te sens-tu seul ?,Are you lonely?
Cela vous offense-t-il ?,Does it offend you?
Il est vraiment nul en maths.,He is terrible at math.
J'aimerais revenir la semaine prochaine.,I'd love to come back next week.
Les fleurs éclosent au printemps.,The flowers bloom in the spring.
Il va se passer quelque chose de grave.,Something bad is about to happen.
Ma caméra peut prendre des vidéos haute-définition.,My camera can shoot high-definition video.
"Si vous mangez ça, vous mourrez.","If you eat that, you'll die."
Où puis-je voir un match de football ?,Where can I see a football game?
C'est calme. Trop calme.,It's quiet. Too quiet.
Elle tricote une écharpe.,She is knitting a scarf.
Maria naquit aveugle.,Mary was born blind.
Êtes-vous absolument certaine de cela ?,Are you absolutely sure of that?
Vous devez me laisser gérer ceci.,You must let me handle this.
Il regarde votre belle poule.,He looks at your beautiful hen.
Es-tu contre le recyclage ?,Are you against recycling?
Cette chose est à toi ?,Is that thing yours?
Ils ne sauront jamais que nous sommes là.,They'll never know we're here.
Elle perdit lentement espoir.,She slowly lost hope.
Marie a passé son enfance en Afrique.,Mary spent her childhood in Africa.
J'ai un enfant.,I have one child.
Voilà ma bite.,This is my dick.
Je suis né il y a quarante ans.,I was born twoscore years ago.
De quoi veux-tu parler ?,What do you want to talk about?
Comment tu t'es fait ces croûtes ?,How did you get those scabs?
Tu manges du pain.,You eat bread.
Nettoie la fenêtre.,Clean the window.
Prêtez-lui autant d'argent qu'il en a besoin.,Lend him as much money as he needs.
"Vous, vous ne m'avez pas tout conté.",You didn't tell me everything.
Nous fîmes l'acquisition d'une table ronde.,We bought a round table.
Faisons un pacte.,Let's make a pact.
Sa chemise était tachée de sauce.,His shirt was stained with sauce.
Tu me les as rendues ?,Did you give them back to me?
Est-ce là sérieusement ce que vous pensez ?,Is that seriously what you think?
Tu as séché trop de cours.,You've skipped too many classes.
Les moutons paissaient paisiblement dans le pré.,The sheep grazed peacefully in the meadow.
"Quoi qu'il advienne, je ne changerai pas d'avis.","Come what may, I won't change my mind."
Je ne suis pas facilement offensé.,I'm not easily offended.
Le corbeau s'est envolé.,The crow flew away.
Le groupe était trop grand.,The group was too large.
C'est quelque chose de nouveau ?,Is that something new?
Stefan adorait faire des blagues au téléphone.,Stefan loved doing prank calls.
Il se trouve que c'est la vérité.,That happens to be the truth.
Je ne suis pas libre tout de suite.,I'm not available right now.
Dis-leur qu'il nous faut une ambulance.,Tell them we need an ambulance.
Tom bouge rapidement.,Tom moves quickly.
Respirez profondément !,Take a deep breath!
Je tiendrai ma promesse.,I'll keep my promise.
Il vit là ce dont il avait rêvé.,He saw there what he had dreamed about.
Il est vital que vous soyez présents.,It is vital that you be present.
Je dois les atteindre.,I've got to get to them.
Nous le vîmes à peine.,We barely saw it.
Tu devrais essayer de le voir.,You should try to see it.
Je lui donnerai un coup de fil.,I'll give him a bell.
Ziri a deviné juste.,Ziri guessed right.
J'ai choisi de vous croire.,I choose to believe you.
Il y a beaucoup à faire chaque jour.,There is a lot to do every day.
Le poivre est une épice.,Pepper is a spice.
La famille réside dans une yourte.,The family lives in a yurt.
J'ai essayé de la remonter.,I tried to cheer her up.
Je préférerais me promener.,I'd rather go for a walk.
Je n'ai pas dormi de toute la nuit.,I didn't sleep all night.
Noël tombe un dimanche cette année.,Christmas falls on Sunday this year.
Quelqu'un a-t-il un chargeur pour iPhone ?,Does anyone have a charger for an iPhone?
Je meurs de soif !,I'm dying of thirst!
Avez-vous assez de temps pour faire cela ?,Do you have enough time to do that?
Nous avons passé trois semaines à Islamabad.,We spent three weeks in Islamabad.
"Au début, les choses étaient très déroutantes.","At first, things were very confusing."
Qu'est-ce qui t'a pris ?,What's come over you?
Serais-tu davantage contenté si je restais ?,Would you be happier if I stayed?
Nous n'attraperons jamais Tom.,We'll never catch Tom.
Je viens juste de signer le contrat.,I just signed the contract.
"La guerre, c'est mal.",War is bad.
Tu as l'air resplendissante.,You look fabulous.
Nous sommes toujours méprisés.,We are always scorned.
Dis-moi ce que t'en sais.,Tell me what you know about it.
J'ai songé que je pourrais vous trouver ici.,I figured I might find you here.
Comment as-tu répondu à Tom ?,How did you answer Tom?
Ziri a frappé Rima.,Ziri hit Rima.
Marie a été arrêtée pour vol à l'étalage.,Mary was arrested for shoplifting.
Mange toute ton assiette.,Eat everything on your plate.
Il devint adulte.,He became an adult.
La fête a eu lieu le vingt-deux mai.,The party was held on May 22nd.
Tu es née où ?,Where were you born?
Je n'ai pas réalisé que tu étais éveillé.,I didn't realize you were awake.
J'en serai toujours capable ?,Will I still be able to do it?
Tom a-t-il laissé un message ?,Did Tom leave a message?
Voici l'argent que je te dois.,Here's the money I owe you.
Je n'ai rien bougé.,I didn't move a thing.
Ne vous l'avais-je pas dit ?,Didn't I tell you so?
Cela ne te suffit pas ?,Isn't it enough for you?
Skura est une activiste de genre.,Skura is a gender activist.
Elle veut étendre la zone non-fumeurs.,She wants to extend the no-smoking area.
Reviens à toi !,Snap out of it!
Tom n'avait pas très faim.,Tom wasn't very hungry.
Le processus est complètement automatisé.,The process is totally automated.
Il était en train d'écrire une lettre.,He had been writing a letter.
Il brassait de la bière.,He brewed beer.
Tom trouva une vieille carte.,Tom found an old map.
Prends les vêtements et va les laver.,Take the clothes and go wash them.
L'as-tu invité ?,Did you invite him?
Tom ne vit pas encore à Boston.,Tom doesn't live in Boston yet.
Elles continuent à appeler.,They are continuing to call.
"Le problème, ce n'est pas moi.",I'm not the problem.
Je n'urine pas beaucoup.,I do not urinate much.
Je me mis sur la pointe des pieds.,I stood on my tiptoes.
Mes enfants sont adultes maintenant.,My children are adults now.
Je me suis assise près d'elle.,I sat down next to her.
Je vous l’avais dit.,I told you.
Tom a eu une augmentation de salaire.,Tom got a raise.
Tom ne veut pas décourager Marie.,Tom doesn't want to discourage Mary.
J'ai honte d'avoir fait cela.,I'm ashamed that I did that.
Tom prit un des sandwiches.,Tom took one of the sandwiches.
Nous avons toutes chanté à l'unisson.,We all sang in unison.
Quelque chose vient de me traverser l'esprit.,Something just occurred to me.
"Nous ne voulons pas cela, n'est-ce pas ?","We don't want that, do we?"
Nous regardons tout le temps la télévision.,We watch telly all the time.
Quel est votre bien le plus précieux ?,What's your most valuable possession?
Le fantôme n'a pas de tête.,The ghost has no head.
"Aidez Tom, s'il vous plaît.",Please help Tom.
Ce livre va sur l'étagère supérieure.,This book goes on the top shelf.
Je serai dans le grenier.,I'll be in the attic.
Il n'a pas la capacité d'être président.,He doesn't have the capacity to be president.
Je n'aime pas dire du mal des autres.,I don't like to speak ill of others.
Je ne vais pas me mouiller.,I’m not getting wet.
C'est mal de tricher aux jeux de cartes.,It is wrong to cheat at cards.
La guerre civile est le règne du crime.,Civil war is the reign of crime.
Est-ce que je peux monter avec toi ?,Can I ride with you?
J'ai vu une lumière lointaine.,I saw a light far away.
Ça commence à avoir de la gueule.,It is starting to look pretty cool.
Elles vont faire des emplettes.,They go shopping.
Le chauffeur du bus était ivre.,The bus driver was drunk.
Tom a un autre chien.,Tom has another dog.
Je voulais rentrer chez moi.,I wanted to go home.
Je déteste voir sa photo.,I dislike seeing her picture.
Tu as une voiture.,You have a car.
Il n'a pas pu le réparer.,He couldn't mend it.
Je suis content que tu sois venu aujourd'hui.,I'm glad you came today.
Je suis maintenant habituée au port du masque.,I'm now used to wearing a mask.
As-tu autre chose à ajouter ?,Do you have anything else to add?
C'est une personnalité mondaine.,She's a socialite.
Nous sommes enfin là.,We're finally here.
Je ne dois rien à personne.,I don't owe anyone anything.
Un homme sage tire profit de ses erreurs.,A wise man profits from his mistakes.
Tom va toujours à Boston pour Noël.,Tom always goes to Boston for Christmas.
Fais un tonneau.,Do a barrel roll.
Me ferez-vous savoir quand il viendra ?,Will you let me know when he comes?
Nous avons commandé des nouveaux livres de l'étranger.,We ordered some new books from abroad.
Tu ne m'as pas encore dit ton nom.,You haven't told me your name yet.
C'est le stylo que j'ai perdu hier.,This is the pen that I lost yesterday.
J'ai trouvé la clé.,I've found the key.
Certains professeurs épluchent des patates en enseignant.,Some teachers peel potatoes while teaching.
"Perso, je pense que c'est un bobard.","Personally, I think this is a lie."
Tom et Mary ont découvert quelque chose d'incroyable.,Tom and Mary discovered something amazing.
Tom a congédié sa secrétaire.,Tom fired his secretary.
Donne-lui une chance.,Give her a chance.
Tu laisseras un message ?,Will you leave a message?
Te rappelles-tu m'avoir vu auparavant ?,Do you remember seeing me before?
Donne-moi ce balai.,Hand me that broom.
Ça s'est déjà vu.,It's not unheard of.
J'aimerais améliorer ma prononciation de l'anglais.,I would like to improve my English pronunciation.
Il n'a pas fermé l'œil.,He did not sleep a wink.
Mary a de longs cheveux brillants.,"Mary has long, shiny hair."
Ils n'avaient plus de provisions de bouffe.,Their supply of grub was gone.
Comment êtes-vous devenues si bonnes en français ?,How did you get so good at French?
Vous n'êtes pas sérieux !,You cannot be serious!
Tu nages au Québec.,You swim in Québec.
Est-ce que tu m'évites ?,Are you avoiding me?
C'est difficilement envisageable.,That's hardly an option.
Tom a promis qu'il ne referait plus cela.,Tom has promised he won't do that anymore.
Tom ne mentait jamais.,Tom never lied.
Quel âge a ta femme ?,How old is your wife?
Mon fils adore lire des B.D. d’aventure.,My son loves reading adventure comics.
Le pouvoir et l'argent sont inséparables.,Power and money are inseparable.
Pourquoi ne pas vous ranger ?,Why don't you pull over?
"Oui, et donc ?","Yeah, so what?"
Elle s'intéresse aux prophéties mayas antiques.,She's interested in ancient Mayan prophecies.
Tom est sous le choc.,Tom looks shocked.
Elle est nègre littéraire.,She's a ghost writer.
Elles m'ont dit qu'elles partiraient demain.,They told me they're leaving tomorrow.
Est-il arrivé ?,Has he arrived?
"Reculez, s'il vous plaît.","Step back, please."
Je respirais contre le miroir.,I blew my breath against the mirror.
On l'a appelé Horatio comme son oncle.,He was named Horatio after his uncle.
Vous êtes mon roi.,You are my king.
Espérons que Tom puisse réparer ça.,Let's hope Tom can fix this.
Je reviendrai bientôt.,I'll be back before long.
Montre-moi du respect !,Show me some respect.
Je pensais que tu avais tout calculé.,I thought you had it all figured out.
Je vais être malade.,I'm going to be sick.
Ils étaient mécontents de sa décision.,They were angered at his decision.
Nous sommes là pour de bon.,We're here for good.
Aujourd'hui est le dernier jour de janvier.,Today is the last day of January.
Une autre guerre et nous serons tous morts.,"Another war, and we all will be killed."
Elle mangea des tomates.,She ate tomatoes.
Je suis toujours furieux après elle.,I'm still mad at her.
Nous regardons la télévision chaque jour.,We watch TV every day.
Je saigne du nez.,My nose is bleeding.
Es-tu toujours marié ?,Are you still married?
Leur maison est très moderne.,Their house is very modern.
Tout le monde parle de toi.,Everyone's talking about you.
Êtes-vous sûre de ne pas être fatiguée ?,Are you sure you're not tired?
Aviez-vous besoin d'autre chose ?,Did you need something else?
As-tu assez de temps pour faire ça ?,Do you have enough time to do that?
Comment apprenez-vous les langues étrangères ?,How do you learn foreign languages?
La psychologie se penche sur les émotions humaines.,Psychology deals with human emotions.
Je craignais de prendre froid.,I was afraid of catching a cold.
Je m'appelle Tom. Et toi ?,My name's Tom. What's yours?
Rappelle-toi que tu peux y arriver.,Remind yourself that you can do this.
L'appartement est en feu.,The apartment is in flames.
Trouver une solution optimale n'est pas facile.,Finding an optimal solution isn't trivial.
Elle a été baptisée Marie.,She was baptized Mary.
Vous ont-ils blessé ?,Did they hurt you?
Tom avait peur de Mary.,Tom was scared of Mary.
Nous avons tout vu.,We saw everything.
J'attendrai jusqu'à demain soir.,I'll wait until tomorrow night.
J'ai déjà commandé.,I already ordered.
Il s'est arrangé pour s'échapper par la fenêtre.,He managed to escape through a window.
J'ai acheté neuf fleurs.,I bought nine flowers.
Tom est de retour.,Tom is back.
Est-ce que tu peux faire ça aujourd'hui ?,Can you do that today?
Tom adore être dehors.,Tom loves being outdoors.
Ma femme a téléphoné ?,Did my wife ring?
Le seul compagnon de Sami était son chien.,Sami's only companion was his dog.
"Adieu, l'ami !","Farewell, my friend!"
C'est un nom idiot.,That's a stupid name.
Tom est hyperémotif.,Tom is overemotional.
Vous êtes venu trop tôt.,You've come too early.
La conduite d'égout est bouchée.,The sewage pipe is obstructed.
Je ne suis pas jaloux de Tom.,I'm not jealous of Tom.
Les mots ne peuvent le décrire.,Words can't describe it.
Vous devriez déjà être rentrées chez vous.,You should've gone home already.
J'ai été en retard en cours.,I was late for class.
Elle pense tout le temps à lui.,She thinks about him all the time.
Quelle collection !,What a collection!
Est-ce que tu veux y aller maintenant ?,Do you want to go there now?
Tom avait l'air blessé.,Tom seemed hurt.
C'est une mission perdue d'avance.,This is a fool's errand.
Personne ne les écoute.,No one is listening to them.
"Comment est-ce, vivre dans ton pays ?",What is it like living in your country?
Tom ne semble s'inquiéter de rien.,Tom doesn't seem to be concerned about anything.
"En fait, nous nous sommes déjà rencontrés.","Actually, we've already met."
As-tu fait cela auparavant ?,Have you done this before?
Il va venir chez moi ce soir.,He is to come to my house tonight.
Il fait le commerce de meubles.,He deals in furniture.
Jouons à un autre jeu.,Let's play another game.
Je veux que vous me disiez la vérité.,I want the truth from you.
Je pense voir le problème.,I think I see the problem.
Vous ne serez pas prête.,You will not be ready.
"Patientez dans la file, s’il vous plaît.","Wait in the queue, please."
Ce n'est pas exagéré.,That's no exaggeration.
"Je ne l'aime pas, un point c'est tout.",I just don't like it.
Nous sommes toutes armées.,We're all armed.
Ils viennent de la même ville.,They come from the same town.
Pourquoi personne ne t'a parlé de ça ?,Why hasn't anyone told you about this?
Combien cela fait-il au total ?,How much is that all together?
Il n'a pas été jaloux.,He wasn't jealous.
Le français est intéressant.,French is interesting.
On n'y arrivera jamais à ce rythme.,We'll never make it at this rate.
Il faudrait te raser.,You need to shave.
Videz l'eau hors du seau.,Empty the water out of the bucket.
Quelle était la cause de l'accident?,What caused the accident?
Elles ont des projets.,They have plans.
Tom a l'air consterné.,Tom looks appalled.
Il a fui en France.,He ran away to France.
Toi et moi avons quelque chose en commun.,You and I have something in common.
La formule chimique de l'eau est H₂O.,The chemical formula for water is H₂O.
Vous devriez arrêter de fumer.,You should quit smoking.
Sa question l'a prise au dépourvu.,His question took her by surprise.
"Tom est encore célibataire, n'est-ce pas ?","Tom is still single, isn't he?"
La pratique rend parfait.,Practice makes perfect.
Tu viens juste de le voir.,You've just seen him.
Il part pour Tokyo demain.,He leaves for Tokyo tomorrow.
Les nouilles ont été inventées en Chine.,Noodles were invented in China.
Comment votre week-end se déroule-t-il jusqu'à présent ?,How is your weekend going so far?
"Non, je ne chante pas.","No, I'm not singing."
Donne-moi ta version des événements.,Tell me your version of the events.
C'est toi qui as cherché la bagarre.,You're the one who picked the fight.
Tu vas encore être en retard.,You're going to be late again.
J'apprécie vraiment tout ton labeur.,I really do appreciate all your hard work.
Vous venez de le rater.,You just missed it.
Il nous aidera.,He'll help us.
Quand sortira son nouveau roman ?,When will his new novel come out?
J'aimerais avoir plus confiance en moi.,I want to have more confidence.
Elle a une imagination fertile.,She has a fertile imagination.
On exprime la culture avec la langue.,Culture is expressed through language.
Elle s'est rasée la tête.,She shaved her head.
Elle est en vadrouille pour le week-end.,She's away for the weekend.
Je ne voulais pas aller nager.,I didn't want to go swimming.
Je ne savais pas que tu fumais.,I didn't know you smoked.
Que penses-tu d'eux ?,What do you think of them?
Je ne suis pas heureux.,I am not happy.
J'ai une livraison à votre intention.,I have a delivery for you.
Tu me suis.,You follow me.
Souris ! Le week-end approche.,Smile! The weekend is almost here.
Dis-moi comment tu as résolu le problème.,Tell me how you solved the problem.
C'est une guerre sans nom.,It’s an unspeakable war.
Tu n'as pas aimé cet hôtel ?,You didn't like this hotel?
Combien de cartes de Noël avez-vous envoyées ?,How many Christmas cards did you send?
Tom joue de la basse dans notre groupe.,Tom plays bass guitar in our band.
Il ne s'est rien passé d’inattendu.,Nothing unexpected happened.
Est-ce que tout le monde s'amuse ?,Is everybody having a good time?
Rien de tel ne se produira plus.,Nothing like that will happen again.
J'ai des crampes aux jambes.,I have leg cramps.
Il faut que je te parle.,I've got to talk to you.
C'était la bonne chose à faire.,It was the right thing to do.
Comment avez-vous l'intention de réparer ça ?,How do you intend to fix this?
Ceci n'a aucun sens.,This doesn't make sense.
Ouvrons une bouteille de vin.,Let's open a bottle of wine.
"S'il vous plaît, donnez-moi une tasse de lait.",Please give me a cup of milk.
Je ne peux même pas y penser.,I can't even think about it.
Pourquoi as-tu traduit cette phrase ?,Why did you translate this sentence?
Apportez-moi une serviette humide.,Bring me a damp towel.
Vous voulez voir ma chambre ?,Do you want to see my bedroom?
Faites votre choix.,Make your choice.
Elles m'ont laissé m'en aller.,They let me go.
Reste là où tu te trouves. J'arrive.,Stay where you are. I'm on my way.
Je ne veux pas vous offenser.,I don't want to offend you.
Vos blagues me manquent.,I miss your jokes.
Son père est décédé la semaine dernière.,Her father passed away last week.
Jim aime le docteur.,Jim likes the doctor.
Elle remporta une médaille d'argent.,She won a silver medal.
Use-t-on de ces gestes aux USA ?,Are these gestures used in the USA?
Ils le tiennent secret.,They're keeping it under wraps.
Les jeunes d'aujourd'hui n'écoutent pas les adultes.,Young people today do not listen to adults.
Je ne vous ai pas entendus entrer.,I didn't hear you come in.
Sa valeur a triplé.,Its value trebled.
Elle a trait la vache.,She milked the cow.
Est-ce que je peux l'essayer ?,May I try it on?
Je ne veux pas faire ça.,I don't want to do that.
Que mangent les Français au petit-déjeuner ?,What do the French eat for breakfast?
Je suis paresseuse.,I am lazy.
Combien d'heures travailles-tu normalement ?,How many hours do you normally work?
Comment sais-je que tu tiendras ta promesse ?,How do I know you'll keep your word?
Je crève d'envie d'une boisson fraîche.,I'm dying for a cold drink.
Je n'y comprenais rien.,I couldn't make head or tail of it.
James a regretté d'avoir connu Amanda.,James regretted knowing Amanda.
La femme boit l'eau.,The woman drinks the water.
Tu peux venir avec moi.,You can come with me.
Tom aime le basket-ball.,Tom likes basketball.
J'ai une faible tolérance à la douleur.,I have a low tolerance for pain.
Il a des choses à faire.,He has some things he has to do.
Ce prix est raisonnable.,This price is reasonable.
C'est mon bureau.,This is my office.
Les livres étaient classés par ordre alphabétique.,The books were ordered alphabetically.
Les examens ADN ont montré qu'il était innocent.,DNA tests showed he was innocent.
N'avez-vous pas froid ?,Don't you feel cold?
Tom est dans sa chambre.,Tom is in his room.
On doit passer la frontière.,We need to cross the border.
Étais-tu occupé ?,Were you busy?
Mon fils sait lire l'heure.,My son can read a clock.
Tom va en Russie.,Tom is going to Russia.
Il m'a reproché de ne pas être venu.,He blamed me for not coming.
Je répondrai d'ici trois jours.,I will answer within three days.
C'est carrément dangereux.,That's downright dangerous.
Il y a du givre sur la route.,There is frost on the road.
Je considère cela comme de la discrimination raciale.,I consider that racial discrimination.
Je n'ai pas l'intention d'attendre plus longtemps.,I don't intend to wait any longer.
Que serait la vie sans espoir ?,What would life be without hope?
Tom ne parle plus à Marie.,Tom doesn't talk to Mary anymore.
Les éléphants sont menacés d'extinction.,Elephants are in danger of dying out.
Je dois faire quelque chose auparavant.,I've got to do something first.
Connaissez-vous cette personne ?,Do you know that person?
Nous tombâmes d'accord sur le projet.,We agreed to the plan.
Il y avait des témoins.,There were witnesses.
Poutine vous donnera une bonne leçon.,Putin will teach you a good lesson.
L'Italie est un très beau pays.,Italy is a very beautiful country.
Partageons les profits.,Let's split the profits.
Personne ne les a crus.,Nobody believed them.
Laissez-moi réessayer !,Let me try again.
Je n'ai pas la balle.,I don't have the ball.
Prends un marteau et des clous.,Get a hammer and nails.
Une grue est un grand et bel oiseau.,"A crane is a big, beautiful bird."
Je peux faire quelque chose pour t'aider ?,Can I do something to help you?
Vous êtes une femme séduisante.,You're a looker.
Qu'est-ce qui t'embête ?,What's bugging you?
Je vais faire sécher ton T-shirt.,I will dry your T-shirt.
Une foule immense attendait.,A huge crowd of people waited.
"Tiens bon, j'arrive !","Hold on, I'm coming!"
J'aime le miel.,I like honey.
Rester à la maison était ennuyant.,Staying at home was boring.
Pensez-vous jamais à ce type ?,Do you ever think about that guy?
Quel nom allez-vous donner au bébé ?,What will you name the baby?
Quelle connasse !,What a prick!
Tu n'as aucun moyen de vérifier ceci.,You have no way to verify it.
Mon ancien employeur était si méchant avec moi.,My former employer was so mean with me.
Tom avait l'air d'avoir le cœur brisé.,Tom looked like he was heartbroken.
Il est doué en anglais.,He speaks English well.
Je sais que j'ai raison.,I know that I'm right.
As-tu déjà lu le livre ?,Have you read the book already?
Mary est très attachée à la petite fille.,Mary is very attached to the little girl.
Qui ici comprend le français ?,Who here understands French?
J'ai trouvé quelques champignons.,I found some mushrooms.
Quel âge a votre père ?,How old is your father?
Rien ne pourrait plus nous faire plaisir.,Nothing could please us more.
"Aujourd'hui, c'est la Journée Internationale de l'Amitié.",Today is the International Day of Friendship.
Il la saisit fermement.,He gripped her tightly.
Jamais ne me suis-je senti aussi bien.,Never have I felt better.
Je dois l'aider. C'est mon ami.,I have to help him. He's my friend.
Veux-tu que je rentre à la maison ?,Do you want me to go home?
Elle a accepté mon idée.,She agreed to my idea.
J'ai un mal de dents terrible.,I have a terrible toothache.
Tu vas gagner aujourd'hui.,You're going to win today.
Ce chapeau est trop petit pour moi.,This hat is too small for me.
Dan a décidé de tout risquer.,Dan decided to risk it all.
Il était jaloux de sa femme.,He was jealous of his wife.
Nous deviendrons heureux sur le long terme.,We will become happy in the long run.
Il était vraiment bon marché.,It was really cheap.
Tu veux une pastille de menthe ?,Would you like a mint?
Il a fait semblant de ne rien savoir.,He pretended not to know anything.
Aviez-vous besoin de moi ?,Did you need me?
Les hérétiques furent brûlées vives.,The heretics were burned alive.
Elle admit que j'avais raison.,She admitted that I was right.
J'ai dû renoncer.,I had to resign.
La réunion a lieu le vendredi.,The meeting is taking place on Friday.
Il a porté son sac.,He carried her bag.
Tu es tellement gentille !,You're so sweet.
Les étoiles scintillaient dans le ciel.,Stars were twinkling in the sky.
Pourquoi n'étais-je pas au courant de cela ?,Why was I not aware of this?
"Vous avez fait cela intentionnellement, n'est-ce pas ?","You did that intentionally, didn't you?"
Cette femme a une forte personnalité.,That woman has a strong personality.
J'aime les noix.,I like walnuts.
J'effectue quelques changements.,I'm making some changes.
On a dû rentrer bredouille.,We had to go back empty-handed.
Tom n'avait pas l'air très bien.,Tom didn't look very well.
Je pensais que vous seriez heureuses.,I thought you'd be happy.
C'est mon professeur.,He is my teacher.
Tom est un très bon fermier.,Tom is a very good farmer.
Nous venons de finir de manger.,We've just finished eating.
Elle a foncé prendre une douche.,She grabbed a shower.
Pourquoi ne vous êtes-vous pas enfuies ?,Why didn't you run away?
Dites-moi quelque chose que j'ignore.,Tell me something that I don't know.
Il va faire chaud.,It'll be hot.
Le ver à soie tisse un fil.,The silkworm is spinning a thread.
Diego se cacha sous son lit superposé.,Diego hid underneath his bunk bed.
Demandez Tom. C'est un de mes bons amis.,Ask Tom. He's one of my good friends.
Il a déménagé à Istanbul avec sa femme.,He moved to Istanbul with his wife.
Mon magnétophone est compatible avec ton ampli.,My tape recorder is compatible with your amplifier.
Ils ont peur de lui.,They're afraid of him.
Tom aime les enfants de Marie.,Tom loves Mary's children.
Ma tante vient à Tokyo demain.,My aunt is coming to Tokyo tomorrow.
Ne les lui donne pas.,Don't give them to her.
Je n'ai vraiment pas envie de parler.,I really don't feel like talking.
Elles jouent dans le jardin.,They're playing in the garden.
La ville est assiégée.,The city is under siege.
Il semble être heureux.,He seems to be happy.
Y arrives-tu ?,Got the hang of it?
J'ai acheté un livre.,I bought a book.
Marie est une fille rebelle.,Mary is a rebellious girl.
Il paraissait que personne n'était dans les alentours.,No one appeared to be around.
Ne jetez pas des pierres !,Don't throw rocks!
Donc que servez-vous dans votre restaurant ?,"So, what do you serve at your restaurant?"
"Mais à quoi songiez-vous, Bon Dieu ?",What the fuck were you thinking?
Tous les pommiers furent abattus.,All the apple trees were cut down.
Ziri faisait face à un grave danger.,Ziri was in a big danger.
Pourquoi veux-tu des timbres ?,Why do you want stamps?
"Évidemment, de tels arguments sont grotesques.","Obviously, such arguments are preposterous."
Ce n'est vraiment pas si lourd.,It's really not that heavy.
Je me sens plus libre que jamais.,I feel freer than ever.
"Petit à petit, le ciel se dégage.","Little by little, the sky is clearing up."
Tom est hémophile.,Tom is a hemophiliac.
Vous êtes fort grossière.,You're very rude.
Elles se sont tues.,They kept silence.
L'avez-vous dit à votre mère ?,Have you told your mom?
Les affiches ont été immédiatement retirées du mur.,The posters were immediately removed from the wall.
Je l'ai vu dans la rue.,I met him in the street.
J'ai l'intention de faire cela.,I intend to do that.
Tom s'est caché dans la penderie.,Tom hid in the closet.
La maison est peinte de blanc.,The house is painted white.
Mangez le fruit !,Eat the fruit!
Penses-tu que j'ai raison ?,Do you think I'm right?
"Je suis un Américain, un Bolivien.","I am an American, a Bolivian."
Je suis littéralement sur un tapis roulant.,I'm literally on a treadmill.
Tom la regarde sans rien dire.,Tom looks at her without saying anything.
Vous devez tout laisser.,You have to leave everything.
Apprenez l'allemand avec enthousiasme.,Learn German with enthusiasm.
Je pense que tu devrais partir.,I think you should leave.
Que puis-je vous donner en retour ?,What can I give you in return?
Avez-vous utilisé un préservatif ?,Did you use a condom?
Je pense que je vais prendre celle-ci.,I think I'll take this one.
Attendons ce que les autres diront.,Wait and see what the others say.
Vérifiez votre commande.,Check your order.
Il vous a dupé.,You were duped by him.
Tu n'es pas obligée d'être sarcastique.,You don't have to be so sarcastic.
Pensez-vous sérieusement à quitter votre emploi ?,Are you seriously thinking about quitting your job?
Nous étions tous dégoûtés.,We were all disgusted.
Personne ne vous a reconnues.,No one recognized you.
J'ai mangé de l'ananas.,I ate pineapple.
Elle me rend visite de temps en temps.,She visits me from time to time.
De quelle couleur est la pomme ?,What colour is the apple?
Tu n'es plus seul.,You're not alone anymore.
Son père mourut.,Her father died.
Je ne peux pas m'arrêter.,I can't give up.
Je n'ai pas encore été payé.,I haven't gotten paid yet.
Fais un plan.,Make a plan.
Que s'est-il passé ensuite ?,What happened next?
Cette fille te ressemble.,That girl looks like you.
J'ai des frères.,I have brothers.
Elles faisaient changer d'avis à Tom.,They changed Tom's mind.
La municipalité ne le finance pas.,The city council doesn't fund it.
Tu ne dois pas crier sur Tom.,You can't yell at Tom.
Tu peux manger tant que tu veux.,You can eat as much as you want.
Toutes ses tentatives se sont avérées infructueuses.,All his endeavors proved unsuccessful.
C'est ma belle-mère.,She's my stepmother.
Le français ne me plaît pas.,I don't like French.
L’extraction du bois est interdite.,Logging is prohibited.
Protège l'environnement !,Protect the environment!
Ses lèvres commençaient à virer au bleu.,Her lips were starting to turn blue.
Je sais combien vous avez été occupé.,I know how busy you've been.
J'aimerais que la pluie cesse.,I wish the rain would stop.
Il nie avoir fait cela.,He denies having done it.
Tu as juste besoin de changer d'air.,You just need a change of scenery.
Combien de stylos a-t-elle ?,How many pens does she have?
Est-ce là bien agir ?,Is it any good?
Pourquoi êtes-vous tout le temps si occupées ?,Why are you so busy all the time?
Elle ne joue pas très bien du piano.,She can't play piano very well.
Le médecin a examiné les patients.,The doctor examined the patients.
Je n'ai pas une voiture fiable.,I don't have a dependable car.
Il n'y a aucune raison de se plaindre.,There's no reason to complain.
Tous les autres enfants le font.,All the other kids do it.
L'Écosse est renommée pour ses tissus de laine.,Scotland is famous for its woollen textiles.
J’ai un drapeau vert.,I have a green flag.
Comment a-t-elle pu être aussi insensible ?,How could she be so callous?
Tom a une guitare.,Tom has a guitar.
J'adore la couleur de cheveux de Nicki Minaj.,I love the color of Nicki Minaj's hair.
"Tom est son vrai prénom, n'est-ce pas ?","Tom is his real name, isn't it?"
Il sait cela.,He knows that.
Tom était mort de froid.,Tom was frozen to death.
Je l'ai ramenée chez elle.,I gave her a ride home.
J'ignore ce que tu cherches.,I don't know what you're looking for.
Il a gentiment répondu à la question.,He kindly answered the question.
Comment payerons-nous désormais nos dettes ?,How will we pay our debts now?
Je sais comment faire une entrée.,I know how to make an entrance.
Tom ne laissera personne y toucher.,Tom won't let anyone touch it.
Qu'est-ce qui peut être fait ?,What can be done?
Cette rue est très bruyante.,That street is very noisy.
Pourquoi Dan s'est-il tué ?,Why did Dan commit suicide?
Lajos regardais des films.,Lajos watched movies.
Un certain monsieur Marconi veut vous voir.,A Mr. Marconi wants to see you.
Une seule répétition ne suffit pas.,One rehearsal is not enough.
"Écoute, je suis sérieux.","Look, I'm being serious."
On les a oubliés.,We forgot them.
Tu es notre ennemi ?,Are you our enemy?
Il criait de faim.,He was crying with hunger.
Vous vous êtes fait tirer dans la jambe.,You got shot in the leg.
L'enquête est toujours en cours.,The investigation is still ongoing.
Yanni a fini ses études universitaires.,Yanni finished college.
Tom n'était pas du tout surpris.,Tom wasn't at all surprised.
Veuillez ouvrir le colis.,Please open the package.
"Hey, nous n'avons pas terminé.","Hey, we aren't done yet."
Je fais des cauchemars.,I have nightmares.
Fais couler de l'eau chaude dans le bain.,Run hot water into the bath.
La science se base sur des observations rigoureuses.,Science is based on careful observation.
Parles-tu l'islandais ?,Do you speak Icelandic?
Tom n'est pas allé à l'université.,Tom didn't go to college.
La langue de Tchéquie est le tchèque.,The language of the Czech Republic is Czech.
La photo montre une biche avec ses faons.,The picture shows a doe with her fawns.
C'est mon prof.,He is my teacher.
C'est aussi ce que je pense.,I'm thinking the same thing.
Prenez-vous aussi la carte American Express ?,Do you also take American Express?
Je ne l'ai fait qu'une fois.,I did that only one time.
Est-ce que c'est vous ?,Is it you?
Ne dis pas de bêtises.,Don't spout nonsense.
J'ignore où tu te rends.,I don't know where you're going.
J'aimerais passer davantage de temps avec toi.,I'd like to spend more time with you.
"Vous êtes déçu, n'est-ce pas ?","You're disappointed, aren't you?"
J'enfilai une chemise blanche.,I wore a white shirt.
Quelques personnes applaudirent après son exposé.,A few people clapped after his lecture.
Le roi doit abdiquer.,The king must abdicate.
Tu m'as pris au dépourvu.,You caught me off-guard.
Il découpa l'annonce du journal.,He cut the advertisement out of the newspaper.
Paris sera toujours Paris.,Paris will always be Paris.
Tu vois un grand bâtiment là-bas.,You see a tall building over there.
Tom est devenu un héros national.,Tom became a national hero.
Envoyez-moi un message.,Send me a message.
Il s'est fâché.,He got angry.
Qu'est-ce que tu cuisines pour nous?,What are you cooking for us?
Vous avez les foies ?,Are you freaking out?
Je fus d'accord de l'aider dans son travail.,I agreed to help him in his work.
"Manifestement, il y a un problème.","Obviously, there's a problem."
Elle a tapé du poing sur la table.,She thumped the table with her fist.
Nous aimons votre voiture.,We like your car.
C'est un phénomène assez courant.,It's a rather common phenomenon.
Es-tu médecin ?,Are you a doctor?
Tom a dit qu'il voulait te parler.,Tom said he wants to talk to you.
Pouvons-nous ne pas parler de cela maintenant ?,Can we not talk about that now?
Tu veux dire George Bush ?,You mean George Bush?
Tu viens d'ouvrir une boîte de Pandore.,You've just opened a can of worms.
"C'est une amie, c'est tout.","She's a friend, that's all."
Ils trouvèrent un prétexte.,They found a pretext.
Nous avons écouté des chansons françaises.,We listened to some French songs.
Cette robe lui va très bien.,This dress looks really good on her.
Qu'est-ce que Tom lit ?,What does Tom read?
Tu as l'air ravie.,You look overjoyed.
Leur as-tu acheté quelque chose ?,Did you buy anything for them?
Je veux m'engager dans l'armée.,I want to join the army.
Je comprends ce qu'elles disent.,I understand what they're saying.
Essaie de tirer profit de chaque occasion.,Try to make the most of every opportunity.
Fouille quiconque entre dans cette pièce.,Search everyone who comes into this room.
Il me faut te quitter.,I must leave you.
Restez avec votre tante.,Stay with your aunt.
Nous avons parlé du plan avec lui.,We talked over the plan with him.
J'ai jeté mon filet dans la mer.,I cast my net into the sea.
As-tu déjà aimé quelqu'un ?,Have you ever loved anybody?
Nous ne nous sommes pas mariés à l'église.,We didn't get married in a church.
J'y pense tous les jours.,I think about it every day.
Il y a une banque devant la gare.,There's a bank in front of the station.
Damiano s'est joint à un groupe de résistance.,Damiano joined a resistance group.
Je ne suis pas autorisé à faire ça.,I'm not permitted to do that.
Je voulais louer un car.,I wanted to rent a bus.
Ouvrez la bouche !,Open your mouth!
Je vous ai trouvées.,I found you.
J'évite de m'y rendre tard le soir.,I avoid going there late at night.
Le policier a exigé leurs noms et adresses.,The policeman demanded their names and addresses.
Quelqu'un ici parle-t-il français ?,Does someone here speak French?
Espérons qu'ils n'y songent même pas !,Let's hope they don't even think about it.
J’aime les fins de semaine !,I love weekends!
Je suis parti à la hâte.,I left in a hurry.
On a joué au ballon.,We played ball.
On passe la nuit chez mon oncle.,We're spending the night at my uncle's house.
Discutons avant de nous battre.,Let's talk before fighting.
Il vous faut bouger.,You've got to move.
Il sortit manger.,He went out to eat.
Elle vit avec lui dans une petite maison.,She lives with him in a small house.
On est arrivé en même temps.,We got there at the same time.
Tom est-il encore intéressé ?,Is Tom still interested?
Je n'ai pas dormi la nuit dernière.,I didn't sleep last night.
Il fait profession d'avocat.,He is a lawyer by profession.
Il faut savoir marcher avant de courir.,You must walk before you can run.
Ziri s'est complètement évanoui.,Ziri blacked completely out.
Le concert dura à peu près trois heures.,The concert lasted about three hours.
J'ai vu un suricate.,I saw a meerkat.
L'économie n'est pas une science exacte.,Economics is not an exact science.
Tu n'as même pas essayé.,You haven't even tried.
Tu es plus qu'un ami.,You are more than a friend.
Vous n'êtes pas obligé de le faire.,You're not obligated to do that.
Ne sois pas si excité !,Don't get so excited!
"Vous plaisez-vous ici, à Berlin ?",Do you like it here in Berlin?
Les policiers coururent au domicile du suspect.,Police raced to the suspect's house.
T'as l'air de t'amuser.,It looks like you're having a great time.
Dois-je y aller tout de suite ?,Must I go there at once?
Tom dit qu'il était content d'avoir fait ça.,Tom said he was glad he did that.
Sa maison est proche de la mer.,Her house is near the sea.
J'ai un problème avec la grammaire française.,I have trouble with French grammar.
J'ignorais que vous vous en souciez.,I didn't know that you cared.
Je l'aime malgré ses défauts.,I love him despite his faults.
Il est originaire de Géorgie.,Georgia is his native state.
C’est compris d’une manière ou de l’autre.,It’s understood either way.
À quelle heure dois-je quitter l'hôtel ?,What time should I leave the hotel?
Je connais le nom de cet animal.,I know the name of this animal.
"Étiez-vous au cinéma, hier soir ?",Were you at the cinema last night?
Je pars cette après-midi.,I leave this afternoon.
Je comprends la situation.,I understand the situation.
Il n'y a pas de réponse évidente.,There are no obvious answers.
J'ai acheté un disque dur externe.,I bought an external hard drive.
T'es un garçon ?,Are you a boy?
Tu dois peaufiner ton anglais.,You have to polish your English.
C'est sûr que demain le temps sera beau.,The weather will definitely be good tomorrow.
Ils ne sont pas dupes.,They're no fools.
Je sais que cela n'arrivera plus.,I know that won't happen again.
Il a pris le mauvais bus.,He took the wrong bus.
"N'achetez pas ce tableau, c'est une imitation.",Don't buy this painting; it's a fake.
Les États-Unis avaient un traité avec la France.,The United States had a treaty with France.
Tom s'est préparé un sandwich.,Tom made himself a sandwich.
Voulez-vous vraiment faire ça aujourd'hui ?,Do you really want to do that today?
Yanni s'en fichera.,Yanni won't care.
Il est bûcheron.,He's a lumberjack.
Je préférerais le faire tout seul.,I'd rather do this by myself.
Tom n'est pas né riche.,Tom wasn't born rich.
Sami et Layla se disputaient tout le temps.,Sami and Layla argued constantly.
Je n'ai jamais pensé que ça arriverait.,I never thought that would happen.
Laissons simplement tomber le sujet ! D'accord ?,"Let's just drop the subject, OK?"
Tu n'en as pas la moindre idée.,You don't have a clue.
Cette maison est massive.,That house is big.
Le temps était déprimant hier.,The weather was miserable yesterday.
La foule s'agrandit de plus en plus.,The crowd is growing larger and larger.
Tom ne sait pas très bien cuisiner.,Tom doesn't know how to cook very well.
J'ai été choqué par les tristes nouvelles.,I was shocked at the sad news.
Elle est toujours fidèle à ses principes.,She's always faithful to her principles.
Tout est bon marché au Viêt Nam.,Everything is cheap in Vietnam.
Il lui a proposé de sortir avec lui.,He asked her out on a date.
Pourquoi penses-tu que tu te trouves ici ?,Why do you think you're here?
Une boîte se trouvait à l'intérieur de l'autre.,There was a box inside the box.
J'ai mangé un peu de tout.,I ate a little of everything.
Vous êtes excusé.,You are excused.
L'assemblée se tiendra dans la matinée de dimanche.,The assembly will be held Sunday morning.
Le ministre ne veut pas démissionner.,The minister doesn't want to resign.
As-tu eu des écoulements du mamelon ?,Have you had any nipple discharge?
Disposes-tu d’information à ce sujet ?,Do you have any information about that?
Les lys sont des plantes vivaces.,Lilies are perennial plants.
Il nous faut concocter un plan.,We must come up with a plan.
Je ne me sens pas très en confiance.,I feel a little insecure.
J'ai oublié de le faire hier.,I forgot to do that yesterday.
Peu de gens confessent leurs fautes.,Few people confess their faults.
Que voulez-vous apprendre ?,What do you want to learn?
Je ne trouve pas les toilettes.,I can't find the bathroom.
Cela fonctionne dans les deux sens.,This works both ways.
"Le patient souffre, il est à l'agonie.","The patient is suffering, agonizing."
Je ne suis pas timide.,I'm not shy.
"Appelez-moi Mme Suzuki, s'il vous plaît.",Please get Miss Suzuki on the phone.
Marie se fâche aisément.,Mary loses her temper easily.
Pourquoi ne réponds-tu pas à mon message ?,Why don't you answer my message?
Il devra se rendre à la gare.,He will have to go to the station.
Vous devez rentrer chez vous.,You have to go home.
Sommes-nous de mauvais parents ?,Are we bad parents?
Comment aurais-je pu les sauver ?,How could I have saved them?
C'est ton devoir de voter.,It's your duty to vote.
Attachez votre lacet.,Tie your shoe.
Écoutez s'il vous plaît quand je parle !,Please listen when I'm speaking!
Personne ne tricha.,No one cheated.
Ce n'est pas une bonne chose.,That's not a good thing.
La situation est difficile.,The situation is difficult.
Je repasse mes mouchoirs.,I‘m ironing my handkerchiefs.
Il a dit ceci.,He said that.
Je fais souvent de mauvais rêves.,I often have bad dreams.
Merci pour ce délicieux repas !,Thank you for this delicious meal!
Je ne suis pas au travail aujourd'hui.,I'm not at work today.
"Le rap, c'est de la merde.",Rap is crap.
C'est une étudiante qui étudie sérieusement.,She is a student who studies very hard.
Vous avez allumé des bougies dans votre chambre.,You lit some candles in your room.
Je pars pour Londres demain matin.,I leave for London tomorrow morning.
Où est la caisse ?,Where's the checkout counter?
J'étudie le français de temps en temps.,I study French occasionally.
La jauge d'essence est pétée.,The fuel gauge is broken.
Elles se sont détendues sur la plage.,They relaxed on the beach.
À qui appartient ce chien ?,Who does this dog belong to?
J'ai eu tort.,I was wrong.
De quoi te rappelles-tu ?,How much do you remember?
Ne laisse pas Tom fermer la porte.,Don't let Tom close the door.
Ils le contraignirent à dire la vérité.,They forced him to tell the truth.
Nous n'en avons pas discuté.,We didn't discuss it.
Tu es libérée sous probation.,You're on probation.
Ma mère est décédée depuis dix ans.,My mother has been dead these ten years.
Tous les détenus sont présents.,All the inmates are present and accounted for.
Nous avons dansé ensemble.,We danced together.
Qu'est-ce qu'il y a dans ta main ?,What's in your hand?
"Nous avons été malchanceuses, c'est tout.","We were unlucky, that's all."
Je ne suis pas un binoclard !,I'm not a nerd!
J'ai une super surprise pour vous.,I've got a terrific surprise for you.
Ses cheveux lui arrivent aux épaules.,Her hair comes to her shoulders.
Mon ami mange du poisson.,My friend is eating fish.
Savez-vous ce que c'est ?,Do you know what this is?
Tu es trop tendue.,You're too tense.
Ils ont tous peur de toi.,They're all scared of you.
J'étais seule dans la salle de classe.,I was alone in the classroom.
Alors vous serez heureux.,Then you will be happy.
Nous nous sommes amusés avec Tom.,We had fun with Tom.
Est-ce que ta chambre a un placard ?,Does your room have a closet?
Ces enfants sont à moi.,These children are mine.
Sami parle rarement.,Sami rarely talks.
Avez-vous jamais mangé dans ce restaurant-là ?,Have you ever eaten at that restaurant?
Quel est ton chiffre favori ?,What's your favorite number?
"Le papier est blanc, le charbon est noir.",Paper is white; carbon is black.
La lune est belle en automne.,The moon is beautiful in fall.
Elle a un mari et deux filles.,She has a husband and two daughters.
Elles ne sont pas encore là.,They're not here yet.
Je suis sûre que tu trouveras un moyen.,I'm sure you'll find a way.
"Si nous restons ici, nous serons vus.","If we stay here, we'll be seen."
Danserez-vous avec moi ?,Will you dance with me?
Il est nul en conduite.,He is bad at driving.
Cela peut-il être aussi mauvais ?,Can it really be this bad?
Tom s'approchait de Marie.,Tom approached Mary.
Sami avait un beau sac à dos.,Sami had a nice backpack.
Ne sucrez pas votre thé.,Don't sugar your tea.
Je ne savais pas que Tom me détestait.,I didn't know that Tom hated me.
Elle est trop sincère; parfois ça me blesse.,She is too sincere; sometimes it hurts me.
C'est toi qui l'as acheté.,You're the one who bought it.
Es-tu suivi ?,Are you being followed?
Tom s'est versé un verre de vin.,Tom poured a glass of wine for himself.
Je ne me suis pas encore habillée.,I'm not dressed yet.
L'orage nous a retardés.,We were late because of the storm.
Quelque chose m'observe.,Something is watching me.
Personne ne va s’en aller.,No one is to leave.
Est-ce que vous avez des magazines japonais ?,Do you have any Japanese magazines?
Tu connais Tom mieux que quiconque.,You know Tom better than anybody.
Disposes-tu d'un téléphone portable ?,Do you have a mobile phone?
La Chine doit éradiquer la pauvreté.,China needs to eliminate poverty.
Il semble qu'elle soit heureuse.,It seems that she's happy.
Brad Pitt est un acteur.,Brad Pitt is an actor.
Je fume de la beuh.,I smoke weed.
Les morts ne racontent pas d'histoires.,Dead men tell no tales.
Ils vivent encore chez leurs parents.,They are still living with their parents.
Il est un petit peu superstitieux.,He's a bit superstitious.
Disposez-vous de votre propre maison ?,Do you have a house of your own?
Ce qu'il fait nous est indifférent.,We don't care what he does.
Tom semble avoir deux mains gauches.,Tom seems to be all thumbs.
Buvez-vous du vin ?,Do you drink wine?
Ils ont été endommagés.,They've been damaged.
Il semble qu'il soit mort par auto-asphyxie.,It looks like he died from self-asphyxiation.
Ils fournirent la bibliothèque avec de nouveaux livres.,They furnished the library with new books.
Elles m'ont trompée.,They cheated me.
Donne-moi deux exemples de mammifères.,Give two examples of mammals.
Penses-tu vraiment que Tom est innocent ?,Do you really think Tom is innocent?
Le film a déjà commencé.,The film has already started.
Elle est rentrée.,She went inside.
Je ne vous ai pas demandé votre opinion.,I didn't ask you for your opinion.
Il gagnait de l'argent en livrant des journaux.,He earned money by delivering newspapers.
"Eh bien, je prendrai mon temps.","Well, I'll take my time."
Le motard a dépassé la limite de vitesse.,The motorcyclist exceeded the speed limit.
Ils ont tous regardé.,They all watched.
Tu ne sais pas comment faire ?,Don't you know how to do that?
Comment ton chien a-t-il pénétré ici ?,How did your dog get in here?
Fermez vos livres.,Close your books.
Je me suis assis au bar.,I sat at the bar.
Allô. Pourrais-je parler à Mr Jackson ?,Hello. Could I speak to Mr. Jackson?
"Ce parc-ci, c'est celui que je préfère.",This is my favourite park.
J'adore être assis sur la plage.,I love sitting on the beach.
Attendez ici un moment.,Wait here for a while.
Il ne s'est rien passé aujourd'hui.,Nothing happened today.
Je me lève à six heures chaque matin.,I get up at six every morning.
Pourquoi as-tu besoin d'un docteur ?,Why do you need a doctor?
Vous vous parlez à vous-même ?,Are you talking to yourself?
Il était éveillé.,He was awake.
Les élèves ont rendu sa vie heureuse.,The students made her life happy.
Ton fils n'est pas comme toi.,Your son isn't like you.
J'aime le lundi !,I love Monday!
J'habite à Kakogawa.,I live in Kakogawa.
L'étudiant s'est efforcé d'atteindre l'excellence.,The student strove for excellence.
Il faut que j'aille dormir.,I have to go to sleep.
L'anglais n'est pas facile pour moi.,English is not easy for me.
Nous avons été préoccupés.,We were concerned.
Voulez-vous que je sois heureux ?,Do you want me to be happy?
La vie sans amour n'a pas de sens.,Life without love has no meaning.
Tom remarqua que les mains de Mary tremblaient.,Tom noticed Mary's hands shaking.
Il s'énerve pour un rien.,He gets angry at the slightest thing.
Ce sont des chiens pleins de vie.,They're lively dogs.
Il doit étudier avec application.,He has to study hard.
C'est un conservateur pur et dur.,He's a dyed-in-the-wool conservative.
Il n'a pas le moindre soupçon.,He hasn't the slightest suspicion.
Elle ficha son petit ami à la porte.,She kicked her boyfriend out of the house.
Tu devrais rentrer tôt à la maison.,You should go home early.
Je suis né prématurément.,I was born prematurely.
Le sport ne m'intéresse pas.,I don't care for sports.
C'est complètement visible.,It's completely visible.
Je t'ai prévenue auparavant.,I've warned you before about this.
Cela doit être une faute d'impression.,That must be a misprint.
Tu avais bon après tout.,You were right after all.
Il a été dithyrambique à votre sujet.,He spoke highly of you.
La pratique est le meilleur maître.,Practice is the best teacher.
Ils ont eu une dispute.,They had an argument.
Je suis devenu un homme nouveau.,I've become a new man.
Sami adore les fêtes de Noël.,Sami loves Christmas festivities.
Ne t'en fais pas. Elles seront supervisées.,Don't worry. They will be supervised.
Il se trompe complètement.,He is quite in the wrong.
Tom écoute la radio.,Tom is listening to the radio.
Ton souvenir est bon.,Your memory is good.
Pourquoi Yidir a-t-il posé cette question ?,Why did Yidir ask that question?
Ils ont avoué l'avoir fait.,They confessed they did that.
Veuillez signer ce reçu !,Please sign this receipt.
Tom va courir presque tous les après-midis.,Tom goes jogging almost every afternoon.
Tom a une petite tarte.,Tom has a small pie.
Je le regardai avec confusion.,I stared at him in confusion.
On a trouvé Tom mort dans sa chambre.,Tom was found dead in his room.
Tom est notre meilleur enquêteur.,Tom is our best investigator.
Ne pensez-vous pas que c'est important ?,Don't you think that's significant?
Comment se déplace le cavalier ?,How does the knight move?
C'est une question de survie.,It's a matter of survival.
L'économie mondiale est maintenant en récession.,The world economy is in recession now.
Tu es Éthiopien ?,Are you Ethiopian?
Quel est votre livre préféré ?,What's your favorite book?
Ne le prends pas au premier degré.,Don't take it too literally.
Ça ne fait pas de différence pour moi.,It makes no difference to me.
J'en ai assez entendu.,I've had enough.
Je n'ai que quelques livres.,I only have a few books.
On s'est enfin débarrassé de notre vieille voiture.,We finally got rid of our old car.
Elle va s'y habituer rapidement.,She's going to get used to it quickly.
Nous aurons faim.,We'll be hungry.
Arrêtez de faire semblant de ne pas comprendre.,Stop pretending to not understand.
Je ne fais presque jamais ça tout seul.,I almost never do that alone.
Pourquoi êtes-vous si fainéante ?,Why are you so lazy?
Il n'y a pas grand-chose à dire.,There's not much to say.
Ils font une salade.,They are making a salad.
Permettez-moi de vous chuchoter à l'oreille.,Let me whisper in your ear.
Qu'y a-t-il pour déjeuner ?,What's for lunch?
Elle quittera le Japon en avril.,She will leave Japan in April.
Vous auriez pu dire quelque chose !,You could've said something.
La télé n'est pas branchée.,The TV isn't plugged in.
Êtes-vous heureux en ce moment ?,Are you happy right now?
Il a demandé une cigarette.,He asked for a cigarette.
Et si tu prenais ta température ?,Why don't you take your temperature?
J'ignore ce qui vous soucie tant.,I don't know what you're so worried about.
Va dehors aider ton père.,Go outside and help your father.
Est-ce le garçon dont tu parlais ?,Is this the boy you were talking about?
Elles se sont mises d'accord pour commencer tôt.,They agreed to start early.
Tom a l'air perdu.,Tom seems lost.
Gabriel revient toujours.,Gabriel always comes back.
Les femmes aiment parler.,Women like to talk.
Il se comporte comme s'il savait tout.,He acts like he knows everything.
Je suis désolé si je vous ai effrayées.,I'm sorry if I frightened you.
C'est très onéreux !,That is very expensive!
Je lui ai causé beaucoup d'ennuis.,I gave him much trouble.
Quelle chaude journée !,What a hot day it is!
Merci de m'apporter une demi-bouteille de vin.,Please bring me a half-bottle of wine.
Je suis plus vieux que Tom.,I'm older than Tom.
Ses propres serviteurs le méprisaient.,His very servants despised him.
"Heureusement, le saignement s'est arrêté.","Fortunately, the bleeding has stopped."
Elles doivent être lavées.,They need washing.
L'histoire du pêcheur est louche.,The fisherman's story is fishy.
Tom ne répond pas.,Tom isn't responding.
Le Sahara occidental a d'énormes ressources minières.,Western Sahara has huge mineral resources.
Prenez garde où vous mettez les pieds.,Watch where you put your feet.
"Malheureusement, je ne dispose pas du temps aujourd'hui.","Unfortunately, I don't have time today."
Tu es blanc comme un linge.,You're pale as a ghost.
Sa maison est moderne.,Her house is modern.
Je lui achèterai une camionnette.,I'll buy him a van.
Pourquoi est-elle ici ?,Why is she here?
Puis-je demander à quoi tu travailles ?,May I ask what you're working on?
Tous les ingrédients sont frais.,All the ingredients are fresh.
Il ne reste plus beaucoup de temps.,There's not much time left.
Nous craignons de manquer notre train.,We're afraid we'll miss our train.
Ses fils font ce qui leur chante.,His sons do as they please.
Je ne t'ai pas vu depuis des lustres.,I haven't seen you for ages.
Dites-lui que j'étends le linge.,Tell him I'm hanging up the laundry.
Elle est le seul revenu de la famille.,She's the sole breadwinner for the family.
J'aime faire des marches dans les bois.,I like taking walks in the woods.
Peux-tu comprendre la signification de cette phrase ?,Can you understand the meaning of this sentence?
Elle nous a accordé un entretien.,She agreed to give us an interview.
Faites-le venir à moi.,Send him to me.
Je veux faire mes études en Australie.,I want to study in Australia.
Qu'a découvert Tom ?,What did Tom discover?
Je suis inquiet pour l'avenir.,I'm anxious about the future.
Les femmes transgenres sont des femmes.,Trans women are women.
J'ai été étonné par son courage.,I marveled at his courage.
Je pense que c'est le bon moment.,I think now is the right time.
Je leur ai dit de ne pas venir.,I told them not to come.
Laissez quelqu'un d'autre s'en charger !,Let someone else handle it.
Ceux-là sont chouettes.,Those are nice.
Je vous ai eue.,I've got you.
Mets une veste. Il fait froid.,Put on a jacket. It's cold.
J'aimerais te parler un peu.,I'd like to talk to you a little.
J'ai mis la corde dans la boîte.,I put the rope in the box.
Tom rencontra Marie.,Tom met Mary.
Yanni a remarqué quelque chose de bizarre.,Yanni noticed something strange.
Elles ne sont pas comme toi.,They're not like you.
Est-ce que tu veux être ma petite-amie ?,Do you want to be my girlfriend?
Tom a décidé de différer son départ.,Tom has decided to put off his departure.
Vous avez été prévenue.,You've been warned.
Pourquoi s'interresserait-on à l'Algérie ?,Why would anyone care about Algeria?
L'absence de preuve n'est pas une preuve d'absence.,Absence of proof isn't proof of absence.
J'étais coincé dans un embouteillage.,I was stuck in a traffic jam.
Elle n'a aucun sens de la mode.,She has no fashion sense.
Tom regarda ses petites-filles danser.,Tom watched his granddaughters dance.
Tout le monde criait.,Everyone was screaming.
Sami a rencontré Layla juste après Noël.,Sami met Layla right after Christmas.
Ils sont conscients des difficultés.,They are aware of the difficulties.
Il n'y serait pas parvenu sans Philippe.,He wouldn't have managed without Philippe.
Un arbre tombé bloquait le passage.,A fallen tree blocked the path.
Tu aimes bien tout le monde.,You like everyone.
On a quelques semaines de retard.,We're a few weeks behind schedule.
Il a amassé différentes informations.,He collected various information.
Soyez prudents en manipulant des allumettes !,Be careful handling matches!
Tu as besoin de nouveaux vêtements.,You need some new clothes.
Je suis disposé à présenter mes excuses.,I'm willing to apologize.
"Aujourd'hui, son père va au travail en voiture.",Nowadays his father goes to work by car.
À chacun le sien.,To each his own.
Tu ne connais pas ta chance.,You don't realize how lucky you are.
Nous ne pouvons aller nulle part aujourd'hui.,We can't go anywhere today.
Nous avons une grande équipe.,We've got a great team.
Elle dit qu'elle a d'autres priorités.,She says she has other priorities.
Il a beaucoup neigé.,It snowed a lot.
Elle tire gloire de ses nombreuses réalisations.,She prides herself on her many accomplishments.
Les règles sont faites pour être violées.,Rules are made to be broken.
Es-tu ici de ton plein gré ?,Are you here voluntarily?
Il s'est vraiment mis en colère.,He got really mad.
Notre navire a doublé le cap ce matin.,Our ship rounded the cape this morning.
Ma sœur aînée s'est fiancée.,My older sister got engaged.
J'ai l'intention d'entrer en contact.,I've been meaning to get in touch.
Elle a les lèvres à Cupidon.,She has Cupid lips.
Nous sommes si fiers de vous.,We're so proud of you.
C'est un mot français.,That's a French word.
Tu l'as culbutée ?,Did you screw her?
Je les ai laissées y aller.,I let them go.
Je veux plonger de la falaise.,I want to dive off the cliff.
Je l'ai senti.,I smelled it.
Ziri est en train de mourir.,Ziri is dying.
J'aimerais entendre votre opinion.,I would like to hear your opinion.
Quelle emmerdeuse !,What a bore!
"Si c'était vrai, que feriez-vous ?","If it were true, what would you do?"
Traite-la avec respect.,Treat her with respect.
Je n'ai pas d'accent.,I don't have an accent.
Il fait chaud aujourd'hui.,It's hot today.
Je n'ai rien contre toi.,I've got nothing against you.
Combien de temps êtes-vous partie ?,How long were you gone?
Ce n'est pas ton jour.,Today is not your day.
Ai-je vraiment fait cela ?,Did I really do that?
Il n'a pas été surpris de la voir.,He wasn't surprised to see her.
Tom ne porte presque jamais de chapeau.,Tom almost never wears a hat.
Te sens-tu nerveuse au bureau aujourd'hui ?,Do you feel nervous in the office today?
Il faut que vous vous reposiez.,You have to rest.
Il est l'heure d'aller à l'école.,It's time to go to school.
Quelqu'un a-t-il des suggestions ?,Does anyone have any suggestion?
Les pommiers fleurissent au printemps.,Apple trees bloom in spring.
Elle est en Algérie.,She is in Algeria.
Les typhons frappent le Japon tous les ans.,Typhoons hit Japan every year.
Je ne sors pas avec un garçon.,I don't date.
Nous ne sommes pas un couple.,We're not a couple.
Lequel voudrais-tu avoir ?,Which would you rather have?
Tom a l'air différent.,Tom looks different.
Tom est réformé.,Tom is reformed.
La situation était prévisible.,The situation was predictable.
Nous le savions depuis le début.,We knew it all along.
Jetez votre arme ici !,Throw your weapon here!
Cette porte ne veut pas s'ouvrir.,The door will not open.
Papa n'est pas à la maison.,Dad isn't home.
C'est toi qui ne comprends pas.,It's you who doesn't understand.
Nous ne devons pas rompre notre promesse.,We must not break our promise.
Je pris conscience que je ne pouvais l'emporter.,I realized I couldn't win.
Nous sommes meilleures qu'elles.,We're better than they are.
Tu vas devenir maman.,You're going to be a mommy.
La rumeur s'est avérée vraie.,The rumor turned out true.
Je l'ai rencontré par hasard.,I met him by chance.
Gare aux voleuses.,Beware of thieves.
Est-ce que je dois faire ça maintenant ?,Do I have to do that right now?
Pourquoi est-il si silencieux ?,Why is he so quiet?
Êtes-vous encore endormie ?,Are you still sleepy?
Comment se passe la quête d'un emploi ?,How's the job hunt?
Il est accroché aux médicaments.,He's addicted to drugs.
Je suis très prudente.,I'm very cautious.
Je pense que nous connaissons tous les règles.,I think we all know the rules.
Elle a été affreusement déçue par moi.,She was terribly disappointed with me.
À quoi ressemble-t-il ?,What does he look like?
Tu es très ouvert.,You're very open.
Elle préfère un hôtel proche de l'aéroport.,She prefers a hotel near the airport.
Que puis-je aller te chercher à boire ?,What can I get you to drink?
Je ne trouvais Tom nulle part.,I wasn't able to find Tom anywhere.
Je ne suis pas atteint d'autisme.,I don't have autism.
La lettre fut rédigée en des termes commerciaux.,The letter was written in terms of business.
Je les ai brûlés.,I burned them.
Quand est-ce que Tony étudie ?,When does Tony study?
Où va-t-on manger ce soir ?,Where are we going to eat tonight?
Sami a été viré de l'université.,Sami was kicked out of the university.
As-tu jamais mangé à ce restaurant-ci ?,Have you ever eaten at this restaurant?
Tous les musulmans devraient défendre la mosquée al-Aqsa.,All Muslims should defend the al-Aqsa Mosque.
Elle sera jalouse.,She will be jealous.
Ses lèvres ont touché les siennes.,His lips touched hers.
Ça ne se produira plus.,It won't happen again.
Ils étaient bénis.,They were blessed.
Je veux juste que ça arrive réellement.,I just want it to actually happen.
Sont-elles toutes fortes ?,Are they all strong?
Tu l'as lu en entier ?,Have you read all of it?
Tom a un accent du sud.,Tom has a southern accent.
Le restaurant se situe au rez-de-chaussée.,The restaurant is on the ground floor.
J'ai de nombreuses choses à faire.,I have a lot of things to do.
Je suis vraiment occupée.,I really am busy.
Il aime jouer avec brutalité.,He likes to play rough.
Je ne suis pas un espion.,I'm not a spy.
Armez les sans-abri.,Arm the homeless.
J'étudie le théâtre américain.,I'm studying the American drama.
Ils ont choisi Pierre comme capitaine.,They chose Peter as captain.
Pourquoi êtes-vous venus ici ?,Why did you come over here?
Pourquoi es-tu si têtu?,Why are you so stubborn?
Tu es casse-pieds.,You're a pain in the neck.
Nous voulons seulement que Tom continue de travailler.,We just want Tom to keep working.
Sa tristesse était seulement apparente.,Her sorrow was only apparent.
Nous en sommes assez certaines.,We're quite certain of that.
L'as-tu embrassé ?,You kissed him?
Je commence à le regretter.,I'm beginning to regret it.
Il te faut aller à la gym.,You need to hit the gym.
Tokyo offre plusieurs options d'hébergement.,Tokyo offers a multitude of accommodation options.
M. Smith est chargé de cette classe.,Mr Smith is in charge of the class.
Attention aux idées reçues !,Beware of generally accepted ideas!
Je n'ai jamais lu de roman en français.,I've never read a novel in French.
Nous avons trois options.,We have three options.
Il a plu des cordes hier matin.,It rained hard yesterday morning.
Il est fier comme un pou.,He's as proud as a peacock.
Elle a dit qu'elle était très seule.,She said she was very lonely.
J'ai adoré le lycée.,I loved high school.
Je n'ai pas aimé ce film.,I didn't like that movie.
Je n'aime pas ce que vous êtes devenue.,I don't like who you've become.
Je pouvais à peine parler.,I could barely speak.
"Si vous n'êtes pas satisfaite, laissez tomber !","If you're not happy, quit."
Suis-je rétabli dans mes fonctions ?,Am I reinstated?
Vous devriez venir dans la salle de conversation.,You should come to the chat room.
Elle t’a réveillée.,She woke you.
J'ai commencé à avoir sommeil.,I got sleepy.
Tu risques de rester sur le carreau.,You're in danger of falling by the wayside.
Comment te semblent-elles ?,How do they seem to you?
Sami était connu pour avoir de l'argent.,Sami was known to have money.
Tu mérites ces compliments.,You deserve those compliments.
J'ai peint la clôture en blanc.,I painted the fence white.
"La diapo suivante, s'il te plaît.","Next slide, please."
Il est quelque peu jaloux.,He's a bit jealous.
Rien de tel qu'un bon bain chaud.,There's nothing like a good hot bath.
Je vous aime comme un fils.,I love you like a son.
Je vais te donner une leçon !,I'll teach you a lesson!
As-tu envie d'aller nager ?,Do you feel like going swimming?
Es-tu d'accord avec Tom ?,Do you agree with Tom?
Notre nouveau siège social est à Tokyo.,Our new headquarters are in Tokyo.
Je ne le sais pas.,I don't know that.
Je suis heureux d'apprendre que vous êtes remis.,I'm glad to hear that you've got well.
Il s'est écarté pour laisser passer un camion.,He pulled aside to let a truck pass.
C'est une histoire intéressante.,This is an interesting story.
J’ai foi en lui.,I have faith in him.
Tentons quelque chose !,Let's try something.
Je suis sûre que je réussirai.,I'm sure I'll succeed.
Cette meuf est assez chelou.,This chick is kinda sketchy.
Je cours tous les jours.,I run every day.
Le monde est en constante évolution.,The world is always changing.
Qui a le temps ?,Who has time?
Notre école a été réduite en cendres.,Our school was reduced to ashes.
Vous êtes une personne très égoïste.,You're a very selfish person.
Arrête d'emprunter mes vêtements sans ma permission.,Stop borrowing my clothes without my permission.
Tom a malheureusement tort.,Tom is sadly mistaken.
Pourquoi êtes-vous si heureuse ?,Why are you so happy?
Elle aime observer les oiseaux.,She likes birdwatching.
Je suis prêt quand tu l'es.,I'm ready when you are.
Reste à distance d'elle !,Stay away from her!
Il a deux filles.,He has two daughters.
Je ne pose pas souvent de questions.,I don't often ask questions.
Es-tu amoureuse de Layla ?,Are you in love with Layla?
Allons faire un tour.,Let's go for a ride.
Dites à Tom que nous sommes en chemin.,Tell Tom we're on our way.
Je te confirme ma présence.,I am confirming my presence to you.
Soyez gentil envers les personnes âgées.,Be kind to old people.
Je prendrai ceux-là.,I'll take those.
J'ai immédiatement senti que quelque chose n'allait pas.,I sensed immediately that something was wrong.
Je pense que tu devrais réexaminer la situation.,I think you should reexamine the situation.
J'ai peur qu'elle ait les oreillons.,I'm afraid she may have the mumps.
Jamais je ne m'y rendrais.,I would never go there.
Il fait mauvais temps.,The weather is bad.
Elle m'a offert un cadeau.,She gave me a present.
"Vous savez, je me suis bien amusé.","You know, I had a lot of fun."
J'ignore ce dont il s'agit.,I don't know what it is.
Mon père va bien.,My father is in good health.
Il souffre d'une insuffisance rénale.,He is suffering from kidney failure.
Il devait être riche.,He must have been rich.
Beaucoup de gens ont besoin d'aide.,Many people need help.
Elle me regarda tristement.,She looked sadly at me.
Je ne veux pas de petit ami.,I don't want a boyfriend.
On ne peut apercevoir des Koalas qu'en Australie.,Koalas can only be seen in Australia.
Quelqu'un est en train de monter les escaliers.,Somebody's coming up the stairs.
Ton mari te trompe.,Your husband is cheating on you.
Nous avons dû attendre longtemps.,We had to wait for a long time.
Les gens parlent à propos du phénomène Internet.,People are talking about this Internet phenomenon.
J'en ai assez de ses reproches.,I'm tired of her complaints.
"Vous étiez heureuse, n'est-ce pas ?","You were happy, weren't you?"
Ça n'empire pas.,It's not getting worse.
Il était d'un naturel très colérique.,He was naturally very angry.
Je n'ai pas fermé l'œil.,I didn't sleep a wink.
Tu as peur des chiens.,You're afraid of dogs.
Pouvons-nous entrer ?,Can we come in?
Vous n'êtes pas doués pour les mathématiques.,You aren't very good at maths.
Ma grande sœur nage très vite.,My older sister swims very fast.
Je dois faire réparer ma montre.,I must have my watch repaired.
Ça ne se reproduira pas.,It won't happen again.
"À la fin, ajoutez du basilic.",At the end add some basil.
Je dois étudier pour un test de biologie.,I have to study for a biology test.
Je pense que son petit ami est grec.,I think that her boyfriend is Greek.
Voulez-vous le faire immédiatement ?,Do you want to do it right now?
L'airbag m'a sauvé la vie.,The airbag saved my life.
Elle aime que je fasse ça.,She likes it when I do that.
Veux-tu faire ça plus tard ?,Do you want to do this later?
Tu me rends très nerveux.,You make me very nervous.
Cette liste n'est pas exhaustive.,This list is not exhaustive.
Êtes-vous toujours là-bas ?,Are you still over there?
Merci pour la soupe.,Thank you for the soup.
Elle n'en a jamais parlé.,She never talked about it.
Il n'a plus aucune limite.,He has no limit anymore.
Il s'accrocha à son travail.,He stuck to his job.
C'est une situation amusante.,It's an amusing situation.
Vous êtes probablement fatiguée.,You're probably tired.
Comment t'es-tu débrouillé pour faire ça ?,How did you manage to do that?
"S'il vous plait, parlez un peu plus lentement.",Please speak a little slower.
Il est tolérant vis-à-vis de la religion d'autrui.,He is tolerant in religious belief of others.
Je reviens tout juste de Marseille.,I just flew back from Marseille.
Il n'a pas vraiment envie de venir demain.,He doesn't really want to come tomorrow.
Il a dit qu'il s'en occuperait.,He said he'd take care of it.
Mary n'est pas comme les autres filles.,Mary isn't like the other girls.
Je suis intéressé par l'histoire japonaise.,I'm interested in Japanese history.
Je n'aime pas les aventures.,I don't like adventures.
Vous ne devriez pas attendre plus longtemps.,You shouldn't wait any longer.
Il est toujours ponctuel.,He is always punctual.
Savez-vous quand le magasin ferme ?,Do you know when the shop closes?
Tout a été écrit.,It's all been written.
Va raconter ces bobards à quelqu'un d'autre.,Go tell those fibs to someone else.
Ton plan a fonctionné.,Your plan worked.
La chouette peut voir dans l'obscurité.,The owl can see in the dark.
Mais personne n'a bougé le petit doigt.,But no one's lifted a finger.
Tu n'as pas vu mes clés ?,Didn't you see my keys?
"Lâche-moi, tu m'étrangles.",Let me go. You're choking me.
Elles sont arrivées là-bas avant eux.,They arrived there before them.
"Tom, il sera tellement désolé.",Tom will be so sorry.
Ce n'est pas toujours comme ça.,It's not always like this.
Je pense que c'est une loi épouvantable.,I think it's a terrible law.
Yanni a été exposé à la violence.,Yanni was exposed to violence.
Vous avez caché la mandarine.,You hid the tangerine.
Découvrez qui ils sont.,Find out who they are.
Où est mon téléphone ?,Where's my phone?
Pourrez-vous ce printemps garder mon chien?,Could you watch my dog this spring?
Je ne suis pas un ivrogne.,I'm not a drunk.
La bonne employée est fière.,The good employee is proud.
Le corbeau est un oiseau très intelligent.,The raven is a very intelligent bird.
Tom n'aime pas le sport.,Tom doesn't like sports.
Elles ont bu deux bouteilles de vin.,They have drunk two bottles of wine.
Les rayons du supermarché étaient presque vides.,The shelves in the supermarket were almost bare.
Il partit tôt.,He left early.
Est-ce pour cela que tu es fâchée ?,Is that why you're upset?
Les révoltes d'esclaves perturbaient le Passage du milieu.,Slave revolts interfered with the Middle Passage.
Votre voiture est irréparable.,Your car is beyond repair.
Ils ont attaqué l'ennemi.,They attacked the enemy.
Je deviens sourd.,I'm getting deaf.
Voulez-vous récupérer votre ancien poste ?,Do you want your old job back?
Ce ne sera pas assez.,It won't be enough.
Tom m'a donné ce livre.,Tom gave me this book.
Tom est l'idiot du village.,Tom is the village idiot.
Je suis assez satisfait de toi.,I am pretty pleased with you.
Quand serais-je à Tokyo au plus tôt ?,How soon can I get to Tokyo?
Carlos a adoré la présentation de Rima.,Carlos enjoyed Rima’s presentation.
J'apprends cette langue étrangère.,I am learning this foreign language.
Sais-tu parler anglais ?,Do you know how to speak English?
Tom n'est pas né en octobre.,Tom wasn't born in October.
Inspire par le nez.,Breathe in through your nose.
La ville fut désertée par ses habitants.,The town was deserted by its inhabitants.
Tom et Mary étaient très occupés.,Tom and Mary were very busy.
Qu'allez-vous faire avec cela ?,What are you going to do with that?
Tu dois trouver comment il fonctionne.,You have to find out how it works.
Il a fini par céder.,At last he yielded.
Je suis allé à Boston.,I went to Boston.
Que peux-tu me dire sur ça ?,What can you tell me about that?
Vous êtes le sel de la terre.,You are the salt of the earth.
Son goût est indescriptible.,Its flavour is indescribable.
Combien d’euros as-tu ?,How many euros do you have?
Dis juste à Tom de me laisser seule.,Just tell Tom to leave me alone.
L'Angleterre a établi beaucoup de colonies.,England established many colonies.
C'est presque aussi bien que la pêche.,This is almost as good as fishing.
Tom est un policier retraité.,Tom is a retired policeman.
Nous devons y aller maintenant.,We must go now.
Les insectes sont partout.,The bugs are everywhere.
Le froid ne me dérange pas.,I don't mind the cold.
Tu es si bizarre.,You're so weird.
Je suis né là.,I was born there.
Enrichissons-nous de nos différences mutuelles.,Let us enrich ourselves with our mutual differences.
J'ai un gros chat.,I have a big cat.
Je ne me sens pas si coupable.,I don't feel that guilty.
Il s'avère qu'elle devra travailler plus dur.,It appears she will have to work harder.
Envoie-moi ta liste de courses par SMS.,Text me your shopping list.
Prenez-le si vous voulez.,Take it if you want it.
Ils ne vous l'ont pas laissée.,They didn't leave it with you.
Tom peut enseigner le français.,Tom can teach French.
Tu devrais faire ce qui te semble juste.,You should do whatever you think is right.
Ton gâteau est délicieux.,Your cake is delicious.
Nous allons inviter Jeanne et Hélène.,We are going to invite Jane and Ellen.
J'ai laissé mon portefeuille dans mon autre veste.,I left my wallet in my other jacket.
Puis-je t'appeler Bob ?,Can I call you Bob?
Ne bois aucun alcool !,Don't drink any alcohol.
Pourrais-tu ouvrir la fenêtre ?,Could you please open the window?
Comment es-tu arrivé ici si rapidement ?,How did you get here so fast?
Tom n'a pas besoin d'aller chez le dentiste.,Tom doesn't need to go to the dentist's.
Tom savait que Mary l'aimait.,Tom knew that Mary loved him.
Le basket-ball était mon sport favori au lycée.,Basketball was my favorite sport in high school.
J'ai essayé de l'en dissuader.,I tried to talk her out of it.
J'ai fait ce que tu as demandé.,I did what you asked.
Ne sous-estime pas ta propre force !,Don't underestimate your own strength.
Elles devinrent folles.,They went crazy.
Tu es snob.,You're a snob.
Le poisson est petit.,The fish is small.
Remet ce truc dans la boîte.,Put that stuff back in the box.
Je préfère ce livre à celui-là.,I prefer this book to that one.
Vous êtes-vous amusés ?,Did you have fun?
Je suis habituée au froid.,I'm accustomed to cold weather.
"Une bouteille de rosé, s'il vous plait.","A bottle of rosé, please."
Qu'est ceci ?,What is this?
J'aime quand tu cuisines pour moi.,I love it when you cook for me.
Ne soyez pas si sensible à la critique.,Don't be so sensitive to criticism.
J'ai supprimé l'appli.,I deleted the app.
Prière de respecter ma vie privée.,Please respect my privacy.
J'aimerais que tu me parles.,I wish you'd talk to me.
Qu'as-tu vu ?,What did you see?
C'est une photo de toi.,This is a picture of you.
Utilisez votre tête !,Use your head!
Je vais l'abattre.,I'm going to shoot him dead.
Elle chante sous la pluie.,She's singing in the rain.
"Allez, on y va !","Come on, let's go!"
Personne ne va nous voir.,No one's going to see us.
Qui n'est pas là ?,Who's not here?
Vous voulez manger chinois ?,Do you want Chinese food?
Marco a acheté une voiture à son fils.,Marco bought his son a car.
Il est légèrement dépendant à l'alcool.,He is slightly addicted to alcohol.
As-tu vécu ici auparavant ?,Did you live here before?
Sami enfila son pull.,Sami put on his sweater.
Rien à signaler.,Nothing to report.
Je ne savais pas vraiment par où commencer.,I didn't know exactly where to begin.
Il porte des gants.,He is wearing gloves.
Tu n'as pas besoin de mon aide.,You don't need my help.
Tout le monde a des vulnérabilités.,Everyone has vulnerabilities.
Ça a pris toute la journée.,It took all day.
Fais ton travail avec plus d'attention.,Do your work with more care.
Vous êtes grande.,You are big.
Tu es passée au feu rouge.,You ran a red light.
C'est son destin !,It is his destiny!
Tom a décidé d'aller faire du ski.,Tom has decided to go skiing.
J'aimerais me joindre.,I'd like to come along.
Les essuie-glaces ne fonctionnent pas.,The wipers don't work.
As-tu eu des nausées récemment ?,Have you experienced nausea recently?
Je pense que c'est un bon instituteur.,I think him a good teacher.
Tom prit le mauvais train.,Tom took the wrong train.
Il est très important de boire beaucoup d'eau.,It's very important to drink much water.
Amiens est au nord de Paris.,Amiens is north of Paris.
Tu n'as pas besoin d'argent ?,Don't you need some money?
"Tu as un portable, Tom ?","Do you have a mobile, Tom?"
Je ne savais pas que tu étais là.,I didn't know you were there.
Par quel moyen te rends-tu au travail ?,How do you travel to work?
C'est une profession très exigeante.,It's a very demanding profession.
C'est tout à fait irrégulier.,This is highly irregular.
L'université porte le nom de son fondateur.,The university bears the name of its founder.
Ce type est extra.,This guy is great.
Comment vas-tu payer ça ?,How will you pay for that?
Dites-moi que penser !,Tell me what to think.
Nous avons toutes passé du bon temps.,We all had a great time.
Pourquoi les nuages pleurent-ils ?,Why are the clouds crying?
Je m'y habituerai tôt ou tard.,I'll get used to it sooner or later.
Le parti s'est scindé en deux factions belligérantes.,The party split into two warring factions.
Elle a une écharpe autour de son cou.,She has a scarf around her neck.
Merci pour vos explications approfondies.,Thank you for your thorough explanation.
La Palestine s'appelle « Filastine » en arabe.,"Palestine is called ""Filastin"" in Arabic."
Ne t'en soucie pas pour le moment !,Don't worry about that now.
Allons à La Gargote de Paul.,Let's go to Paul's Diner.
Vous n'avez qu'à regarder ce que je fais.,You have only to watch what I do.
Je me réveille vers sept heures.,I get up around seven o’clock.
Ce livre mérite d'être lu plusieurs fois.,This book is worth reading more than once.
Comment le supportez-vous ?,How do you put up with it?
Aide-toi et Dieu t'aidera.,Help yourself and God will help you.
Je mangerai les oranges.,I'll eat the oranges.
"Vous étiez terrifiés, n'est-ce pas ?","You were terrified, weren't you?"
Quel est ton véritable nom ?,What's your real name?
Gardez-moi une part de tarte.,Save me a piece of pie.
J'espère qu'il m'aidera.,I hope that he will help me.
J'aime lire les nouvelles.,I like to read the news.
As-tu déjà goûté du renne ?,Have you ever tried reindeer?
Je sais comment ça a commencé.,I know how it started.
"Attention, c'est très épicé.",Warning! It's very spicy.
Vous devez vous occuper de votre chien vous-même.,You must take care of your dog yourself.
La camomille pousse ici.,The chamomile grows here.
C'est près d'ici ?,Is it nearby?
J'ai dû refuser son offre.,I had to decline his offer.
Le soldat s'est réfugié dans la tranchée.,The soldier took shelter in the foxhole.
"Vous aimez cette maison, n'est-ce pas ?","You love that house, don't you?"
C'est agréable de conduire sur une route plate.,It's nice to drive on a smooth road.
Il a trois grandes sœurs.,He has three elder sisters.
Oleg devrait être ici.,Oleg should be there.
Tu es jolie en noir.,You look good in black.
Avez-vous jamais vu un ange ?,Have you ever seen an angel?
Savez-vous parler l'anglais ?,Can you speak English?
Je joue au korfbal.,I play netball.
Prévenez-moi si vous changez d'avis.,"If you change your mind, let me know."
Le plan sera mis en œuvre demain.,The plan will be brought into effect tomorrow.
J'ai laissé l'Afrique pour toujours.,I left Africa forever.
Penses-tu que ta voiture y parvienne ?,Do you think your car will make it?
Je m'appelle Tom. Enchanté de te rencontrer.,My name's Tom. Pleased to meet you.
"Je me rappelle, en effet.",I do remember.
Les animaux semblent se déplacer au hasard.,Animals seem to move at random.
Les enfants ont mangé le pain qui restait.,The children ate the bread that was left.
Tuez le prince et revenez nous voir !,Slay the prince and come back to us!
"Une nuit, un homme vint chez moi.",One evening a man came to my house.
Que savez-vous de l'intelligence artificielle ?,How much do you know about artificial intelligence?
Les gens se rassemblent.,People are gathering.
Pour cette fois ça va.,I'll forgive you just this once.
Retire ce que tu as dit.,Take back what you said.
Connais-tu la formule chimique du phénol ?,Do you know the chemical formula of phenol?
J'ai beaucoup à apprendre.,I have a lot to learn.
Il admet avoir pleuré.,He admits he's cried.
Je n'arrive pas à enlever mes chaussures.,I can't get my shoes off.
L'esprit humain est fragile.,The human mind is fragile.
Ça n'était pas ce que je voulais dire.,It's not what I meant to say.
J'ai un horaire élastique.,I have a flexible schedule.
Je pense la même chose qu'eux.,I think the same as they do.
Il prit l'express pour Tokyo.,He took the express for Tokyo.
Ils l'ont écarté.,They pushed him aside.
Êtes-vous vaccinée ?,Are you vaccinated?
Parles-tu le quechua ?,Do you speak Quechua?
Les efforts de Tom ont été récompensés.,Tom's efforts were rewarded.
Tom était blême.,Tom was pale.
Tom avait un bleu sur le visage.,Tom had a bruise on his face.
Le rapport n'a pas encore été confirmé.,The report has not been confirmed yet.
N'en prenez qu'un.,Take just one.
Tom me rendit mon dictionnaire.,Tom gave me back my dictionary.
Je lui en parlerai.,I'll talk to him about that.
Que font-ils ici ?,What are they doing here?
La justice est aveugle.,Justice is blind.
Je suis prêt à lui pardonner.,I'm ready to forgive him.
César n'avait pas de téléphone portable.,Caesar had no mobile phone.
Pourquoi voulez-vous étudier à l'étranger ?,Why do you want to study abroad?
Vous avez été suspendu.,You've been suspended.
Je vais en parler à mon père.,I'll talk the matter over with my father.
Si t'es game !,If you dare!
Je serai vite de retour.,I'll be back soon.
C'est ce qui est censé se produire.,That's what's supposed to happen.
J'habite en Corée.,I live in Korea.
Quelle version de Windows utilisez-vous ?,What version of Windows are you using?
As-tu pris une douche aujourd'hui ?,Did you take a shower today?
Je n'ai pas encore démarré.,I've not started yet.
Chacun aime quelqu'un parfois.,Everybody loves somebody sometimes.
Je tiens toujours mes promesses.,I always keep my promises.
Veuillez sourire à la caméra.,"Smile at the camera, please!"
"Peux-tu fermer la fenêtre, je te prie ?",Can you please close the window?
J'ai honte de moi-même.,I am ashamed of myself.
Ça par exemple !,You don't say!
Tom a dit qu'il ne savait pas.,Tom said he didn't know.
Lajos a mis Olivia à l'écart.,Lajos ostracized Olivia.
Qu'est-ce qui vous prend autant de temps ?,What's taking you so long?
Quel a été le résultat de l'élection?,What was the outcome of the election?
Je me suis caché sous le lit.,I hid myself under the bed.
Je pensais que vous étiez sérieuse.,I thought you were serious.
Il emprunta la voiture de son ami.,He borrowed the car from his friend.
Je suis certain qu'elle a raison.,I'm sure she's right.
Les arbres perdent rapidement leurs feuilles.,Trees lose their leaves quickly.
Pouvez-vous me dire de quoi il retourne ?,Can you tell me what this is?
J'ai rien compris. Il parlait anglais.,I didn't understand anything. He was speaking English.
Qui a écrit Hamlet ?,Who wrote Hamlet?
J'ai très peur.,I am very afraid.
Aucune femme n'avait jamais fait cela auparavant.,No woman had ever done this before.
Je te promets de ne jamais te quitter.,I promise you I'll never leave you.
La langue russe est une langue de Russie.,The Russian language is a language of Russia.
Nous apprenons à nous connaître.,We're getting to know each other.
Il ne s'abaisserait pas jusqu'à s'excuser.,He wouldn't lower himself to apologize.
"Supprimez le commentaire, s'il vous plait.","Delete the comment, please."
Le bateau a été déchargé au port.,The ship was unloaded at the port.
À quoi cela sert-il ?,Is there a point?
Un petit étang se trouve derrière ma maison.,A small pond is behind my house.
C'est un soumis.,He's a submissive.
Il ne neige pas souvent par ici.,We seldom have snow here.
Elle a détourné le regard.,She looked away.
Mon navigateur GPS ne fonctionne pas à l'étranger.,My GPS navigator doesn't work abroad.
Tom semble indécis.,Tom looks undecided.
Ma sœur ne m'a pas aidée.,My sister didn't help me.
Tom refuse de recevoir des ordres de Mary.,Tom refuses to take orders from Mary.
Voulez-vous ceci ?,You want this?
Le roi abusa de son pouvoir.,The king abused his power.
Ainsi parlait Zarathoustra.,Thus spoke Zarathustra.
Il faut que j'apprenne à me défendre.,I need to learn to defend myself.
Est-ce terminé ?,Is it finished?
Je n'ai plus vu Tom depuis Noël.,I haven't seen Tom since Christmas.
On te demande au téléphone. C'est Tom.,You're wanted on the phone. It's from Tom.
"Il l'a fait pour lui-même, pas pour moi.","He did it for himself, not for me."
Je sais où Tom vit.,I know where Tom lives.
Ma mère sait que je l'aime.,My mom knows I love her.
Ne supplie pas. Tu te mets dans l'embarras.,Don't beg. You're embarrassing yourself.
Qui d'autre est allé avec Tom ?,Who else went with Tom?
Jean n'a pas voulu revenir.,John didn't want to come back.
Je veux rejoindre ton équipe.,I want to join your team.
J'aime bien chez toi.,I like your place.
Elle a confectionné une fougasse.,She baked a pie.
Voulez-vous quelque chose à manger ?,Do you want something to eat?
Elle lui a demandé pourquoi il pleurait.,She asked him why he was crying.
Pourquoi se battent-ils ?,Why are they fighting?
Nous allons devoir patienter deux heures.,We'll have to wait a couple of hours.
J'ai sorti les poubelles.,I've taken the bins out.
Tout le monde n'était pas satisfait.,Not everyone was happy.
Nous partons maintenant.,We're leaving now.
Tom est journaliste à Boston.,Tom is a journalist in Boston.
Je préfère le vin rouge au vin blanc.,I like red wine better than white.
Regardons la télévision ici.,Let's watch TV here.
N'ouvrez pas encore le cadeau !,Do not open the present yet.
Garde toujours ton espace de travail en ordre.,Always keep your workplace organized.
Êtes-vous ici pour négocier ?,Are you here to negotiate?
Nous sommes très heureuses pour vous.,We're very happy for you.
Il peut neiger dans la soirée.,It may snow in the evening.
Sami et Layla ont commencé à flirter.,Sami and Layla began flirting.
C'est l'occasion ou jamais.,Now is your chance.
Mon appareil photo est un Nikon.,My camera is a Nikon.
Elle était grande et mince.,She was tall and thin.
"D'ici, je peux voir la Turquie.",I can see Turkey from here.
Les raisins secs sont des raisins séchés.,Raisins are dried grapes.
J'ai une montagne de devoirs.,I've got a mountain of homework.
C'est la solution la moins chère.,This is the cheaper alternative.
Les dattes aident à prévenir le cancer.,Dates help to prevent cancer.
Je te rencontrerai à la gare demain.,I will meet you at the station tomorrow.
Il a finalement accédé à ma demande.,He finally fulfilled my request.
Je possède cette phrase.,I own this sentence.
"Garde ton calme, Tom.","Keep it together, Tom."
C'est une mosquée.,This is a mosque.
Tom semble nerveux.,Tom seems nervous.
Je vais à l’école.,I'm going to school.
Il était absent.,He was absent.
Il a douze ans.,He is twelve years old.
Il faut que j'aille à l'hôpital.,I have to go to hospital.
Ils auront du mal à atteindre leur objectif.,They will have difficulty in achieving their goal.
Je n'aime pas les surprises.,I don't like surprises.
Tu es qui tu es.,You are what you are.
Ce bâtiment est bientôt terminé.,This building is near completion.
Tom est toujours très malheureux.,Tom is still very unhappy.
Vous ne pouvez pas partir.,You can't leave.
Je ne veux pas vous tourmenter davantage.,I don't want to torment you any longer.
"Où est-ce que tu déjeunes, d’habitude ?",Where do you usually eat lunch?
Asseyez-vous à table.,Sit at the table.
Je croyais que tout s'était bien passé.,I thought everything went well.
Je l'ai eue pour Noël.,I got it for Christmas.
J'ai un chien et un chat.,I have a dog and a cat.
J'ai besoin d'être véhiculée.,I need a ride.
Les peuples d'Asie doivent coopérer.,People of Asia must work together.
Cette école a beaucoup d'étudiants.,This school has many students.
Je n'arrive pas à croire que tu abandonnes.,I can't believe you're giving up.
J'espère que ce beau temps va durer.,I hope this nice weather will last.
Nous vivons aux États-Unis.,We live in the United States.
Je reste à l'hôtel pour le moment.,"For now, I will wait at the hotel."
Je souhaiterais vraiment pouvoir te croire.,I really wish I could believe you.
Marie joue de la harpe.,Mary plays the harp.
Sa vanité ne connaît pas de frontières.,Her vanity knows no bounds.
Depuis combien de temps fais-tu ça ?,How long have you been doing this?
Je vais l'épouser.,I'm going to marry him.
Je fume un cigare cubain.,I'm smoking a Cuban cigar.
Nous avons nos lignes rouges.,We have our red lines.
Comment ce pourrait-il être ?,How could it be?
La Bulgarie est un très beau pays.,Bulgaria is a very beautiful country.
Ziri a décidé d'aider Rima.,Ziri decided to help Rima.
La vie est un exil.,Life is an exile.
Ne faites pas attention à moi.,Please don't mind me.
Je suis intelligent.,I am smart.
Réimprimer cet article est-il possible ?,Is reprinting this article a possibility?
Regardez-vous la télévision ?,Do you watch television?
Kyoto n'est pas aussi grand qu'Osaka.,Kyoto is not as large as Osaka.
Où cela t'agrée-t-il ?,Where's convenient for you?
Ce roman de science-fiction est très intéressant.,This science-fiction novel is very interesting.
Je ne suis pas une bonne personne.,I'm not a good person.
Les questions stupides n'existent pas.,There are no stupid questions.
Parlez-vous l'allemand ?,Do you speak German?
C'est quoi la liberté ?,What is freedom?
On dirait que je vais devenir père.,Looks like I will become a dad.
"Vous mentiez, n'est-ce pas ?","You were lying, weren't you?"
Nous devrions l'emporter.,We ought to win.
James avait des fractures.,James had fractures.
Tu es virée.,You are fired.
J'aimerais que vous puissiez rester pour la nuit.,I wish you could stay the night.
Je suis désolée de t'avoir fait peur.,I'm sorry if I scared you.
C’est une course contre la montre.,It's a race against time.
Pourrais-tu me faire une remise ?,Could you give me a discount?
La famille est importante.,Family is important.
Je vous fais une piqûre analgésique.,I'll give you a painkilling injection.
Les koalas sont plus populaires que les kangourous.,Koalas are more popular than kangaroos.
Quand êtes-vous tombé malade ?,When did you get ill?
"Qu'est-ce qui est arrivé, Sally ?","What happened, Sally?"
Je veux être promu.,I want to be promoted.
As-tu compris ce qu'il disait ?,Could you make out what he was saying?
Pourquoi avez-vous appris l’espéranto ?,Why did you learn Esperanto?
Ma jauge à essence se trouve sur zéro.,My petrol gauge is on empty.
Il n'a rien activé.,He activated nothing.
Je mesure six pieds deux pouces.,I'm 6 foot 2.
Yanni a entendu une voix étouffée.,Yanni heard a muffled voice.
Veuillez être prudent.,Please be careful.
Il n'y avait plus de place.,There were no seats left.
"Un café, s'il vous plaît.","One coffee, please."
Donne en tout le meilleur de toi.,Do your best in everything.
Ce thé sent bon.,This tea smells good.
Tu penses que je vais te pardonner ?,Do you think I will forgive you?
Je ferais volontiers ça.,I'd gladly do it.
Nous voulons un avocat.,We want a lawyer.
Pouvez-vous faire le poirier ?,Can you stand on your hands?
Tu l'as violé !,You raped him!
On l'a vu aux nouvelles.,We saw it on the news.
Tom plongea dans la piscine.,Tom dove into the swimming pool.
La Chine est en avance sur nous.,China is ahead of us.
Est-ce que Boston est une grande ville ?,Is Boston a big city?
J'appelerai plus tard.,I'll call later.
Essaie de ne pas trop t'inquiéter.,Try not to worry too much.
Que les choses soient claires.,Let me get something straight.
Tout est affaire de technique.,It's all about technique.
Mon sac est vide.,My bag is empty.
Karine est Autrichienne.,Karin is Austrian.
Je pensais t'y trouver.,I thought I would find you there.
Tom est professeur comme moi.,Tom is a teacher like me.
Je pars pour le Canada demain.,I'm leaving for Canada tomorrow.
Alberto faisait ses devoirs.,Alberto was doing homework.
De quelles options disposons-nous ?,What choices do we have?
Où les as-tu cassés ?,Where did you break them?
Je vais entrer en contact avec elle.,I'll get in touch with her.
Je déteste travailler avec des enfants.,I hate working with kids.
Nous apprécions le soutien.,We appreciate the support.
Tom essaye de démissionner.,Tom is trying to quit.
"Comme son père, il possède de nombreux livres.","Like his father, he has many books."
Quel coup de chance !,What a stroke of luck!
La nature est attaquée sur tous les fronts.,Nature is under attack on all fronts.
La réponse est fausse.,The answer is wrong.
Je ne déteste plus Tom.,I don't hate Tom anymore.
J'aurais aimé avoir petit-déjeuné.,I wish I had eaten breakfast.
J'ai dit ce que j'avais à dire.,I've said what I had to say.
La survie est une nécessité vitale.,Survival is a vital necessity.
"Ça sera distrayant, à défaut d'autre chose.","It will be entertaining, if nothing else."
Nous ne sommes pas toutes enseignantes.,We're not all teachers.
La phrase ne comporte aucune faute de grammaire.,The sentence doesn't have any grammatical errors.
Avez-vous la monnaie pour ce billet ?,Do you have change for this bill?
Tom est souffleur de verre.,Tom is a glassblower.
"Tout à coup, le temps devint nuageux.","All of a sudden, it became cloudy."
Je l'ai terminé.,I finished it.
Tom s'est calmé que bien plus tard.,Tom didn't calm down until much later.
Je n'ai pas fait les règles.,I didn't make the rules.
Elle l'a contraint à s'asseoir.,She forced him to sit down.
Vous êtes trempé.,You're wet through.
"La porte était fermée, mais pas verrouillée.","The door was closed, but it wasn't locked."
Nous avons enlevé les anciens meubles.,We removed the old furniture.
C'est une bonne nouvelle.,That's fantastic news.
Elle exigea de voir le responsable.,She demanded to see the manager.
Savez-vous parler le slovaque ?,Can you speak Slovak?
Je parie contre lui.,I bid against him.
J'ignore qui vous êtes.,I don't know who you are.
Nous avons un programme complet aujourd'hui.,We have a full schedule today.
Il a trois frères.,He has three brothers.
"Chez moi, c'est chez vous.",My house is your house.
Je vais vous administrer un anesthésique local.,I'll give you a local anesthetic.
Nous sauvons des vies.,We're saving lives.
Allume la lumière. Je n'y vois rien.,Switch on the light. I can't see anything.
"Les enfants, avez-vous faim ?",Are you kids hungry?
Ces substances ne sont pas vénéneuses en elles-mêmes.,These substances are not poisonous in themselves.
Mon meilleur ami est actuellement à Rome.,My best friend is currently in Rome.
Je laisse mon copain copier mes devoirs.,I let my friend copy my homework.
Elle a dit qu'elle voulait me parler.,She said she wanted to talk to me.
Je suis mécontent un peu.,I'm a bit dissatisfied.
C'est un étudiant de l'université.,He's a university student.
Je ne connus jamais mon père.,I never knew my father.
"S'il vous plaît, laissez-moi tranquille.",Please leave me alone.
"Ne t'en fais pas, je vais t'aider.","Don't worry, I'm going to help you."
Il m'a donné un cadeau.,He gave me a gift.
Elle m'a jeté un regard désapprobateur.,She threw a disapproving glance at me.
Tom possède une galerie à Boston.,Tom owns a gallery in Boston.
Tom passa ses doigts dans ses cheveux.,Tom ran his fingers through his hair.
Qu'allez-vous me dire là ?,What are you going to tell me now?
Je n'aime pas la robe que tu portes.,I don't like the dress that you're wearing.
Je fus aussi surpris que toi.,I was as surprised as you.
Ils ne vont pas y toucher.,They aren't going to touch there.
Ils viendront chercher Tom après l'école.,They will come look for Tom after school.
Nous sommes toutes de très bonnes joueuses.,We're all very good players.
Tom s'avança lentement.,Tom walked slowly forward.
Je voulais devenir journaliste.,I wanted to be a journalist.
Je peux aller enfin au lit.,Finally I can go to bed.
C'est ainsi que s'est déroulé l'accident.,This is how the accident happened.
Asseyons-nous plus près du feu.,Let's sit closer to the fire.
Ce chant me réjouit.,This song makes me happy.
Nous avons réussi à nous extirper de là.,We made it out of there.
Ne le faisons pas attendre.,Let's not keep him waiting.
Pourquoi t'intéresses-tu à moi ?,Why are you interested in me?
Ce n'est pas ce que ça veut dire.,That's not what it means.
Tu m'as fichu la trouille.,You freaked me out.
Je t'appellerai avant de partir.,I'll call you before I leave.
Tom a été assassiné.,Tom has been murdered.
C'est mon endroit favori.,This is my favorite spot.
Ce n'est rien.,This is nothing.
Elles attendent quelque chose.,They're waiting for something.
Je n'ai pas ton numéro.,I don't have your number.
Tu ferais mieux de le lui demander d'abord.,You'd better ask him first.
Vous devriez faire ça.,You should do that.
Pourquoi ne vous êtes-vous pas rasé ?,Why didn't you shave?
Fais-le faire le plus tôt possible.,Get it done as soon as possible.
Je vous ai prévenue auparavant.,I've warned you before about this.
Je ne me suis pas réveillé avant midi.,I didn't wake up until noon.
Ziri a des chats.,Ziri has cats.
Le livre est à côté du journal.,The book is next to the newspaper.
Où se trouve l'ascenseur ?,Where is the elevator?
Je supporte entièrement Tom.,I fully support Tom.
La remarque t'était destinée.,The remark was aimed at you.
Empoignez-en autant que vous en avez besoin.,Grab as much as you need.
Vous êtes-vous déjà fait des amis ?,Have you made any friends yet?
Sami prononçait son prénom « Shami ».,"Sami pronounced his first name ""Shami."""
La pauvre a perdu tous ses amis.,The poor thing lost all her friends.
Vous travaillez pour quel journal ?,Which newspaper do you work for?
Elle a déménagé.,She has moved.
Est-ce que tu sais chasser ?,Do you know how to hunt?
Tom désirait Marie.,Tom wanted Mary.
Je suis à Berlin.,I am in Berlin.
C'est la maison de Tom.,That's Tom's house.
Je suis heureux que tu puisses venir.,I'm glad that you can come.
"Écrivez-le ici, s'il vous plait.","Write it down here, please."
Fumer n'est pas permis ici.,Smoking isn't allowed here.
Tu as chaud ?,Are you hot?
Elle avait l'air un peu déçue.,She looked a little disappointed.
Ils ne savent pas mon prénom.,They don't know my name.
Je ne dois acheter rien d'autre.,There's nothing else I have to buy.
J'ai obtenu les nouvelles d'une source sûre.,I got the news from a reliable source.
Es-tu sûr que tu n'as rien oublié ?,Are you sure you haven't forgotten anything?
Nous l'avons toutes vue.,We've all seen it.
Ne me fais pas dire ça.,Don't make me say it.
Je me suis présenté comme maire.,I ran for mayor.
N'est-il pas temps de manger ?,Isn't it about time to eat?
Sa chambre est tout sauf propre.,His room is anything but neat.
J'ai décidé de ne plus jamais voter.,I've decided never to vote again.
Aucun titre n'est gravé sur la statue.,No title is engraved on the statue.
Tu peux faire quelque chose ?,Can you do something?
Je n'y ai jamais songé de cette manière.,I never thought about it that way.
Tom avait l'air d'aller bien.,Tom seemed fine.
La punaise a soif.,The bug is thirsty.
Il y a trois fenêtres dans cette pièce.,This room has three windows.
J'adore le métro marseillais.,I love the Marseille metro.
Qui avez-vous rencontré ?,Who did you meet?
Êtes-vous effrayés ?,Are you frightened?
Ferme la porte après toi.,Shut the door behind you.
Je l'ai abandonnée.,I left her behind.
Je n'ai pas eu l'honneur de le rencontrer.,I haven't had the honor of meeting him.
C'est une maladie sérieuse.,It's a serious illness.
Nous encadrerons ce tableau.,We'll frame this painting.
C'est ma sœur.,She's my sister.
Amenez-la avec vous !,Bring her along.
Tom est vieux.,Tom is old.
Tom ne me l'a pas rendu.,Tom didn't give it back to me.
Il lui a donné une feuille de papier.,He gave her a piece of paper.
Je dois le peindre.,I have to paint it.
Je suis dingue d'elle.,I'm crazy for her.
N'ouvrez pas votre livre !,Don't open your book.
Ziri doit aimer ce qu'il apprend.,Ziri has to like what he learns.
Je ne vois aucune raison de se plaindre.,I don't see any reason to complain.
Est-ce que je peux boire de l'eau ?,Can I drink some water?
Les Étasuniens sont grands.,Americans are tall.
Il est maintenant l'heure de partir.,It's now time to leave.
L'excès de travail l'a tué.,Overworking was the death of him.
Je me demandais où étaient Tom et Mary.,I wondered where Tom and Mary were.
Êtes-vous éprise d'elle ?,Do you have a crush on her?
Lis le livre.,Read the book.
La cloche n'a pas encore sonné.,The bell has not rung yet.
On a besoin d'aide ici.,We need help here.
La clarté de l'eau est excellente.,Water clarity is excellent.
Au moins il est honnête.,At least he's honest.
Je pense que c'est voulu.,I think that it's intended.
Les deux réponses sont correctes.,The two answers are both correct.
Les retardataires n'ont pas été admis au spectacle.,Latecomers weren't admitted to the show.
Il est égoïste et cupide.,He is selfish and greedy.
La voiture est dans le garage.,The car is in the garage.
Êtes-vous certain que c'est sûr ?,Are you sure that's safe?
Tom a remporté un prix au concours d'orthographe.,Tom won a prize in the spelling competition.
Le bonheur ne s'achète pas.,You cannot buy happiness.
Vous êtes tellement généreux.,You're so generous.
Aidez-moi à sortir de là !,Help me out here.
Je sais que tu te sens impuissante.,I know that you feel helpless.
Tom se réveille.,Tom is waking up.
C'est vachement génial.,This is fucking awesome.
Venez jeter un œil là-dessus.,Come and have a look at this.
J'espère que personne n'a été tué.,I hope that nobody got killed.
Je ne lis pas beaucoup.,I don't read much.
Je ne demande pas après elles.,I'm not asking about them.
Je ne suis pas née riche.,I wasn't born rich.
Félicitations pour ton anniversaire.,Congratulations on your anniversary.
Personne ne t'aidera.,Nobody will help you.
Les hommes ne sortent pas avec des hommes.,Men don't date men.
Je serai là-bas dans cinq minutes.,I'll be there in five minutes.
Les enfants sont déjà partis pour l'école.,The children already went to school.
Veux-tu lire ce magazine ?,Would you like to read this magazine?
Tout espoir était perdu.,All hope was gone.
J'étais totalement isolée.,I was totally isolated.
Est-ce que Tom fume toujours ?,Does Tom still smoke?
Ils ont rencontré Marie ici hier.,They met Mary here yesterday.
J'ai embauché un nouveau chauffeur.,I've hired a new chauffeur.
L'apprentissage d'une langue étrangère demande de la patience.,Learning a foreign language requires patience.
Vous avez dit que nous n'attraperions jamais Tom.,You said we'd never catch Tom.
Tom est un excellent avocat.,Tom is an excellent lawyer.
Les pompiers n'ont pas pu éteindre les flammes.,The firemen couldn't extinguish the flames.
Il est maintenant plus grand que sa mère.,He's now taller than his mother.
"C'était vous, n'est-ce pas ?","That was you, wasn't it?"
Ne regarde pas Tom. Regarde-moi.,Don't look at Tom. Look at me.
Tu étais tellement géniale.,You were so awesome.
Tom est mort la semaine dernière.,Tom died last week.
Il n'y a plus rien à faire.,There's nothing left to do.
Il nia la rumeur.,He denied the rumor.
Vous avez l'air japonaise.,You look Japanese.
Tom a acheté une nouvelle voiture hier.,Tom bought a new car yesterday.
Personne ici n'a de voiture.,No one here has a car.
Appelle-moi quand tu voudras.,Call me any time you want.
Tom doit vite aller au bureau.,Tom has to get to the office quickly.
La langue reflète l'expérience du quotidien.,Language reflects daily experience.
Tu gaspillais ton argent.,You squandered your money.
Tom a voulu jouer aux échecs.,Tom wanted to play chess.
J'achète tous les jours des journaux.,I buy newspapers every day.
Elle est occupée depuis hier.,She has been busy since yesterday.
Je ne comprends pas le portugais.,I don't understand Portuguese.
Ton ami Tom n'est pas revenu.,Your friend Tom hasn't returned.
Il a abandonné l'espoir d'être médecin.,He abandoned his hope of becoming a doctor.
C’est loin ?,Is it far?
Je m’en branle.,I don't care.
Combien de gens compte ton équipage ?,How many people are in your crew?
Peux-tu me prêter une lampe torche ?,Do you have a flashlight I can borrow?
Tom donna un coup de pied à Mary.,Tom kicked Mary.
Tom est très occupé la plupart du temps.,Tom is really busy most of the time.
Tom est têtu comme un mulet.,Tom is stubborn as a mule.
Ses sbires sont là pour nous tuer.,His goons are here to kill us.
Ziri était bizarre.,Ziri was weird.
L'avion s'envola au-delà de notre champ de vision.,The plane flew beyond our range of vision.
Il me faut te voir ce soir.,I need to see you tonight.
Cela signifie-t-il que tu l'as achetée ?,Does that mean you bought it?
Comment l'as-tu rencontré ?,How did you meet him?
Votre réponse diffère de la mienne.,Your answer differs from mine.
La glace est assez solide pour patiner.,The ice is solid enough for skating.
Elle est restée dehors sous la pluie.,She stayed out in the rain.
Suis mon conseil.,Follow my advice.
"Bientôt, je vous annoncerai une très bonne nouvelle.","Soon, I'll tell you some good news."
Elles ont gardé leur relation secrète.,They kept their relationship a secret.
Marie partit en voyage autour du monde.,Mary went on a voyage around the world.
J'ai peur de mon patron.,I'm afraid of my boss.
Il a décroché le téléphone.,He picked up the phone.
Tom vient d'être opéré.,Tom just had surgery.
Je suis un OVNI.,I'm a UFO.
Personne ne peut battre son record.,Nobody can break his record.
L'as-tu acheté ici ?,Did you buy it here?
Les chiens aboient-ils ?,Do dogs bark?
Je ne veux pas aller près d'elle.,I don't want to go near her.
Je ne suis pas fou.,I'm not crazy.
Sont-ils déjà là ?,Are they already there?
Timsounin ou Mchounech est une commune de Biskra.,Timsounine or Mchounech is a commune in Biskra.
Personne n'est là.,No one is there.
Elle déteste les carottes.,She hates carrots.
Je commence à me sentir plus confiante.,I'm starting to feel more confident.
C'est une très bonne voiture.,It's a really good car.
Quelles sont vos réflexions sur l'entreprise ?,What are your thoughts on the company?
Je peux lire sans lunettes.,I can read without glasses.
J'ai fait quelques erreurs.,I made a few mistakes.
Comment est-ce qu'on utilise cette carte ?,How do you use this card?
Je bois pour me détendre.,I drink to relax.
Le café est prêt.,Coffee is ready.
J'ai une tension basse.,I have low blood pressure.
Yanni est toujours compréhensif.,Yanni is always understanding.
La starlette est un peu usée.,The starlet is getting on in years.
Frappe à la porte du cœur de quelqu'un.,Knock on the door of one's heart.
Je vais garder un œil sur Tom.,I'll keep an eye on Tom.
Il les battait.,He beat them.
Le pont est-il sûr ?,Is the bridge safe?
Je sais comment gérer ça.,I know how to handle this.
Qui a écrit « Le Prince » ?,"Who wrote ""The Prince""?"
Merci beaucoup pour ta lettre.,Thank you very much for your letter.
J'ai tranché la pomme.,I sliced the apple.
Nous dites-vous la vérité ?,Are you telling us the truth?
J’ai été volé.,I was robbed.
Il a vu que j'étais hors de moi.,He saw that I was beside myself.
Tu dois sourire plus.,You need to smile more.
Pourquoi n'as-tu pas pu venir hier ?,Why couldn't you come yesterday?
Comme ce fruit est délicieux !,How delicious this fruit is!
Quand dois-tu te coucher ?,When do you have to go to bed?
Je crois à cette histoire.,I believe that story.
Voudriez-vous prendre des congés ?,Would you like to take a recess?
Ça pourrait servir un jour.,This might come in handy someday.
Elle tenta de se donner la mort.,She attempted to kill herself.
Ils publient leurs résultats.,They publish their findings.
Je n'aime pas visiter les grandes villes.,I don't like visiting big cities.
Nous avons des avis opposés sur la question.,We have opposing opinions on the matter.
Je vais chanter aujourd'hui.,I'll sing today.
Nous en sommes pour ainsi dire certains.,We're quite certain of that.
Passe-moi un tournevis.,Give me a screwdriver.
Nancy posa ses coudes sur ses genoux.,Nancy rested her elbows on her knees.
J'ai tout perdu aux jeux.,I lost everything gambling.
Ne te décourage pas.,Don't get discouraged.
J'ai hâte que les vacances d'été commencent.,I can't wait for summer vacation to start.
Tout le monde se battait.,Everyone was fighting.
Il n’a pas de couilles.,He's got no balls.
Il est trop saoul.,He's too drunk.
Vous n'avez pas le droit de nager ici.,You can't swim here.
Mon beau-père a les cheveux noirs.,My wife's father has dark hair.
Nous ne sommes pas doués pour les mathématiques.,We're not good at math.
Il a licencié la plupart de ses hommes.,He fired most of his men.
Comment s'appelle cette rivière ?,What is this river called?
Je veux tout dessus.,I want everything on it.
Ses yeux tombèrent sur le bébé.,Her eyes fell on the baby.
Ne juge pas un homme à ses habits.,Don't judge a man by his clothes.
"Enfin, nous sommes parvenus au lac.","At last, we got to the lake."
Ça n'aurait pas pu être pire.,It couldn't have been worse.
Aimes-tu Moscou ?,Do you like Moscow?
Je mange une glace à la vanille.,I'm eating vanilla ice cream.
Il n'a pas sa place dans la société.,He doesn't fit in society.
Vous devez la réparer.,You need to fix it.
Je lui ai donné quelques bonbons.,I gave her some candy.
Je regardai une belle image.,I looked at a beautiful image.
Pourquoi veux-tu savoir ?,Why do you need to know?
"Le lendemain, elle a changé d'avis.","The next day, she changed her mind."
Ne m'oublie pas.,Don't forget about me.
Ces pommes-là sont très grosses.,Those are very big apples.
J'y étais l'autre jour.,I was there the other day.
Ce lait est-il toujours bon ?,Is this milk still good?
Nous espérons que vous apprécierez le film.,We hope you enjoy the movie.
Qu'est-ce qu'il y a à faire ?,What's there to do?
N'est-elle pas médecin ?,Isn't she a doctor?
Qu'y a-t-il dans le jardin ?,What is in the garden?
Elles cultivent des fleurs dans le jardin.,They grow flowers in the garden.
Le chat est comme l'être humain.,A cat is like a human being.
Je sais quel est votre nom.,I know what your name is.
Marie a envoyé un selfie à Tom.,Mary sent Tom a selfie.
Je l'ai utilisé seulement une fois.,I've only used it once.
De quoi Tom a-t-il besoin ?,What does Tom need?
Tom n'avait pas l'air impressionné.,Tom didn't seem impressed.
Ça n'était pas drôle.,This was not funny.
Choisissez la phrase grammaticalement incorrecte.,Choose the grammatically incorrect sentence.
C'était un pasteur respecté de tous.,He was an holy Joe that everyone respected.
Nous avons posé quelques questions à Tom.,We asked Tom some questions.
Dieu est toujours présent.,God is always present.
L’entreprise était vouée à l’échec.,The enterprise was doomed to failure.
Les oiseaux sont des dinosaures.,Birds are dinosaurs.
Sami a envoyé une carte d'anniversaire à Layla.,Sami sent Layla a birthday card.
Tu es encore jeune et en bonne santé.,You're still young and healthy.
Ça ne les a pas fait rire.,They were not amused.
Je veux vraiment être ton ami.,I do want to be your friend.
"« Je t'aime », chuchota-t-elle.","I love you, she whispered."
C'était une belle pause.,It was a nice break.
J'ai pensé à toi l'autre jour.,I thought about you the other day.
"La symétrie, c'est l'ennui.",Symmetry is boring.
Sa voiture est là.,Her car is there.
Bush ne veut pas faire la guerre.,Bush doesn't want to make war.
Que dis-tu d'un dessert ?,What about dessert?
Elle a été brutalement assassinée.,She was brutally murdered.
Merci beaucoup d'être venues.,Thank you so much for coming.
Tom m'a acheté un appareil photo.,Tom bought a camera for me.
J'ai appris quelque chose de ce livre.,I've learned something from this book.
J'ai appris à conduire à mon épouse.,I taught my wife how to drive.
C'est vrai qu'elle enseigne le français.,It is true that she teaches French.
Mon adresse électronique est abcde@example.com.,My e-mail address is abcde@example.com.
Tom préfère les blondes.,Tom prefers blondes.
Nous y croyons.,We believe them.
Je sais ce que tu faisais.,I know what you were doing.
Elle l'a attendu deux heures.,She waited for him for two hours.
Mange tes épinards !,Eat your spinach.
On m'a dit que vous étiez une experte.,I was told you were an expert.
Il adore se rendre au théâtre.,He loves going to the theater.
J'ai promis à Tom que j'aiderais.,I've promised Tom I would help.
Il ne figure pas sur la liste.,He's not on the list.
Il dirige bien les chevaux.,He handles horses well.
Sa proposition vaut la peine d'être étudiée.,His suggestion is worth considering.
C'est ce sur quoi nous comptons.,That's what we're counting on.
Combien de personnes comptez-vous inviter ?,How many people are you planning on inviting?
Je n'attends rien de vous.,I don't expect anything from you.
J'ai une bicyclette.,I do have a bicycle.
Ce genre de personne est insipide.,That type of person is dull.
Les soldats ne purent rien entreprendre jusqu'au printemps.,The soldiers could do nothing until spring.
Je suppose que je ne peux vous arrêter.,I guess I can't stop you.
Elle veut vivre à proximité de la nature.,She wants to live close to nature.
Je dis non.,I'm saying no.
Il est arrivé après que je suis parti.,He arrived after I had left.
Assure-toi qu'il ne fasse rien de stupide.,Make sure he doesn't do anything stupid.
Ton écharpe traîne par terre.,Your scarf is dragging along the ground.
Tom crie sur Marie.,Tom is shouting at Mary.
Nous ne sommes pas fous.,We're not mad.
Vous savez que nous croyons en eux.,You know we believe in them.
Marie a acheté du pain.,Mary bought some bread.
"Malheureusement, je n'ai pas de temps aujourd'hui.","Unfortunately, I don't have time today."
Il va rarement à l'église.,He seldom goes to church.
Je l'ai téléchargé.,I downloaded it.
"Maman, où est papa ?","Mum, where's Dad?"
Aimes-tu pêcher ?,Do you like fishing?
Qui as-tu vu là-bas ?,Who did you see there?
Je leur suis reconnaissant.,I am grateful to them.
Il y a eu quelques accrocs.,There have been hitches.
Étais-tu excitée ?,Were you excited?
Elle a acheté un jouet pour son enfant.,She bought a toy for her child.
Tom ronfle fort.,Tom snores loudly.
Quelques enfants se baignent dans la rivière.,Some children are swimming in the river.
Qui a apporté le vin ?,Who brought the wine?
Ferme toutes les fenêtres !,Close all the windows.
Tom n'approuverait certainement pas.,Tom most certainly would not approve.
Cet hôtel n'a pas de wifi gratuit.,This hotel doesn't have free WiFi.
La météo était déprimante hier.,The weather was miserable yesterday.
Le Portugal n'est pas une exception.,Portugal is not an exception.
Elle était en train de faire du thé.,She was making tea.
Peut-être as-tu mal cherché ?,Maybe you were looking in the wrong place?
Nous attendions ça depuis des lustres.,We've been waiting for this for ages.
Elle avait envie de danser.,She felt like dancing.
De quoi parlerons-nous ?,What'll we talk about?
Avez-vous cela également dans d'autres couleurs ?,Do you also have this in other colors?
Quel comportement puéril! Grandis un peu!,What puerile behaviour! Grow up!
Il fut lapidé.,He was stoned.
Il est très fort en maths.,He's very good at maths.
Ne vous donnez pas des airs !,Don't give yourself airs.
Personne ne se trouve en bas.,No one is downstairs.
Je peux garer ma voiture ici ?,Can I park my car here?
Elle fait ses devoirs.,She's doing her homework.
Je suis désolé de t'avoir entraîné là-dedans.,I'm sorry I dragged you into this.
"Hier, j'ai écouté un très beau chant.",Yesterday I listened to a very beautiful song.
"Tu me manques, parfois.","Now and then, I miss you."
L'énergie solaire est écologique.,Solar power is environmentally friendly.
Elle parle hongrois.,She speaks Hungarian.
Nous parvînmes au sommet de la montagne.,We reached the top of the mountain.
Sa voix porte très bien.,His voice carries very well.
Avez-vous utilisé une capote ?,Did you use a condom?
Je l'ai cherché.,I looked for him.
As-tu un époux ?,Do you have a husband?
J'ai autant d'argent que lui.,I've got as much money as he has.
Ils ont gardé leurs découvertes secrètes.,They kept their findings secret.
Ça veut dire quoi ?,What does this mean?
Soyez vues par moi !,Be seen by me!
C'est notre dernière chance.,This is our last chance.
Le judaïsme est une religion monothéiste.,Judaism is a monotheistic religion.
Ton conseil a été d'une grande aide.,Your advice has been of great help.
Tom connaît bien les problèmes d'argent.,Tom is no stranger to money problems.
C'est vraiment une gentille fille.,She is really a nice girl.
Connaissez-vous leur père ?,Do you know their father?
Je me suis goinfré de pizza.,I pigged out on pizza.
J'y serai aussi.,"I'm going to be there, too."
Ce problème n'est pas facile à résoudre.,This problem isn't easy to solve.
Nous sommes ouverts demain soir.,We're open tomorrow night.
J'aime me trouver en votre compagnie.,I like being with you.
Passons un bon moment !,Let's have a good time.
C'est un bureaucrate.,He's a bureaucrat.
C'est un discours vide.,It's empty talk.
Le berger allemand était dans une position défensive.,The German Shepherd was in a defensive position.
Elle avait honte de son ignorance.,She was ashamed of her ignorance.
Ce sera bientôt l'été.,It will be summer soon.
Tom dépend-il encore de ses parents ?,Does Tom still rely on his parents?
Tom et moi sommes amis.,Tom and I are friends.
Je n'ai pas fait ça.,I haven't done that.
Je n'apprécie pas ces gens.,I don't like those people.
J'ai rencontré plein de gens sympas.,I met a lot of nice people.
Voici un couteau dont tu peux te servir.,Here's a knife you can use.
Je traversai la rue.,I walked across the street.
Je le détruirai.,I'll destroy it.
Je ne pus m'empêcher de rire.,I couldn't stop laughing.
Ne me distrayez plus.,Don't distract me anymore.
Cela ressemble à ceci.,That seems like it.
Tom s'est préparé une boisson.,Tom made himself a drink.
Tom ne peut pas t'aider maintenant.,Tom can't help you now.
C'est interdit dans la plupart des pays.,It's prohibited in most countries.
J'ai tout pigé.,I've got it all.
Cette fleur ne pousse qu'ici.,This flower only grows here.
Voulez-vous cette chemise ?,Do you want this shirt?
Ce fut une décision hardie.,It was a bold decision.
Maintenant je dois trouver Tom.,Now I have to find Tom.
"Tu veux quelque chose de moi, non ?","You want something from me, don't you?"
Nous allons tous mourir un jour.,We're all going to die one day.
Elles ont été déçues.,They were disappointed.
Je vais te présenter ma maman.,I’ll introduce you to my mother.
Il prétend avoir des visions divines.,He claims to have visions from God.
Ma belle-sœur est une bonne amie à moi.,My sister-in-law is a good friend of mine.
Il sera là dans dix minutes.,He'll be along in ten minutes.
Pour moi c'était comme si c'était du grec.,That was all Greek to me.
Je l'ai acheté pour mon petit ami.,I bought this for my boyfriend.
Tom n'a peur de personne.,Tom isn't afraid of anyone.
Garde tes chaussures.,Keep your shoes on.
Avez-vous achevé votre travail ?,Are you finished with your work?
"Répondez à toutes les questions, s'il vous plaît.",Please answer all the questions.
Vous a-t-on diagnostiqué un emphysème ?,Have you been diagnosed with emphysema?
Je te félicite !,I congratulate you!
Nombre de prisonniers furent décapités.,Many of the prisoners were decapitated.
Est-ce endommagé ?,Is it damaged?
Tom m'a enseigné beaucoup de choses utiles.,Tom taught me a lot of useful things.
"Hier, un voleur a visité la maison.","Yesterday, a thief entered the house."
Le lapin s'est dissimulé derrière l'arbre.,The rabbit hid behind the tree.
Avez-vous considéré cela ?,Have you considered that?
Dites-moi quelque chose à propos de votre fils.,Tell me something about your son.
Ils n'ont rien à manger.,They have nothing to eat.
La porte ne se ferme pas.,The door doesn't lock.
Mes deux parents sont musiciens.,Both of my parents are musicians.
Savez-vous où ils se cachent ?,Do you know where they're hiding?
Les joueurs de football portent des protège-tibias.,Footballers wear shin pads.
Les uniformes diffèrent selon les écoles.,Uniforms differ from school to school.
"Mon passe-temps, ce sont les langues.",My hobby is languages.
C'est la plus belle fille du monde.,She's the most beautiful girl in the world.
Il a ligoté le voleur.,He trussed up the thief.
Je veux une épée !,I want a sword!
Je monte la garde.,I stand guard.
Laisse-moi régler ça.,Let me handle this.
Veuillez me dire quels médicaments vous prenez.,Please tell me which medications you are taking.
Ça sent mauvais.,It smells bad.
La chatte détruisit mon canapé.,The cat ruined my sofa.
La douleur vient et repart.,The pain comes and goes.
Qu'y a-t-il de si extraordinaire ?,What's the big deal?
Où se trouve l'amour ?,Where's the love?
L'objectivité est-elle possible en histoire ?,Does objective history exist?
Nous l'avons cassée en deux.,We broke it in half.
Je serai discrète.,I'll be discreet.
Le ciel devint de plus en plus sombre.,The sky became darker and darker.
Je pense acheter une voiture.,I'm thinking of buying a car.
Je pense que tu es marrante.,I think you're funny.
J'ai égaré mes lunettes de soleil.,I lost my sunglasses.
Vous avez un réel potentiel.,You have real potential.
"Bien, en voilà assez !","OK, that's enough."
Que veut cette femme ?,What does this woman want?
Felix a décidé d'y aller sur le champ.,Felix decided to go right there and then.
J'ignore ce qui arrive.,I don't know what's happening.
Vous nous craignez.,You're afraid of us.
Le drapeau des USA a cinquante étoiles.,The American flag has fifty stars.
Les femmes sont sincères.,Women are sincere.
Te joins-tu à nous ?,Will you join us?
Je suis allé me coucher tôt cette nuit-là.,I went to bed early that night.
Rends-lui ce que l'on lui doit.,Return to him what he is owed.
N'oubliez pas de mettre vos ceintures.,Don't forget to put on your seatbelts.
Le monde est accablé de misère.,The world is full of misery.
Elle apprécie le jazz.,She likes jazz.
C'est bon signe.,It's a good sign.
Je déteste ce costume-ci.,I hate this costume.
"Ses meilleures années sont derrière lui, tu sais.","He is over the hill, you know."
J'ai appris par la suite qu'il était homosexuel.,I later found out that he was gay.
Tom peut aller avec toi s'il veut.,Tom can go with you if he likes.
Devine ce qu'il m'est arrivé.,Guess what happened to me.
Ma jupe est trop longue.,My skirt is too long.
J'ai beaucoup de rêves.,I have a lot of dreams.
Comment traduire CD en kabyle ?,How do you translate CD into Kabyle?
Est-ce sale ?,Is it dirty?
Éprouves-tu toujours des sentiments à son égard ?,Do you still have feelings for her?
"Hier, il prononça un très long discours.",He delivered a very long speech yesterday.
"Honnêtement, je ne pense pas qu'elle s'en soucie.","Honestly, I don't think she's worried about it."
Ils sont de grands amis.,They are great friends.
Ils les ont invités à dîner.,They invited them to dinner.
Tom est un européen.,Tom's a European.
À qui est ce bonbon ?,Whose candy is this?
"C'est nuageux, mais il fait très chaud.","It's cloudy, but it's very warm."
Je suis devenu furieux.,I got mad.
Laquelle est notre voiture ?,Which car is ours?
Je pense que c'est un grand écrivain.,I think he's a great writer.
Tais-toi et regarde le film !,Shut up and watch the movie.
Où est votre père ?,Where is your father?
C'est une écologiste.,She is an environmentalist.
Puis-je te prendre en photo ?,Can I take your picture?
Il se tortille comme un ver.,He writhes like a worm.
Tom n'a rien fait d'autre.,Tom didn't do anything else.
Tu copieras les phrases.,You will copy the phrases.
Sur quoi s'appuie cet argument ?,What is the basis for the argument?
C'est plus dur que ça n'en a l'air.,It's harder than it looks.
Vous êtes de retour à Akbou.,You've returned to Akbou.
J'ai dormi neuf heures.,I slept nine hours.
La plupart des éviers sont en acier inoxydable.,Most kitchen sinks are made of stainless steel.
Elle s'est plainte de mon bas salaire.,She complained about my low salary.
Si seulement nous avions un fils !,If only we had a son!
Tom a sauté par la fenêtre.,Tom jumped out the window.
J'ai demandé l'asile politique.,I've requested political asylum.
Elle parlait en berbère.,She spoke Berber.
Ce fut une excellente idée.,It was a great idea.
Nous nous sommes apprêtées.,We got ready.
L'aigle est le roi des oiseaux.,The eagle is king of birds.
Elle a survécu à l'accident.,She survived the accident.
Son livre est très intéressant.,His book is very interesting.
J'admire beaucoup Pharamp.,I admire Pharamp a lot.
Elle prit son temps.,She took her time.
De quelle langue avez-vous traduit ?,What language did you translate from?
Je ne voulais pas te surprendre.,I didn't want to surprise you.
Ne touchez plus à mes affaires !,Don't touch my stuff!
Peut-être vous apprécie-t-il.,Maybe he likes you.
Bonne nuit. Fais de beaux rêves.,Good night. Sweet dreams.
Chaque semaine il va pêcher.,Every week he goes fishing.
Je ferai tous les efforts pour l'obtenir.,I will make every effort to get it.
Le commerce des armes est florissant.,The arms trade is flourishing.
Elles ont fait de nombreux changements.,They made many changes.
J'espère qu'elles m'apprécient.,I hope they like me.
Nous sommes toujours heureux.,We're always happy.
Elles veulent que j'organise une soirée.,They want me to throw a party.
Ziri a été embauché.,Ziri was hired.
Elles n'ont jamais été à l'école.,They have never been to school.
Ce n'est pas encore votre tour.,It's not your turn yet.
Ceci est une sphère.,This is a sphere.
Je connais le piano.,I am familiar with the piano.
Je veux apprendre le toki pona.,I want to learn toki pona.
C'est hautement improbable.,That is highly unlikely.
Elle l'a poussé à travailler plus dur.,She prodded him to work harder.
Comment s'écrit ce mot ?,How is this word written?
Le voyez-vous souvent ?,Do you see him often?
Vos idées sont toujours appréciées.,Your ideas are always appreciated.
"Restons à l'intérieur, dehors il fait terriblement froid.",Let's stay inside. Outside it's terribly cold.
J'aimerais en discuter avec ton chef.,I'd like to discuss this with your boss.
Où est mon père ?,Where's my father?
Ce problème paraît difficile.,This problem seems difficult.
Je pense qu'il faut que nous fassions attention.,I think we need to be careful.
Est-ce que tu m'as gardé un siège ?,Did you save me a seat?
Je n'ai aucune idée d'où je me trouve.,I have no idea where I am.
Je détiens moins de livres que toi.,I have fewer books than you.
Leur réponse est non.,Their answer is no.
Cette robe est une bonne affaire.,This dress is a good bargain.
Ils lui ont caché la vérité.,They hid the truth from her.
Cesse d'être cruelle.,Stop being cruel.
J'ai téléchargé le fichier sur mon ordinateur.,I downloaded the file to my computer.
Il a l'air suspect.,He looks suspicious.
Vous ne devez pas céder à la tentation.,You must not yield to temptation.
"Pourquoi veux-tu perdre du poids, en réalité ?",Why do you really want to lose weight?
La chambre forte est déjà ouverte.,The vault's already open.
Ziri fait tout.,Ziri does everything.
C'était une simple coïncidence.,It was just a coincidence.
Je déteste les lèche-bottes.,I detest lickspittles.
Vous êtes en grave danger.,You're in serious danger.
Je vous demande tous les deux de réessayer.,I'm asking you both to try again.
Je prends parfois une douche le matin.,I sometimes take a shower in the morning.
La nuit était si froide.,The night was so cold.
Le bar va bientôt fermer.,The bar is closing soon.
Que portes-tu ?,What are you wearing?
Plus personne ne lui fait confiance.,No one trusts him any more.
Elle adore faire du shopping.,She loves to go shopping.
La prostitution est légale en Allemagne.,Prostitution is legal in Germany.
Ne parle pas de ma famille !,Don't talk about my family.
Tom mange beaucoup d'algues.,Tom eats a lot of seaweed.
Avez-vous une fille ?,Do you have a daughter?
Tu aimes les pommes ou les oranges ?,Do you like apples or oranges?
Il nous a dit de partir immédiatement.,"He told us, ""Set off at once."""
Plus facile à dire qu'à faire.,It's easier said than done.
Personne ne vous comprend.,No one understands you.
J'ai deux frères ainés.,I have two big brothers.
C'est toujours dans les limbes.,It's still in limbo.
En espérant que personne n'émettra d'objection.,"Hopefully, no one will object."
Nous sommes en forêt.,We're in the forest.
C'est un taulard en cavale.,He's a jailbird on the lam.
Merci d'être là.,Thanks for being here.
Elle n'a pas besoin d'être aussi anxieuse.,She doesn't need to be so anxious.
As-tu perdu connaissance après l'accident ?,Did you lose consciousness after the accident?
Tom n'attend plus rien de la vie.,Tom doesn't expect anything from life anymore.
J'adore ce spectacle.,I love that show.
Où puis-je acheter un magazine ?,Where can I buy a magazine?
Donc que se passe-t-il ?,So what's going on?
J'ai travaillé seul.,I worked alone.
Tom a continué à sourire.,Tom kept smiling.
Ils ont parlé pendant plus de trois heures.,They spoke for more than three hours.
Ses doigts virevoltaient sur le clavier.,Her fingers danced over the keyboard.
Ne me taquine pas !,Don't tease me.
Ne vous ennuyez pas à faire cela maintenant.,Don't bother doing that now.
Ziri a de l'intelligence.,Ziri is smart.
J'ai apporté des sandales.,I brought some sandals.
Tom prenait des leçons de piano.,Tom took piano lessons.
Tom ne jouera pas au tennis aujourd'hui.,Tom won't play tennis today.
Pouvez-vous comprendre Tom ?,Are you able to understand Tom?
Vos résultats d'examen sont excellents.,Your examination results are excellent.
"Y a-t-il quelqu'un qui parle mandarin, ici ?",Is there anyone who can speak Chinese here?
Il n'y a pas d'autres détails.,There are no further details.
J'aimerais correspondre avec elle.,I would like to correspond with her.
J'y ai également réfléchi.,"I've been thinking about it, too."
Tom souhaitait changer sa vie.,Tom wanted to change his life.
Je ne serai jamais aussi bonne que vous.,I'll never be as good as you.
Quelle différence est-ce que ça ferait ?,What difference would that've made?
Tom n'a pas perdu de temps.,Tom didn't waste any time.
Dix divisé par cinq font deux.,Ten divided by five is two.
Tu as l'air d'une fille.,You look like a girl.
Pourquoi n'apprends-tu pas le français ?,Why don't you learn French?
Ne nourrissez pas les trolls.,Don't feed the trolls.
Tu n’es pas toujours en forme.,You are not always in shape.
Il ignore mes problèmes.,He ignores my problems.
Tu as à nouveau tort.,You're wrong again.
Mon cœur bat si fort !,My heart's beating so fast!
"Monsieur Tanaka, vous êtes demandé au téléphone.","Mr Tanaka, you are wanted on the phone."
Je suis content que ça vous rende heureuse.,I'm glad that makes you happy.
Je suis allé à Boston l'automne dernier.,I went to Boston last fall.
Qu'est-ce que tu as à la main ?,What have you got in your hand?
Je suis content d'avoir appris l'anglais.,I'm glad I learned English.
"Des deux filles, elle est la plus jeune.","Of the two girls, she is the younger."
Je ne serai pas déçu.,I won't be disappointed.
Personne n'est venu à mon secours.,Nobody came to my rescue.
Je refusais les cadeaux.,I refused the gifts.
Je ne provoque pas leurs filles.,I'm not provoking their daughters.
Son point de vue est assez logique.,His view is quite logical.
Pourquoi les secrets nous fascinent-ils ?,Why do secrets fascinate us?
Nourris le hamster.,Feed the hamster.
Personne n'aura besoin d'une explication.,Nobody will need an explanation.
Notre concert a été reporté.,Our concert has been postponed.
Tu aimes écouter de la musique classique ?,Do you like listening to classical music?
Ziri achète des cadeaux à Rima.,Ziri buys Rima gifts.
C'est beaucoup d'argent.,That's a lot of money.
Elles n'aiment pas les olives.,She doesn't like olives.
Je ne faisais que dire mes prières.,I was only saying my prayers.
Tom mâche de la gomme à mâcher.,Tom is chewing bubble gum.
Je ne suis pas coupable.,I'm not guilty.
Combien de temps êtes-vous resté à Boston ?,How long did you stay in Boston?
Le ciel a été gris toute la matinée.,The sky was grey all morning.
De quoi tires-tu fierté ?,What do you take pride in?
Elle non plus ne me comprend pas.,Even she doesn't understand me.
Le français est sa langue maternelle.,French is her mother tongue.
Tom est notre invité.,Tom is our guest.
Je viens de chez moi.,I'm coming from home.
Il est génial.,He is awesome.
Discutons de ce problème.,Let's talk over the matter.
Il me semble que tu es bête.,Methinks thou art foolish!
Je ne peux pas permettre que ceci continue.,I can't permit this to continue.
J'ai été libéré.,I was freed.
Qui t'a dit de m'emmener ici ?,Who told you to bring me here?
Tom a amené un parapluie.,Tom brought an umbrella.
Que vas-tu y faire ?,What're you going to do about it?
Je ne vous manquerai pas.,You won't miss me.
Salez et poivrez pour goûter.,Salt and pepper to taste.
J'ai une petite-fille d'à peu près votre âge.,I have a granddaughter about your age.
Il a perdu patience.,He lost patience.
Mon programme est vraiment chargé en ce moment.,My schedule is really tight right now.
Elles se sont rencontrées au collège.,They met in high school.
Ma femme a deux sœurs.,My wife has two sisters.
La douleur est constante.,The pain is there all the time.
Je vais demander à Tom ce qu'il pense.,I'll ask Tom what he thinks.
Il aura soif.,He's going to be thirsty.
Merci beaucoup pour ton explication détaillée.,Thank you very much for your detailed explanation.
Ils ont dansé toute la nuit.,They danced all night long.
Le pilote fit atterrir l'avion dans le champ.,The pilot landed the airplane in the field.
Ce monsieur a une humilité à toute épreuve.,This man is very humble.
L'hilarité des enfants était contagieuse.,The children's mirth was contagious.
Tom arriva en dernier.,Tom arrived last.
Elles sont retournées à la salle des fêtes.,They returned to the village hall.