word,translation
Lei gli ha insegnato i trucchi del commercio.,She taught him the tricks of the trade.
Ci può essere una riduzione delle vocali.,There may be a reduction of vowels.
Tom si scusò diverse volte.,Tom apologized numerous times.
Io ho paura dell'autobus.,I'm afraid of the bus.
Finora ho visitato tre paesi europei.,I have visited three European countries so far.
Mary ha detto che si sentiva minacciata.,Mary said she felt threatened.
"È molto più bassa di me, vero?","She's much shorter than me, isn't she?"
Ne ho fumato uno.,I smoked one.
Tom è diventato un poliziotto.,Tom became a policeman.
Non ti seguirò.,I will not follow you.
Non mi forzare a farlo.,Don't force me to do that.
Parlo molto bene l'esperanto e un inglese stentato.,I speak very good Esperanto and broken English.
Io devo andare a trovarla.,I have to go find her.
"Mi piace la matematica, è una materia interessante.","I like math, it's an interesting subject matter."
Siete ancora arrabbiate con Tom?,Are you still angry with Tom?
"Tom è piuttosto grasso, vero?","Tom is kind of fat, isn't he?"
Noi siamo tutti preoccupati per lei.,We're all worried about her.
Lei aiuta sua moglie a casa?,Do you help your wife at home?
Pagammo un prezzo equo per essa.,We paid a fair price for it.
Tom ha detto che aveva finito.,Tom said he was finished.
Stiamo contando sul vostro aiuto.,We're counting on your help.
Non faccia bagnare il telefono.,Don't get the phone wet.
Voi mangiate in classe?,Do you eat in the classroom?
Questo mi ricorda di te.,This reminds me of you.
Io ho abitato qui per dieci anni.,I have lived here for ten years.
I soldati resistettero all'attacco nemico.,The soldiers resisted the enemy attack.
Io ho già risposto alle domande di Tom.,I've already answered Tom's questions.
Verrà al mio concerto?,Are you coming to my concert?
Stiamo giocando a scacchi.,We're playing chess.
Ha detto che vuole unirsi alla nostra band.,She said she wants to join our band.
Tom non era neppure qui ieri.,Tom wasn't even here yesterday.
Fatemi sapere se avrete bisogno di qualcosa.,Let me know if you'll need anything.
Disse che sarebbe stato disposto ad andare.,He said that he'd be willing to go.
Prendi in prestito un libro.,You borrow a book.
Cos'è questa roba verde?,What's this green stuff?
Chi non potrebbe amarti?,Who could not love you?
Dalle un po' di riposo.,Let her get some rest.
Oggi abbiamo avuto una festa a scuola.,Today we had a party at school.
La polvere è solubile in acqua.,The powder is soluble in water.
È sicura che possiamo fidarci di lui?,Are you sure we can trust him?
Mi scusi per il disturbo.,Excuse me for bothering you.
"Tom e Mary hanno un'automobile, vero?","Tom and Mary have a car, don't they?"
Guarda cosa mi è successo.,Look what happened to me.
Sono passata a Google Chrome e ha funzionato.,I switched to Google Chrome and it worked.
Hai bevuto del vino.,You drank wine.
Si unirà a noi?,Will you join us?
Ci sono alluvioni in Germania?,Are there floods in Germany?
È possibile che Tom non sapesse della conferenza.,It's possible Tom didn't know about the meeting.
Ho visto un ragazzo.,I saw a boy.
Lei pensa che Tom sia ancora alzato?,Do you think Tom is still up?
Mi disse che non era felice.,She told me that she wasn't happy.
Lui sgattaiolò fuori dall'aula.,He slipped out of the classroom.
Ci siamo divertiti un po'.,We've had some fun.
Tu sei un sognatore.,You're a dreamer.
Sami non era soddisfatto.,Sami wasn't satisfied.
Lei è più carina di me?,Is she prettier than me?
Noi la detestiamo.,We detest her.
"Tom è al supermercato, vero?","Tom is at the supermarket, isn't he?"
È di fretta.,He's in a hurry.
Hai promesso di aiutare.,You promised to help.
Hanno detto che a loro piaceva la pioggia.,They said they liked rain.
Io sono vicino al ponte.,I am close to the bridge.
Mi sento molto forte.,I feel very strong.
Lo potremmo chiedere a lei.,We could ask her.
Loro hanno trovato qualcosa?,Did they find anything?
"Per favore, entra nel mio ufficio.",Please enter my office.
Perché odiate i gatti?,Why do you hate cats?
Questi cani sono tuoi?,Are these dogs yours?
Vuoi sapere il perché?,Do you want to know why?
Penso che tu sappia la risposta.,I think you know the answer.
Mary disse che aveva tre cani a casa.,Mary said she had three dogs at home.
Non dovreste andare in bici sul marciapiede.,You shouldn't ride a bicycle on the sidewalk.
Perché non l'ha fatto oggi?,Why didn't you do that today?
Tom versò il vino in tre bicchieri.,Tom poured wine into three glasses.
Mary era preoccupata per quello.,Mary was worried about that.
"È irritabile, vero?","He's cranky, isn't he?"
Io non ho raggiunto alcuna conclusione.,I haven't reached any conclusions.
Gioco occasionalmente a golf.,I occasionally play golf.
Sei riuscito ad arrivare in tempo?,Were you able to get there in time?
Non posso parlare con te in questo momento.,I can't talk to you right now.
Queste informazioni sono vere?,Is this information true?
Lei è innamorata del suo migliore amico.,She's in love with her best friend.
Volete che parli con Tom?,Do you want me to talk to Tom?
Sarò impegnata questo pomeriggio.,I'll be busy this afternoon.
Li ho convinti a partecipare.,I convinced them to participate.
Avresti dovuto completarlo molto tempo fa.,You should have completed it long ago.
Lei abita al Cairo.,You live in Cairo.
Noi vendiamo fiori e semi.,We sell flowers and seeds.
Non so cosa volesse dire.,I don't know what that meant.
Voleva dimenticarsi di lei.,He wanted to forget her.
Assomiglia a suo padre in un qualche modo.,She resembles her father somewhat.
Le famiglie dovrebbero abitare assieme.,Families should live together.
Dà da mangiare al cane.,He feeds the dog.
Finalmente raggiungemmo l'Inghilterra.,"At last, we reached England."
Tom ha cominciato a sentirsi a disagio.,Tom began to feel uneasy.
Sono più anziane di lui.,They're older than him.
Tom intendeva visitare Boston il mese scorso.,Tom intended to visit Boston last month.
Mia madre amava il tennis.,My mother used to love tennis.
Dovresti combinare la teoria con la pratica.,You should combine theory with practice.
"La prossima volta, dimmela in faccia.","Next time, say it to my face."
Farò un po' di pasta.,I'll make some pasta.
Ziri e Rima avevano bisogno di Silya.,Ziri and Rima needed Silya.
Dovrà iniziare immediatamente.,You'll have to start at once.
La tua vita sembra perfetta.,Your life seems perfect.
Questo è prezioso?,Is this valuable?
Chiedete a Tom e Mary se lo faranno.,Ask Tom and Mary if they'll do that.
Potrei non superare l'esame.,I might not pass the exam.
Io e Tom abbiamo corso.,Tom and I ran.
Dove l'ha nascosto?,Where did you hide it?
Sento il rumore.,I hear the noise.
Tom pagò la cassiera.,Tom paid the cashier.
Io so dove guardare.,I know where to look.
Il cambiamento sta arivando.,Change is coming.
Devo soltanto trovarla.,I just need to find her.
Sono ancora piuttosto nervoso.,I'm still kind of nervous.
Ha avuto diverse avventure extraconiugali.,He had several extramarital affairs.
Io lavoravo in Australia.,I used to work in Australia.
Amo quella storia.,I love that story.
Mary non aveva preoccupazioni.,Mary wasn't worried.
Non posso andare da nessuna parte.,I can't go anywhere.
Tom mentì riguardo a tutto.,Tom lied about everything.
La fine è in vista.,The end is in sight.
I miei figli hanno fame.,My children are hungry.
Perché non state mangiando il vostro sandwich?,Why aren't you eating your sandwich?
Tua madre sarebbe stata molto orgogliosa di te.,Your mother would've been very proud of you.
Lui è fiero di essere un medico.,He is proud of being a doctor.
Di solito dorme sulla schiena.,She usually sleeps on her back.
Un abbraccio da parte sua mi renderebbe felice.,A hug from you would make me happy.
È un maniaco sessuale.,He's a sex maniac.
Firmò la petizione.,He signed the petition.
Ve l'ho detto che non volevo del caffè.,I told you I didn't want any coffee.
Le persone lasceranno Yanni.,People are going to leave Yanni.
Hai visto il mio libro?,Have you seen my book?
Non posso lasciarli.,I can't leave them.
Ha detto che si sentiva un po' nervosa.,She said she felt a little nervous.
"Tom e Mary sono sposati, vero?","Tom and Mary are married, aren't they?"
A volte non capisco la biologia.,Sometimes I don't understand biology.
Vorrei che voi veniste con me.,I would like you to come with me.
Tom ha dato le dimissioni a inizio ottobre.,Tom resigned in early October.
È una bottiglia d'acqua.,It's a bottle of water.
Tom non si riesce a fermare ora.,Tom can't stop now.
Tom ha detto qualcosa.,Tom said something.
Dove eravate un'ora fa?,Where were you an hour ago?
Abitiamo vicino a una grande biblioteca.,We live near a big library.
Si è quasi decisa.,She's almost made up her mind.
Tom fece accidentalmente cadere un uovo sul pavimento.,Tom accidentally dropped an egg on the floor.
Te l'ho detto che stavo uscendo.,I told you I was going out.
Hanno cercato di nascondere la loro rabbia.,They tried to hide their anger.
Perché hanno litigato?,Why did they argue?
"Mary è spericolata, vero?","Mary is reckless, isn't she?"
Babbo Natale era in piedi nel giardino.,Santa Claus was standing in the garden.
Lo terrò se non vi dispiace.,I'll keep that if you don't mind.
Non puoi ucciderci entrambi.,You can't kill us both.
Non la voglio scordare.,I don't want to forget it.
Io bevo del latte quasi ogni giorno.,I drink milk almost every day.
"Un'altra birra per Tom, per piacere.","Another beer for Tom, please."
Sto ancora pensando a lui.,I'm still thinking about him.
Voi volevate questo?,Did you want this?
Penso che questa sia meglio.,I think this one's better.
Indossiamo uniformi nella nostra scuola.,We wear uniforms at our school.
Chiama tua madre.,Call your mother.
I miei occhi sono stanchi.,My eyes are tired.
Mary ha provato a nascondere la sua rabbia.,Mary tried to hide her anger.
Penso che abbiamo molto in comune.,I think we have a lot in common.
Le mie scarpe sono troppo piccole.,My shoes are too small.
Io non sono allergica alla penicillina.,I am not allergic to penicillin.
John vive al di sopra delle sue possibilità.,John lives above his means.
Venite al mio concerto?,Are you coming to my concert?
Voglio visitare Boston un giorno.,I want to visit Boston someday.
Tom ha fatto alcune cose non convenzionali.,Tom has done some unconventional things.
Mary mi prestò il suo ombrello.,Mary lent me her umbrella.
Non dovreste bere l'acqua stagnante.,You shouldn't drink stagnant water.
"Qual è il problema, Tom?","What's the problem, Tom?"
Mary non riusciva a riposare.,Mary couldn't rest.
Il pappagallo è scappato dalla gabbia.,The parrot escaped from the cage.
Sami sembra strano.,Sami looks weird.
Hai aspettato molto tempo?,Did you wait a long time?
Ziri ha comprato una scatola di biscotti.,Ziri bought a box of cookies.
Johanas arrivò con suo fratello.,Johanas arrived with his brother.
Lo riconosco quel tipo.,I recognize that guy.
Io non so cosa voglio fare.,I don't know what I want to do.
La polizia recuperò il denaro rubato.,The police recovered the stolen money.
"Per favore, diteglielo.",Please tell him.
È sicuro che sia sua?,Are you sure it's his?
Tom arriva sempre qua in orario.,Tom always gets here on time.
Sono sicura che siete molto occupati.,I'm sure you're very busy.
Mary ha ammesso che era stata sconfitta.,Mary admitted she'd been defeated.
Che splendida idea!,What a splendid idea!
Ti piace il piano?,Do you like the piano?
Layla vede soltanto una soluzione.,Layla only sees one solution.
Tom gestisce un negozio di torte.,Tom runs a cake shop.
Il rock and roll è la mia vita.,Rock and roll is my life.
Non riusciamo a fare niente per loro.,We can't do anything for them.
La vostra valigia sembra pesante.,Your suitcase looks heavy.
Non voleva abbracciarla.,He didn't want to hug her.
Comprai una vecchia lampada.,I bought an old lamp.
È in TV.,He's on TV.
"Dove ti ha baciata? ""Sulle labbra.""","Where did he kiss you? ""On my lips."""
Tom pensa che sia divertente.,Tom thinks it's funny.
Quel ragazzo ha una discreta reputazione.,That boy has quite a reputation.
Tom ha visitato il museo con Mary.,Tom visited the museum with Mary.
Incontriamoci nella biblioteca.,Let's meet in the library.
Io non lo so se Tom può aiutare.,I don't know if Tom can help.
Bob ruppe la spina dorsale di Tom.,Bob broke Tom's spine.
Voglio una torta blu.,I want a blue cake.
Successe la notte di Halloween.,It happened on Halloween night.
"Vengo da Algeri, in Algeria.","I am from Algiers, Algeria."
È la teoria.,That's the theory.
Io voglio vederlo ad ogni costo.,I want to see him at all costs.
Lo sviluppo economico procedeva lentamente.,Economic development proceeded slowly.
Ha ordinato del caffè?,Did you order coffee?
Mary mi disse che trovò qualcosa.,Mary told me she found something.
Mettetelo sul conto di mio padre.,Put it on my father's account.
Questa è l'automobile di mio zio.,This is my uncle's car.
Ero troppo spaventata per chiedere.,I was too scared to ask.
E neanche una singola persona andò.,And not a single person went.
I ghepardi non si possono arrampicare sugli alberi.,Cheetahs cannot climb trees.
Ha i sintomi?,Do you have the symptoms?
"Per piacere, bussi alla porta.",Please knock on the door.
Potresti farmi un massaggio alla schiena?,Could you give me a back massage?
Hai mai visto Tom usare un martello?,Have you ever seen Tom use a hammer?
Non l'hanno capita.,They didn't understand her.
Sono consapevole che stare con me è difficile.,I'm aware that being with me is difficult.
Perché sei andata a casa?,Why did you go home?
Potreste vivere in questa città?,Could you live in this city?
Tom ha lasciato Boston.,Tom has left Boston.
Chieda a Trang se esce stasera.,Ask Trang if she's going out tonight.
Li abbiamo assassinati.,We murdered them.
Possiamo vederci stanotte?,Can I see you tonight?
Voi conoscete il nome completo di Tom?,Do you know Tom's full name?
Li lasci venire tutti.,Let them all come.
Tom è un grande attore.,Tom's a great actor.
La minestra è molto calda.,The soup's very hot.
Cosa ne pensa di questo vino?,What do you think of this wine?
Vuole salvare il pianeta.,She wants to save the planet.
Ho scordato di comprare il latte.,I forgot to buy milk.
Non vi ho dimenticate.,I haven't forgotten you.
La resistenza è inutile.,Resistance is futile.
Io ho uno stile di vita ordinario.,I have an orderly lifestyle.
"Venni qua per imparare, non per insegnare.","I came here to learn, not to teach."
Perderete il treno.,You will miss the train.
Ha detto che era annoiata.,She said that she was bored.
"Oh mamma, mi capita di nuovo.","Oh boy, there I go again."
Mi sento davvero appesantito da tutto questo.,I'm feeling really weighed down by it all.
Colpii una gatta.,I hit a cat.
Io non posso farlo oggi.,I can't do it today.
Tom ignorò i nostri avvertimenti.,Tom ignored our warnings.
Non ti preoccupare. So esattamente cosa sto facendo.,Don't worry. I know exactly what I'm doing.
Quanto spesso lo fa Tom?,How often does Tom do that?
Chiesi loro di farlo per me.,I asked them to do it for me.
I risultati erano spettacolari.,The results were spectacular.
Tom fece aspettare Mary per molto tempo.,Tom made Mary wait for a long time.
Hanno detto che erano preoccupate.,They said that they were worried.
Sembro più vecchia.,I look older.
Sami non riusciva a sollevare quella scatola.,Sami couldn't lift that box.
Cosa sta pulendo?,What are you cleaning?
Il tuo cane è ipoallergenico?,Is your dog hypoallergenic?
Il bidone è vuoto.,The can is empty.
"È di vedute aperte, vero?","He's open-minded, isn't he?"
Mary si è comprata una tazza di caffè.,Mary bought herself a cup of coffee.
Ziri ha messo in pausa il video.,Ziri paused the video.
Sua madre è a casa?,Is your mother at home?
Tom è ancora in buona salute.,Tom is still in good health.
Ci hanno aiutati.,They helped us.
A Tom piace ancora?,Does Tom still enjoy it?
Dissero che erano determinate a vincere.,They said they were determined to win.
Vivevo a Bydgoszcz.,I lived in Bydgoszcz.
Non ti amerò mai. Ti odio.,I will never love you. I hate you.
Pensavo fosse lei.,I thought it was her.
Io sono sicuro di poterli trovare.,I'm sure I can find them.
Ne ho appesa una.,I hung one.
Un gatto riesce a guardare nel buio.,A cat can see in the dark.
Un amico lusinghiero è il tuo peggior nemico.,A flattering friend is your worst enemy.
Sa molte cose sugli animali.,He knows a lot about animals.
Lei ha cantato una canzone giapponese per noi.,She sang a Japanese song for us.
Tom aspettava pazientemente Mary.,Tom waited patiently for Mary.
Tom non si fermerà.,Tom won't stop.
Mi dispiace di sprecare il suo tempo.,I'm sorry to waste your time.
Ha molte idee strane.,You have a lot of strange ideas.
Io ho tre anni in più di lei.,I'm three years older than you are.
"Scusami. Un'altra birra, per piacere.","Excuse me. Another beer, please."
Sono stato qui per tre anni.,I've been here for three years.
"È orgoglioso di suo figlio, vero?","He's proud of his son, isn't he?"
Capisco la tua preoccupazione.,I understand your concern.
Non vogliamo andare in Australia.,We don't want to go to Australia.
Diego non è a dieta.,Diego isn't on a diet.
Le hanno nascosto la verità.,They hid the truth from her.
Sono soddisfatti della casa nuova.,They are satisfied with the new house.
La mia conoscenza degli incantesimi è inesistente.,My knowledge of spells is non-existent.
Non la minacciai mai.,I never threatened her.
Andai con Tom.,I went with Tom.
È colpa della camicia rossa?,Is it because of the red shirt?
Io avrei fatto la stessa cosa.,I would have done the same thing.
"Se non potete batterli, unitevi a loro.","If you can't beat 'em, join 'em."
Mi preparai un cocktail.,I fixed myself a cocktail.
Sto cercando la mia matita.,I'm looking for my pencil.
Tom fa sicuramente lo sbruffone.,Tom sure talks big.
Quanto vino è rimasto?,How much wine is left?
Sto tornando a casa a piedi.,I'm walking home.
Gli uccelli cantano festosamente.,The birds are singing merrily.
Sono davvero felice di essere qui.,I'm really happy I'm here.
L'ho comprato a un prezzo ridotto.,I bought it at a reduced price.
Lui vive secondo le leggi di Dio.,He lives according to God's laws.
Lo ha aiutato con i suoi bagagli.,She helped him with his luggage.
C'è un sentiero tra i campi.,There is a path through the fields.
Avete un umore strano oggi.,You're in a strange mood today.
Ha adottato l'orfano.,He adopted the orphan.
Sami creò della magia con i fiori.,Sami created magic with flowers.
Non la volevo perdere.,I didn't want to lose her.
Voglio sapere di lui.,I want to know about him.
Le pecore ci danno la lana.,Sheep give us wool.
Perché non giochiamo a basket?,Why don't we play basketball?
Pensavo che sarei stata bene.,I thought I'd be fine.
Io non sono una paziente.,I'm not a patient.
Sembravano davvero occupati.,They looked really busy.
Mary ha perso suo marito.,Mary lost her husband.
Non lo devi toccare.,You mustn't touch it.
Non sono molto impegnato in questo momento.,I'm not very busy right now.
Io posso riparare la stufa.,I can fix the heater.
Chi è Mosè?,Who is Moses?
Che tipo di gioielli indossi di solito?,What kind of jewelry do you usually wear?
A Miroslav è stato offerto del couscous.,Miroslav was offered couscous.
Sono stufa di aspettare il mio appuntamento!,I am sick of waiting for my appointment!
Bisogna seguire le regole.,One must follow the rules.
Tom ha visto questo?,Did Tom see this?
Come mi avete appena chiamato?,What did you just call me?
Possono andarsene se vogliono.,They may leave if they want.
"È un insegnante di francese, vero?","He's a French teacher, isn't he?"
Yanni era contento.,Yanni was happy.
Li sta rendendo nervosi.,You're making them nervous.
La tua proposta è un po' estrema.,Your proposal is a bit extreme.
Sami viveva con sua zia.,Sami lived with his aunt.
Sto diventando piccola!,I am getting small!
Alza le mani!,Raise your hands!
Gli ho detto che stavo bene.,I told him I was OK.
Queste devono essere tue.,These must be yours.
Mary mi ha detto di essere al verde.,Mary told me that she's broke.
Si sono svuotate le tasche.,They emptied their pockets.
Io voglio del sidro.,I want cider.
Quella riunione è stata una perdita di tempo.,That meeting was a waste of time.
Perché non chiede a Tom di aiutarla?,Why don't you ask Tom to help you?
Superman può vedere attraverso i muri.,Superman can see through walls.
Il mio francese è limitato.,My French is limited.
Non diedi a Mary le informazioni che richiese.,I didn't give Mary the information she requested.
Volete davvero sapere cos'è successo?,Do you really want to know what happened?
Non le menta.,Don't lie to her.
Sia Tom che Mary sono avvocati.,Both Tom and Mary are lawyers.
È il suo ex.,He's her ex.
Gli ho già dato il suo numero.,I already gave him your number.
Le ho consigliate.,I recommended them.
Fadil può praticare la sua religione apertamente ora.,Fadil can practise his religion openly now.
Ho detto loro quello che penso.,I told them what I think.
Tom e Mary lavorano entrambi.,Tom and Mary both work.
Fate quello che vi dice.,Do what he tells you.
Chiederò un prestito a Tom.,I'm going to ask Tom for a loan.
Non l'ha più voluto.,He didn't want it anymore.
Abbiamo iniziato la scuola di recente.,We started school recently.
"Perché lei mi ama, anche io la amo.","Because she loves me, I love her too."
Vi siete fermati al semaforo rosso?,Did you stop at the red light?
Quale birra è di Tom?,Which beer is Tom's?
Avresti dovuto avvertirlo prima.,You should have warned him before.
Dopo il pasto chiesi il conto.,"After the meal, I asked for the bill."
Perché li avete invitati?,Why did you invite them?
Dove ha avuto questa informazione?,Where did she get this information?
Ho un paio di scarpe rosse.,I have a pair of red shoes.
Che cosa possiamo fare per lei?,What can we do for her?
Apparve una donna da dietro un albero.,A woman appeared from behind a tree.
Sami non ha potuto dimostrare l'adulterio di Layla.,Sami couldn't prove Layla's adultery.
Non beva altro.,Don't drink any more.
Stanno trasmettendo la partita di calcio.,The football game is now being broadcast.
"È con qualcuno, vero?","He's with someone, isn't he?"
Qual è il suo giorno preferito della settimana?,What's your favorite day of the week?
Mi sto sbarazzando di lei.,I'm getting rid of her.
Lo farai per me?,Will you carry it out for me?
Yanni ha chiesto a sua zia.,Yanni asked his aunt.
Oggi non è Halloween.,Today isn't Halloween.
Suonerò con te.,I'll play with you.
Lei era così ricca.,She was so rich.
Non si sente umiliato?,Don't you feel humiliated?
Ci ha aiutati molto.,It's helped us a lot.
Continuò a cercare il libro.,He kept looking for the book.
Lei è nubile o sposata?,Is she single or married?
Dovremmo andare insieme.,We should go together.
Hai del ketchup?,Do you have any ketchup?
Mangiare carne è moralmente sbagliato?,Is eating meat morally wrong?
So che questo non importa veramente.,I know this doesn't really matter.
Buona fortuna per il vostro esame.,Good luck on your test.
Non voglio interromperli.,I don't want to interrupt them.
Rifiutatevi di non ricevere alcuna risposta.,Refuse to take no answer.
Sami mi diede della bugiarda.,Sami called me a liar.
Non li seguo.,I don't follow them.
Tutti possono sentirmi bene?,Can everyone hear me okay?
Mi piace camminare a piedi nudi.,I like walking around barefoot.
Questo è il migliore Halloween di sempre.,This is the best Halloween ever.
Non camminare sui cocci di vetro.,Don't step on the broken glass.
Qualcuno ti sta cercando.,Somebody is looking for you.
È una tigre.,That's a tiger.
Tom era invadente.,Tom was pushy.
Cosa state comprando?,What are you buying?
Ora guarda la TV.,He is watching TV now.
Diedi un dizionario a mia sorella.,I gave my sister a dictionary.
Io sono ancora a scuola.,I'm still at school.
Saremo lì tra un minuto.,We'll be there in a minute.
Guardi il cielo limpido.,Look at the clear sky.
Nuotavo qui ogni giorno.,I used to swim here every day.
Voglio che lei sia qui.,I want you to be here.
Non ho ancora finito di leggere quel libro.,I haven't yet finished reading that book.
Lui ha confessato il fatto.,He confessed the fact.
Maria porta i bambini a scuola.,Maria takes the children to school.
Lei ha circa quarant'anni.,She is about forty.
Sami scrisse molte lettere a Layla.,Sami wrote Layla a lot of letters.
Sono passata di lì ieri sera.,I went by there last night.
Avvisai Tom riguardo a Mary.,I warned Tom about Mary.
Ha provato a impressionarla.,He tried to impress her.
Può essere da solo.,He may be alone.
Tom si è quasi scordato i suoi soldi.,Tom almost forgot his money.
Sto cercando un posto in cui dormire.,I'm looking for a place to sleep.
Voi dovete stare svegli.,You need to stay awake.
"Va bene, mi arrendo.","Okay, I give up."
"Non ascoltarlo, è tutto suonato.","Don't listen to him, he's totally nuts."
Li sto solo aspettando.,I'm just waiting for them.
"Pioverà domani? ""Io spero di no.""","Will it rain tomorrow? ""I hope not."""
Non ci credeva nessuno.,Nobody believed us.
Pensate che Tom abbia perso peso?,Do you think Tom has lost weight?
Sta tornando al suo albergo.,He's going back to his hotel.
Abbiamo avuto molte lamentele.,We've had lot of complaints.
Non voglio che voi vi feriate.,I don't want you to be hurt.
Hai molti soldi?,Do you have a lot of money?
Ha condiviso il suo ombrello con lui.,She shared her umbrella with him.
In questo momento non ho niente da dire.,I have nothing to say right now.
"Per favore, aggiunga più caffè.",Please add more coffee.
"Voi parlate il francese, vero?","You speak French, don't you?"
Hanno detto che non causava problemi.,They said that was fine.
Sareste stupide a fidarvi di lui.,You'd be stupid to trust him.
Studiò con te.,She studied with you.
Eravamo in quattro.,We were in four.
Tom non ha mai detto nulla sull'incidente.,Tom never said anything about the accident.
Perché vuole parlare con loro?,Why do you want to talk to them?
È difficile mantenere le tradizioni in contesti differenti.,It's difficult to keep traditions in different contexts.
Mi piace veramente Tom.,I really like Tom.
Ho bisogno di cure.,I need treatment.
Puoi consigliare un altro hotel?,Can you recommend another hotel?
Ci racconta delle battute.,She tells us jokes.
Tom iniziò a sentirsi a disagio.,Tom began to feel uneasy.
Mary perderà il suo volo.,Mary will miss her flight.
Ci sono altre persone che aspettano.,There are other people waiting.
Tom era d'accordo per andare.,Tom agreed to go.
Esca da qua!,Get out of here!
Ha detto che era terrorizzato dai serpenti.,He said he was terrified of snakes.
Tu hai davvero una bella voce.,You have a really nice voice.
Voi sapete che cos'è?,Do you know what it is?
Mary ha negato di essere la ladra.,Mary denied she was the thief.
Io posso insegnarti delle cose.,I can teach you things.
Voglio dei soldi.,I want money.
"Sei ancora un barbiere, vero?","You're still a barber, aren't you?"
Ha restituito il libro di Tom?,Did you return Tom's book?
Pensate che sarete qui domani?,Do you think you'll be here tomorrow?
Sono sicuro che fosse lui.,I'm sure that was him.
Tom è la nostra guida.,Tom is our guide.
È il tuo gatto.,That's your cat.
Io sto per andarmene adesso.,I'm going to leave now.
"Dammi il secchio, rapido!","Give me the bucket, quick!"
Hai sentito quello che ha appena detto Tom?,Did you hear what Tom just said?
Non mi potete controllare.,You can't control me.
Penso che forse posso aiutare.,I think maybe I can help.
Devo stare qui con lei.,I need to stay here with her.
Mi state infastidendo.,You're annoying me.
Come ha reagito alle brutte notizie?,How did he react to the bad news?
Ha lavorato tutto il giorno?,Has he worked all day?
Non pensavo che Tom sarebbe stato così ostinato.,I didn't think Tom would be so obstinate.
Io mi chiedo che cosa direbbe Tom.,I wonder what Tom would say.
Non ho mai visto una bambina così intelligente.,Never have I seen such a smart child.
È impegnato nel lavoro dalla mattina alla sera.,He's engaged in work from morning to evening.
Non me lo perderei.,I wouldn't miss it.
Io sono sicuro che si troverà una soluzione.,I'm sure things will work out.
Io sono sulla lista.,I'm on the list.
Lo mise a disagio.,That made him uncomfortable.
Per favore dimmi dov'è la fermata dell'autobus.,Please tell me where the bus stop is.
Ho pugnalato la mia insegnante.,I stabbed my teacher.
Lo deciderò più tardi.,I will decide that later.
Ha mai mangiato qua prima?,Have you ever eaten here before?
Farebbe meglio a vincere.,You better win.
Me l'ha dato per nulla.,He gave it to me for nothing.
Finalmente ho il set completo!,I've finally got the whole set!
Mi ha detto che non lo può fare.,She told me that she can't do that.
Volete che vi aiuti?,Do you want me to help you?
Io mi sento intrappolata.,I feel trapped.
Può andare con me.,He can go with me.
Dove li avete calcolati?,Where did you calculate them?
Tu sei un ragazzo così carino.,You're such a cute boy.
Siamo felici di aiutarvi.,We are glad to help you.
"Portala via, Tom.","Take it away, Tom."
Sono andate alle superiori.,They went to high school.
Lui è in conferenza ora.,He is in conference now.
Le ho chiamate oggi.,I called them today.
Che tipo di sfide vi motivano?,What kind of challenges motivate you?
Non hai paura dei cani?,Aren't you afraid of dogs?
Sami deve conoscere molto sulle farfalle.,Sami must know a lot about butterflies.
Spero che non le dispiaccia camminare.,I hope you don't mind walking.
Mi dica che ero vicina.,Tell me I was close.
Perché sei dovuto andare a Boston?,Why did you have to go to Boston?
Voglio aiutarti coi compiti.,I want to help you with your homework.
"Dottore, mi chiamo Mutaz.","Doctor, my name is Mutaz."
Penso che non tornerà mai.,I think he will never come back.
Tom e Mary non l'hanno fatto l'anno scorso?,Didn't Tom and Mary do that last year?
Tom ha perso le staffe.,Tom lost his temper.
Non leggerò quel libro.,I'm not going to read that book.
Voi pensate che Tom sia malato?,Do you think Tom is sick?
Chiederei a Tom.,I'd ask Tom.
Lo posso apprezzare.,I can appreciate that.
Devo sostenere l'esame d'ingresso domani.,I have to take the entrance examination tomorrow.
Tom guarda troppa TV.,Tom watches too much TV.
È una conclusione ovvia.,It's a foregone conclusion.
Il fuggitivo è armato e pericoloso.,The fugitive is armed and dangerous.
Tom non fa i suoi compiti da solo.,Tom doesn't do his homework by himself.
Gli piaceva avere un pubblico.,He liked having an audience.
Tom ha fatto qualcosa di stupido.,Tom did something stupid.
Tom sa perché non ti piace?,Does Tom know why you don't like him?
Tom deve parlare con voi.,Tom needs to talk to you.
Non riuscivamo a vedere nulla.,We could see nothing.
"Tom è bravo a calcio, vero?","Tom is good at soccer, isn't he?"
Vorreste un po' di tè?,Would you like to have some tea?
Tom è in una gang.,Tom is in a gang.
Ci ha fatto sorridere.,That made us smile.
Mettila nel microonde.,Put it in the microwave.
"Non volevano aiutare, ma l'hanno fatto.","They didn't want to help, but they did."
Potrei aiutarti con qualcosa?,Could I help you with something?
Non posso lasciarla lì.,I can't leave her there.
Qual è il dosaggio massimo per un adulto?,What is the maximum dosage for an adult?
Tu sei libero di andare o restare.,You are free to go or stay.
Alberto ha portato il suo portatile con sé.,Alberto brought his laptop with him.
Ha ammesso che era spaventato.,He admitted that he was scared.
Come lo fa sempre?,How do you always do it?
Grazie mille per il tuo regalo.,Thank you very much for your present.
Tu non devi preoccuparti.,You don't need to worry.
Noi stiamo venendo ricattate.,We're being blackmailed.
Non sia così drammatico.,Don't be so dramatic.
Metà delle studentesse sono assenti.,Half of the students are absent.
Morte al re!,Death to the king!
Sono un DJ.,I'm a DJ.
Di' loro che richiamerò.,Tell them I'll call back.
Ci sono molte grandi città in questo paese.,There are many big cities in this country.
Tom ne è consapevole.,Tom is aware of that.
Si tagliarono i polsi.,They slit their wrists.
Abbiamo tre obiettivi.,We have three objectives.
Avanti! Può farcela!,Come on! You can do it!
"Tom non lo fa, vero?","Tom doesn't do that, does he?"
Dicono che saranno impegnate stanotte.,They say they'll be busy tonight.
Avete già firmato il contratto?,Have you signed the contract already?
Avete ricevuto dei regali di Natale?,Did you get any Christmas presents?
Lui mi ha dato diversi libri.,He gave me several books.
Non sono sicura che Tom l'abbia fatto.,I'm not sure Tom did that.
Tom baciò Mary.,Tom kissed Mary.
Nessuno ha mai visto una cosa del genere.,No one ever saw such a thing.
Vuole restare con lui.,She wants to stay with him.
Io e te siamo buoni amici.,You and I are good friends.
Pensavo fosse qui.,I thought you'd be here.
"Tom è imperturbabile, vero?","Tom is unemotional, isn't he?"
Siamo a scuola di legge.,We’re at law school.
Non vedo problemi con questo.,I see no problem with this.
Tom voleva ancora suonare.,Tom still wanted to play.
I turisti vagavano intorno ai negozi.,The tourists wandered around the stores.
Va bene chiedere aiuto.,It's OK to ask for help.
Vorrei una tazza di tè.,I'd like a cup of tea.
Hai ordinato del caffè?,Did you order coffee?
"È troppo ubriaco per guidare, vero?","He's too drunk to drive, isn't he?"
Cos'è successo alla chiesa?,What happened to the church?
"Sì, io sono interessata.","Yeah, I'm interested."
La casa è assicurata contro gli incendi.,The house is insured against fire.
Ci ha detto che lo poteva fare.,She told us she could do that.
Perché Tom non era d'accordo con voi?,Why didn't Tom agree with you?
Prendete i vostri biglietti oggi.,Get your tickets today.
Questo è un prototipo.,This is a prototype.
Ci siamo conosciuti all'aeroporto.,We met each other at the airport.
Perché stai parlando con noi?,Why are you talking to us?
Ne ho registrata una.,I recorded one.
Ci siamo state sopra già tre volte.,We've been over it three times already.
Ken lo chiederà a Tom.,Ken will ask Tom.
Ho trovato la stanza vuota.,I found the room empty.
Inserire le informazioni nel computer.,Enter the information into the computer.
Non ascolta mai?,Don't you ever listen?
Io non riesco a studiare qua.,I can't study here.
C'era qualche bambino nella stanza.,There were a few children in the room.
Dice che lo fa molto.,She says that she does that a lot.
Incolpa sempre se stessa.,She's always blaming herself.
Tom ha avuto una possibilità?,Did Tom get a chance?
Seguite quella macchina.,Follow that car.
Loro non erano impressionati.,They were not impressed.
Sei chiaramente scosso.,You're clearly rattled.
Devo parlare con Tom in questo momento.,I need to speak with Tom right now.
Io sto camminando al suo fianco.,I'm walking beside her.
Chi lo comprerebbe?,Who would buy it?
Sareste stupidi a fidarvi di loro.,You'd be stupid to trust them.
Io odio la domenica.,I hate Sundays.
C'è una mappa sul tavolo.,There is a map on the table.
Tu mi hai tradita.,You've betrayed me.
Pensava che potrebbe farlo.,She thought she might do that.
Amo la cultura berbera.,I love Berber culture.
A me piace dipingere.,I like painting.
La polizia ha verificato l'alibi di Tom.,The police have verified Tom's alibi.
L'estate è arrivata.,Summer has come.
I sogni di Tom si sono avverati.,Tom's dreams came true.
Hai qualche piano per il fine settimana?,Do you have any plans for the weekend?
La ragazza sta annusando i fiori.,The girl is smelling the flowers.
La sua morte ci sorprese tutte.,His death surprised us all.
Ivan fece cadere il libro.,Ivan dropped the book.
Sei certo della tua decisione?,Are you certain about your decision?
È arrogante nei nostri confronti.,He is arrogant toward us.
Tom aiutò sua madre a pulire la casa.,Tom helped his mother clean the house.
Amiamo il nostro impiego.,We love our job.
Mary disse che era veramente spaventata.,Mary said that she was really scared.
Tutti i personaggi di questo libro sono immaginari.,All the characters in this book are imaginary.
Presto non avremo più petrolio.,We will soon have no more petrol.
Noi partiremo presto domattina.,We are leaving early tomorrow morning.
Tom diede a Mary una tazza di caffè.,Tom gave Mary a cup of coffee.
Ho chiesto ad Anna se fosse una studentessa.,I asked Ann if she were a student.
So cosa sto dicendo.,I know what I'm saying.
Perché non ci avete invitate?,Why didn't you invite us?
Anche voi cucinate?,You cook too?
Ti lascerò parlare con Tom.,I'll let you talk to Tom.
Puoi bere quello che vuoi.,You can drink whatever you want.
Si può giocare ora e studiare dopo?,Can we play now and study afterward?
Inizia il test.,Begin the test.
Mangi quanto vuole.,Eat as much as you like.
Ci siamo capite?,Have we understood each other?
Non sono intelligenti come sembrano.,They're not as smart as they look.
Lui non sa ancora la vrità.,He doesn't yet know the truth.
Tom non ci ha ingannati.,Tom didn't fool us.
Tom e Mary lavorano in Australia.,Tom and Mary work in Australia.
Volevo essere con Tom.,I wanted to be with Tom.
Perché lo amavate?,Why did you love him?
Dov'è nato Woody Allen?,Where was Woody Allen born?
Lei arrivava spesso in ritardo a scuola.,She would often come late for school.
Vorrei vederlo vincere.,I'd like to see him win.
Abbiamo tre punti in più della loro squadra.,We are three points ahead of their team.
Questo è vero argento?,Is this real silver?
Mary ha messo la chiave nella sua tasca.,Mary put the key in her pocket.
Non guidò durante la notte.,She didn't drive during the night.
Non vi siamo mai piaciute.,You never liked us.
Lei ha chiamato?,Did you call?
Lui lo sapeva fin dall'inizio.,He knew it from the start.
È una cuoca migliore di sua madre.,She is a better cook than her mother.
"Mary andrà a casa a piedi, vero?","Mary is going to walk home, isn't she?"
Tom mi ha chiesto di trovare Mary.,Tom asked me to find Mary.
Non riesco a capire la sua organizzazione.,I can't understand your organization.
Li lascio dormire fino a mezzogiorno.,I let them sleep until noon.
Non ci permetterebbe di aiutarla.,She wouldn't allow us to help her.
Scoprite di più su di Tom.,Find out more about Tom.
Siamo tutti felici adesso?,Are we all happy now?
Tom fece la sua parte.,Tom did his part.
Cosa ti ha mostrato Tom?,What did Tom show you?
Non è ancora chiara la causa dell'incidente.,It is still unclear what caused the accident.
Voi avete fatto quello.,You did that.
Odio le fabbriche.,I hate factories.
Nessuno di noi vuole sposarsi.,Neither of us wants to get married.
Penso che Tom stia facendo progressi.,I think Tom is progressing.
Lui è abbastanza grande per essere suo padre.,He's old enough to be her father.
"Voi giocate a calcio, vero?","You play soccer, don't you?"
Mary disse che l'avrebbe chiamato.,Mary said she'd call you.
Algeri è una città popolare.,Algiers is a popular city.
Di cosa vi ha parlato Tom?,What did Tom talk to you about?
Devono aggiornare il loro sito web.,They need to update their website.
Questo è il mio primo giorno.,This is my first day.
Questo cibo è scaduto.,This food is expired.
Tom ha due impieghi.,Tom has two jobs.
Non eravamo sempre ottimisti.,We weren't always optimistic.
Tom si rovesciò del vino sulla camicia.,Tom spilled wine on his shirt.
"OK, è abbastanza per oggi.","OK, that's enough for today."
Io non sono una nerd!,I'm not a nerd!
Lui è un abitante di Hong Kong.,He is a Hongkonger.
Di solito mi alzo alle otto.,I usually get up at eight.
Dovreste imparare a suonare uno strumento.,You should learn to play an instrument.
Non li interrompere.,Don't interrupt them.
Tom è occupato a pulire il garage.,Tom is busy cleaning out the garage.
Non sa molto del Giappone.,He doesn't know a lot about Japan.
Ho un vago ricordo di quella riunione.,I have a vague memory of that meeting.
Sta nevicando qua.,It's snowing here.
Sono quella da incolpare.,I'm the one to blame.
"È stato fantastico, cazzo!",That was fucking amazing!
L'ispettore ha le prove del crimine.,The detective has evidence of the crime.
Lui è l'Edison del Giappone.,He is the Edison of Japan.
Trovai il tuo libro.,I found your book.
Tom è sul sedile del guidatore.,Tom is in the driver's seat.
Posso comprare quel libro per lei.,I can buy that book for you.
È il suo fidanzato.,That's her boyfriend.
Accenderò una candela.,I'll light a candle.
Andiamo alla biblioteca islamica.,Let's go to the Islamic library.
Lei come ha dormito?,How did you sleep?
Non la vedrà più.,You won't see her anymore.
Tom girò la pagina rapidamente.,Tom turned the page quickly.
Tom fu rapinato.,Tom got robbed.
Perché vive qua?,Why do you live here?
Hai superato il tuo esame?,Did you pass your exam?
Io odio le persone sprezzanti.,I hate dismissive people.
Il dolore si fermò?,Did the pain stop?
Yanni mi ha introdotta all'Islam.,Yanni introduced me to Islam.
Siamo utenti di Internet.,We are internet users.
Io trovo che questo vino sia buono.,I think this wine is good.
Oslvaldo ha un criceto nero.,Oswald has a black hamster.
Lo trovi e basta.,Just find him.
Andate in chiesa domani?,Are you going to church tomorrow?
Tom le sembra nervoso?,Does Tom look nervous to you?
La lingua tatara non è su Google Translate.,The Tatar language isn't on Google Translate.
Voi dovete fare pratica.,You're supposed to be practicing.
Non sei cambiato per niente.,You haven't changed at all.
Non ero informato.,I wasn't informed.
Tenete in mente questa lezione.,Keep this lesson in mind.
Tom ha comprato una macchina fotografica molto costosa.,Tom bought a very expensive camera.
Questo tizio è un artista!,This fellow is an artist!
Tom vi lascerà vincere.,Tom will let you win.
Perché stai studiando l'inglese?,Why are you studying English?
"Per favore, scopri dove si trova.",Please find out where he is.
"Lo mandi dentro, per piacere.","Send him in, please."
A me dispiace davvero di farti aspettare.,I'm really sorry to make you wait.
Perché sta camminando così?,Why are you walking like that?
Presumo che lei sappia parlare il francese.,I assume you can speak French.
"Andrà alla scuola di legge, vero?","He's going to law school, isn't he?"
Ci sono cinque pazienti in sala d'attesa.,There are five patients in the waiting room.
Hanno detto che erano tentati di farlo.,They said they were tempted to do that.
È in Spagna o in Francia?,Is that in Spain or France?
Cos'è successo al naso della Sfinge?,What happened to the Sphinx's nose?
Stella è una donna ideale.,Stella is an ideal woman.
Mary è una fata.,Mary is a fairy.
So che Tom è un po' paranoico.,I know Tom is a little paranoid.
Dice di non essere preoccupata.,She says she's not worried.
È venuto di sotto.,He came downstairs.
Potete uscire adesso.,You can come out now.
Tom fece solo qualche errore.,Tom only made a few mistakes.
Ha lavato la macchina.,She washed the car.
Nessun dottore riesce a spiegarlo.,No doctor can explain that.
Non vado più in moto.,I don't ride my motorcycle anymore.
È bello e intelligente.,He's smart and beautiful.
"Voi avete lavorato per noi, vero?","You worked for us, didn't you?"
Si è rifiutata di aiutarlo.,She refused to help him.
Ho visto Tom danzare molte volte.,I've seen Tom dance many times.
Tom e Mary sono in Australia ora.,Tom and Mary are in Australia now.
Tu non puoi licenziare Tom.,You can't fire Tom.
Finse di avere un'arma.,She pretended she had a weapon.
A me piacciono sempre vino e formaggio.,I always like wine and cheese.
"Disse: ""Sono le nove.""","He said, ""It's nine o'clock."""
Preferiscono le mele verdi.,They prefer green apples.
Non sono ammessi cani o alcolici.,No dogs or alcohol allowed.
Il suo spirito solleva chi le sta intorno.,Her spirit lifts those around her.
Tom non indossa un cappello ogni giorno.,Tom doesn't wear a hat every day.
Ziri è un amministratore delegato.,Ziri is a CEO.
Sento di essere libero.,I feel that I am free.
Tom era sorpreso dal commento di Mary.,Tom was surprised by Mary's comment.
Quei tipi sono amici vostri?,Are those guys your friends?
Tu che cosa ne pensi del libro?,What do you think about the book?
"Beh, cosa vuole?","Well, what do you want?"
"Avrei potuto uccidervi, però non l'ho fatto.","I could have killed you, but I didn't."
Le macchie di sangue di solito non scompaiono.,Blood stains don't usually disappear.
Noi stiamo andando a Boston.,We're going to Boston.
Questa giovane donna è una senzatetto.,This young woman is homeless.
Ho scordato il vostro numero di telefono.,I forgot your phone number.
Le portai un regalino.,I brought you a little gift.
Tom ha un appartamento grande.,Tom has a big apartment.
Ha bisogno di istruzioni?,Do you need instructions?
Ti spiace tagliare a pezzi la bistecca?,Do you mind cutting up the steak?
Quanto bene sai danzare?,How well can you dance?
A me serve della tinta.,I need paint.
Posso insegnarvi a cacciare.,I can teach you how to hunt.
Non ho intenzione di farlo.,I have no intention of doing that.
Come vuoi festeggiare il tuo compleanno?,How do you want to celebrate your birthday?
Speriamo di aver fatto la cosa giusta.,Let's hope we did the right thing.
Tom non comprerà del pane.,Tom won't buy bread.
Perché Tom ha bisogno di voi?,Why does Tom need you?
Accesi le candele.,I lit the candles.
A Tom non piace giocare a poker.,Tom doesn't like to play poker.
Questo smartphone usa un processore ARM.,This smartphone uses an ARM processor.
Tom ha comprato una macchina fotografica per Mary.,Tom bought a camera for Mary.
La fece come gli era stato detto.,He did it as he had been told.
Tom abita a Detroit.,Tom lives in Detroit.
Dov'è la ragazza?,Where is the girl?
Perché alcuni cani mordono i loro proprietari?,Why do some dogs bite their owners?
Non ci conosci neanche.,You don't even know us.
Amo il cavolo!,I love cabbage!
Saresti interessato a lavorare per me?,Would you be interested in working for me?
Il camion era bloccato nella sabbia.,The lorry was stuck in sand.
A Mary mancava l'esperienza politica.,Many lacked political experience.
È improbabile che Tom vincerà.,It's unlikely Tom will win.
Tom è sposato e vive a Boston.,Tom is married and lives in Boston.
Tom è già andato a scuola.,Tom has already left for school.
Questa biro è di Tom?,Is this pen Tom's?
È pronta per cominciare?,Are you ready to begin?
Questi sono i miei nonni.,These are my grandparents.
A te piace viaggiare da sola?,Do you like to travel by yourself?
Come ha risposto?,How did he respond?
Fate ciò che è giusto.,Do that which is right.
"Dov'è il tasto ""qualunque""?","Where's the ""any"" key?"
Hai già ordinato la tua?,Did you order yours yet?
Il riso è già bruciato.,The rice is already burnt.
Non conosco nessuno a Boston.,I don't know anybody in Boston.
"Tom è veramente preoccupato, vero?","Tom is really worried, isn't he?"
Mary dice che è il suo film preferito.,Mary says that's her favorite movie.
Ho saltato la cena.,I skipped dinner.
Vedo due case bianche.,I see two white houses.
Ero felice di superare l'esame.,I was happy to pass the exam.
Perché sei così tremendo?,Why are you so awful?
Perse il suo amico.,He lost his phone.
Lesse un articolo.,She read an article.
È il più grande uomo del mondo.,He is the greatest man in the world.
Sembrava non essere occupato.,He looked like he wasn't busy.
Le mie speranze si ravvivarono.,My hopes revived.
Ciò che ha detto riguardo all'Inghilterra è vero.,What he said about England is true.
Mary vuole fare tutto lei stessa.,Mary wants to do everything herself.
Riuscite a ottenere questo libro raro per me?,Can you obtain this rare book for me?
Sarò il suo chaperon.,I'll be your chaperone.
Questo gioco è molto divertente.,This game is a lot of fun.
Il figlio del re venne rapito.,The king's son was kidnapped.
Perché avete fritto solamente un uovo?,Why did you fry only one egg?
Finalmente sono a casa!,I'm finally home!
È oltre il limite legale.,You're over the legal limit.
Me lo invii.,Send it to me.
Persino Tom mentì.,Even Tom lied.
Tom sta rispondendo bene alla nuova cura.,Tom is responding well to the new treatment.
"Mary è un'avvocatessa, vero?","Mary is a lawyer, isn't she?"
Questo libro è per te.,This book is for you.
Non poteva finire il suo pranzo.,He couldn't finish his lunch.
Perché sembri così preoccupato?,Why are you looking so worried?
Tom ha trovato qualcosa di valore.,Tom has found something valuable.
Io uso questo computer.,I use this computer.
"Per piacere, entri nel mio ufficio.",Please enter my office.
Lei si fece forare l'ombelico.,She got her navel pierced.
Ci sono sempre delle sfide.,There are always challenges.
Quale borsa di plastica è tua?,Which plastic bag is yours?
Io sono stanca di mangiare al ristorante.,I'm fed up with eating in restaurants.
Non abbiamo mai avuto l'occasione.,We never got the chance.
La mia amica è polacca.,My friend is Polish.
Tom sta preparando i bagagli.,Tom is packing.
Lui non risparmiò fatica ad aiutarmi.,He spared no pains to help me.
A Tom piace a Boston.,Tom likes it in Boston.
Le hanno chiesto di farlo?,Did they ask you to do that?
Io ho imparato dai migliori.,I've learned from the best.
Fanno sempre del loro meglio.,They always try their best.
Non ci sono corde in questa chitarra.,There are no strings on this guitar.
Io vi potrei uccidere.,I could kill you.
Dico tutto a loro.,I tell them everything.
Il telefono suonò diverse volte.,The telephone rang several times.
Ho una casa rossa.,I have a red house.
Io accolgo la morte.,I welcome death.
"Per piacere, aprila.",Please open it.
Perché tu e Tom non cantate assieme?,Why don't you and Tom sing together?
Cominciò a parlare dell'Islam.,He started talking about Islam.
Tom non parlerà con loro.,Tom won't speak to them.
Posso farle una foto?,May I take a picture of you?
Ora è quello che chiamo perseveranza.,Now that's what I call perseverance.
Tom è ultimo.,Tom is last.
Come hai conosciuto Mary?,How did you get to know Mary?
È una cosa culturale.,It's a cultural thing.
Ha guardato ancora il suo orologio.,He looked at his watch again.
La mela era saporita.,The apple was tasty.
Tu sei davvero il fratello di Tom?,Are you really Tom's brother?
Che ne pensi del nuovo professore?,What do you think of the new teacher?
Non scherzare col fuoco.,Don't play with fire.
Vai in palestra oggi?,Are you going to the gym today?
Mi è piaciuto molto il concerto.,I enjoyed the concert a lot.
Loro non hanno il senso del peccato.,They have no sense of sin.
Nessuno risposte al telefono.,Nobody answered the telephone.
Pensa di avere l'influenza.,She thinks she has the flu.
Sami stava massaggiando Layla.,Sami was massaging Layla.
Rimarrà a casa?,Will you stay at home?
Tom e Mary sono arrivati in contemporanea.,Tom and Mary arrived at the same time.
Io sono un po' geloso.,I'm a little jealous.
Attraversiamo quel ponte quando ci arriviamo.,Let's cross that bridge when we get there.
Ho bisogno di affetto.,I'm in need of affection.
Sai che non ti mentirò.,You know I won't lie to you.
Mi servono informazioni su di lui.,I need information about him.
È una situazione triste.,It's a sad situation.
Tom vuole scappare.,Tom wants to escape.
Dica loro di iniziare.,Tell them to start.
Sono colui che l'ha ucciso.,I'm the one who killed him.
Mary mi disse che non vedeva Tom.,Mary told me she didn't see Tom.
Tutti si sono precipitati verso di lui.,Everybody rushed towards him.
Ziri è un uomo molto coraggioso.,Ziri is a very courageous man.
Io non odio niente.,I don't hate anything.
Tom è in Australia.,Tom is in Australia.
Qui c'è un ristorante di pesce?,Is there a fish restaurant here?
Io sono stanca di ascoltare Tom.,I am tired of listening to Tom.
Disse che le piaceva la neve.,She said she liked snow.
Tom sembrava distratto.,Tom seemed distracted.
Lei va in palestra oggi?,Are you going to the gym today?
Ziri sta dando un regalo a Rima.,Ziri is giving Rima a gift.
Ho litigato con mia moglie.,I argued with my wife.
Siamo abituati al freddo.,We're used to the cold.
A me piace il liquore al caffè.,I like coffee liqueur.
Portatemi un pezzo di gesso.,Bring me a piece of chalk.
Non sembra molto occupato.,You don't seem very busy.
Tom ha una società a Boston.,Tom runs a company in Boston.
Che cosa dovete leggere?,What do you have to read?
È pieno di ambizione.,He is full of ambition.
Datemi le mie scarpe.,Give me my shoes.
Ha detto che era libero.,He said that he was free.
Non sono razzista.,I'm not racist.
Ve l'ho appena detto. Siete sordi?,I just told you. Are you deaf?
"Oh, mi spiace.","Oh, I'm sorry."
Mi piace la carne di pollame.,I like poultry meat.
Perché vuoi vedere Tom?,Why do you want to see Tom?
Tom comprò delle mele.,Tom bought some apples.
"Lui lo fece, non lei.","He did that, not her."
L'albero cadde durante il tifone.,The tree fell over in the typhoon.
Tom passò una bottiglia a Mary.,Tom handed Mary a bottle.
Io farò del mio meglio per superare l'esame.,I'll do my best to pass the examination.
Sei venuta da sola oggi?,You came alone today?
Vuole che lo porti a casa sua.,He wants me to take his place.
Vorreste un'altra birra?,Would you like to have another beer?
A Mary è piaciuto davvero il suo pasto.,Mary really enjoyed her meal.
Tom di solito mangia il pranzo da solo.,Tom usually eats lunch alone.
Preferiresti giocare a tennis o a badminton?,Would you rather play tennis or badminton?
Io ho pagato da bere.,I paid for the drinks.
Mi affacciai alla finestra.,I looked out of the window.
Le sta bene il rosso.,Red suits you.
Aladino trovò una lampada magica.,Aladdin found a magic lamp.
La raccomando fortemente.,I recommend it strongly.
"Per favore, non interrompermi mentre sto parlando.",Please don't interrupt me when I am speaking.
Avete comprato le cipolle?,Did you buy onions?
Mi permetta di presentarla al signor White.,Allow me to introduce you to Mr White.
Non sono andato all'università.,I didn't go to college.
Disse che lasciò le sue chiavi a casa.,She said she left her keys at home.
Perché stai andando a Boston?,Why are you going to Boston?
Ho bisogno di quelle informazioni il prima possibile.,I need that information as soon as possible.
Non voglio mangiare in questo momento.,I don't want to eat right now.
L'uomo è morto di cancro.,The man died of cancer.
Celebrare le nostre differenze rafforza i legami comunitari.,Celebrating our differences strengthens community bonds.
Noi balliamo insieme.,We dance together.
Io sono un intermediario che introduce gli affari.,I am an intermediary who introduces business.
La morte di Tom è stata un incidente.,Tom's death was an accident.
A me piace la carne di gallo.,I like rooster meat.
"È vostra zia, vero?","She's your aunt, isn't she?"
Questi vestiti ti stanno bene.,These clothes suit you.
La stanza era tutta in disordine.,The room was all messed up.
Ti offro un'ultima opportunità.,I offer you one last opportunity.
Questa non è una pipa.,This is not a pipe.
Abbiamo qualche grande notizia!,We have some great news!
Lui ha confrontato l'imitazione con l'originale.,He compared the imitation with the original.
Puoi aprire la finestra?,Can you open the window?
"Sì, un po'.","Yes, a little."
Io sono molto sbadato.,I'm very absent-minded.
È un mercato molto competitivo.,It's a very competitive market.
Sembravano tutti soddisfattti dalle sue risposte.,They all appeared satisfied with your answers.
Non ti rende nervoso?,Doesn't it make you nervous?
Tom chiamò dall'Australia.,Tom called from Australia.
Pensa di essere un buon autista.,He thinks he's a good driver.
Legga un libro.,Read a book.
Non le posso promettere niente.,I can't promise you anything.
Abbiamo visitato il museo la scorsa settimana.,We visited the museum last week.
Non sto facendo del male ai vostri animali.,I'm not hurting your animals.
Non sappiamo il perché.,We don't know why.
Non lo faccia! È stupido e pericoloso.,Don't do it! It's stupid and dangerous.
Ha potere su di me.,He has power over me.
Non ho alcuna scusa.,I have no excuse.
Ziri andò a scuola.,Ziri went to school.
Lavoro allo zoo.,I work at the zoo.
Aggiunga dell'olio d'oliva.,Add olive oil.
Voi siete ancora occupati?,Are you still busy?
Noi ci siamo sempre divertiti.,We always had fun.
L'unica carne che mangio è il pollo.,The only meat I eat is chicken.
Vi suggerisco di andare in treno.,I suggest you go by train.
Il freddo vento del nord stava soffiando fuori.,The cold north wind was roaring outside.
Penso che sia un buon uomo.,I think he is a good man.
Mary ha tirato fuori la lingua.,Mary stuck her tongue out.
Ci fa arrabbiare.,You anger us.
Il parlante si è schiarito la gola.,The speaker cleared his throat.
È una cittadina dell'Ucraina.,She's a citizen of Ukraine.
Lasciami parlare con il prigioniero.,Let me talk with the prisoner.
Gli piacciono le giraffe.,He likes giraffes.
Chi è il fortunato?,Who's the lucky one?
Lei è favorevole o contraria al mio piano?,Are you for or against my plan?
Sono convinta che andrà tutto bene.,I believe that everything will be fine.
Dovrebbe chiedere un rimborso.,You should ask for a refund.
Sapeva che stava facendo.,She knew what she was doing.
So chi ha fatto questo.,I know who did this.
Ha detto che era assonnata.,She said that she was sleepy.
Non condividerò i miei sentimenti con nessun altro.,I won't share my feelings with anyone else.
La situazione sembrava richiedere un intervento immediato.,The situation seemed to call for immediate action.
Gli ho disubbidito.,I've disobeyed him.
Perché ha suonato il clacson contro di me?,Why did you honk at me?
Siete sempre piaciuti a Tom.,Tom always liked you.
Vi siete mai rotte una gamba?,Have you ever broken a leg?
Bevo vino ogni giorno.,I drink wine every day.
Non ho tempo per Lei.,I don't have time for you.
Persi di vista i miei amici.,I lost sight of my friends.
Provò a calmare l'uomo arrabbiato.,He tried to soothe the angry man.
Un gruppo di gangster ha rubato dei soldi.,A group of gangsters stole money.
Non voglio che vengano.,I don't want them to come.
Io non ti ho mai sentito parlare così.,I've never heard you talk like that.
Non sono coraggiosa quanto Tom.,I'm not as brave as Tom.
Ha detto che non conosceva questo.,He said he didn't know this.
Che piatti ti piace mangiare?,What dishes do you like to eat?
Perché Tom si è fermato?,Why did Tom stop?
Voglio andare a tuffarmi nel fiume.,I want to dive into the river.
Tom bevete dal mio bicchiere.,Tom drank out of my glass.
C'erano molto problemi che dovevamo risolvere.,There were many problems we had to solve.
Ne ho rotto uno.,I broke one.
Tom probabilmente non mi perdonerà mai.,Tom will probably never forgive me.
Io non devo niente a nessuno.,I don't owe anyone anything.
Era più piccola di quanto avevo immaginato.,It was smaller than I had imagined.
Vorrei vedere mio figlio.,I'd like to see my son.
Io conosco quel tedesco con la barba lunga.,I know that German with a long beard.
Non rispondete al telefono.,Don't answer the phone.
Datemene uno buono.,Give me a good one.
Lei è così razzista.,She's so racist.
Sarebbe dovuto venire alla festa.,You should've come to the party.
Abbiamo poche opportunità per utilizzare l'inglese.,We have little opportunity to use English.
Spero di cantare meglio la prossima volta.,I hope I sing better next time.
Sto facendo questo il più veloce che riesco.,I'm doing this as fast as I can.
Valorizza grandemente la sua famiglia.,She values her family greatly.
Io sono brava a ballare.,I'm good at dancing.
Perché l'ha infastidita?,Why did that bother you?
Vive vicino ad una biblioteca.,He lives near a library.
"Se voi non lo sapete, chi lo sa?","If you don't know, who does?"
Rispetto la sua decisione.,I respect his decision.
Questo è un meme.,This is a meme.
Dille che sono qui.,Tell her that I'm here.
Tom sapeva che Mary stava morendo.,Tom knew Mary was dying.
Tom perse la sua compostezza.,Tom lost his composure.
Non lo trovo confortante.,I don't find that comforting.
Perché ha bisogno di quelle informazioni?,Why do you need that information?
Non ti piace neanche il pesce.,You don't even like fish.
A Sami piaceva la canzone di Layla.,Sami liked Layla's song.
Non giocare col fuoco!,Don't play with fire.
Perché sei vestito come un anziano?,Why are you dressed like an old man?
Noi non abbiamo tempo di farlo ora.,We don't have time to do that now.
Lei si vergogna del suo corpo.,She's ashamed of her body.
La maestra ha dato un premio a John.,The teacher gave John a prize.
A me piacerebbe essere Picasso.,I would like to be Picasso.
Tom ha provato a risolvere il problema.,Tom tried to solve the problem.
Perché non esce a giocare?,Why don't you go outside and play?
Hai letto un libro interessante?,Have you read an interesting book?
Grazie per essere stato con lui.,Thanks for staying with him.
Non sapevo che Fadil parlasse arabo.,I didn't know Fadil spoke Arabic.
Tieni un diario?,Do you keep a diary?
Io da dove comincio?,Where do I start?
Comprai dei regali ai miei nipoti.,I bought my grandchildren presents.
Penso che Tom sia sfortunato.,I think Tom is unlucky.
Gli amici si salutarono al cancello.,Friends greeted each other at the gate.
Non capisco cosa stanno dicendo.,I don't understand what they're saying.
Mary mangia solamente quello che vuole mangiare.,Mary eats only what she wants to eat.
Poche persone capiscono il vero significato della vita.,Few people understand the real meaning of life.
"Mary è impegnata, vero?","Mary is busy, isn't she?"
Condivida con Tom.,Share with Tom.
Rima e Skura hanno bisogno di sesso.,Rima and Skura need sex.
Tom non ha ancora baciato Mary.,Tom hasn't kissed Mary yet.
Non tocchi quelli.,Don't touch those.
Adesso sta a voi il servizio.,Now it's your serve.
Ignora i miei problemi.,He ignores my problems.
Non è quello che penso.,That's not what I think.
Perché eri con lui?,Why were you with him?
"Starà bene, vero?","He'll be all right, won't he?"
John incontrò Mary mentre andava a scuola.,John met Mary on his way to school.
Tom pensava che fossi a Boston.,Tom thought you were in Boston.
Mise bruscamente giù il coltello.,He abruptly put down the knife.
Lo feci perché Tom mi disse di farlo.,I did that because Tom told me to.
Tom mangiò il mio dessert.,Tom ate my dessert.
Tom suona la chitarra piuttosto bene.,Tom plays the guitar pretty well.
È mio fratello Tom.,That's my brother Tom.
È ancora nel suo appartamento.,He's still in his apartment.
Mary ha aperto la bocca per interrompere.,Mary opened her mouth to interrupt.
Lui ha risposto in maniera errata.,He answered incorrectly.
Stanno facendo una passeggiata.,They are taking a walk.
Voi siete ancora arrabbiati con Tom?,Are you still angry with Tom?
Ammise che era curioso.,He admitted he was curious.
Io sono ancora molto stanco.,I'm still very tired.
Mi mostri il suo lavoro.,Show me your work.
Vorrei parlarne ora.,I'd like to talk about it now.
È il sistema.,That's the system.
Benvenuto in Australia.,Welcome to Australia.
Vada a prendergli una coperta.,Go get him a blanket.
Non è insolito?,Isn't that unusual?
Lei fa rumore.,She makes noise.
Che diavolo stai facendo qui dentro?,What the hell are you doing in here?
È stato visto entrare nella stanza.,He was seen to enter the room.
Non lo aveva mai visto ridere.,She had never seen him laugh.
Ero un uomo felice.,I was a happy man.
Tom ha paura del cane del suo vicino.,Tom is afraid of his neighbor's dog.
Ci siamo persi nelle strade.,We got lost in the streets.
La vita è soltanto un gioco.,Life is just a game.
Tom deve venire.,Tom has to come.
Stavamo provando ad aiutarlo.,We were trying to help him.
"Ha urlato: ""Aiuto!""","He cried: ""Help!"""
Non mentite. Siate onesti.,Don't tell a lie. Be honest.
"Per piacere, prestami la tua macchina.",Please lend me your car.
Perché dovrei darle del denaro?,Why should I give her money?
Era il suo mentore.,He was her mentor.
Ziri e Rima giocarono a poker.,Ziri and Rima played poker.
Tu come ti senti oggi?,How are you feeling today?
Io sarò discreta.,I'll be discreet.
Tom è una spia.,Tom is a spy.
Lui ha colto un fiore per sua donna.,He picked a flower for his wife.
È nostro dovere aiutarli.,It's our duty to help them.
Io sono stanco di tutte le sue lamentele.,I'm tired of all his complaints.
Io vidi mia madre nascondere la torta.,I saw my mother hide the cake.
Voglio sapere cosa c'è in questa scatola.,I want to know what's in this box.
Ha un incredibile senso dell'umorismo.,She has a marvelous sense of humor.
A me non piace pubblicare foto su Facebook.,I don't like to post photos on Facebook.
Non abbiamo tutta la giornata.,We haven't got all day.
Sami non voleva andare a scuola.,Sami didn't want to go to school.
Amo i vostri disegni.,I love your drawings.
Sei un ragazzo belloccio.,You're a cutie.
Non è denaro vero.,It's not real money.
L'ha lasciata fuggire.,You let her get away.
Mary ha provato a proteggere i suoi figli.,Mary tried to protect her kids.
Perché è venuta a vedermi oggi?,Why did you come to see me today?
Io ho un computer portatile Asus.,I have an Asus laptop.
Le abbiamo veramente ingannate.,We really fooled them.
Lasciò il suo lavoro.,She quit her job.
Possiede una grande proprietà.,She owns a large property.
È mia amica?,Are you my friend?
Crede nella vita eterna?,Do you believe in eternal life?
Vieni a trovarmi ora.,Come and see me right now.
La gatta ha attraversato la strada.,The cat crossed the street.
Gli albanesi mangiano solo carne halal.,Albanians only eat halal meat.
Perché non ha guardato la foto?,Why didn't you look at the picture?
Lui si stanca facilmente.,He tires easily.
"È immune, vero?","He's immune, isn't he?"
Non dipende da me.,It's not up to me.
Io mi sono annoiato.,I got bored.
La lingua madre di Tom è l'inglese.,Tom's native language is English.
Io ho bisogno di un po' di carta.,I need some paper.
"È reale, vero?","It's real, isn't it?"
Il suo regno è il vostro inferno.,Her kingdom is your hell.
Le ha dato un pezzo di carta.,He gave her a piece of paper.
Non devi essere un genio.,You don't have to be a genius.
Dove siete cresciuti?,Where did you grow up?
Tom ha trascorso il Natale dietro le sbarre.,Tom spent Christmas behind bars.
Hai saltato troppe classi.,You've skipped too many classes.
Sami sta indossando la sua felpa col cappuccio.,Sami is wearing his hoodie.
La mia migliore amica è a Roma adesso.,My best friend is in Rome now.
Studiate l'inglese ogni giorno?,Do you study English every day?
I cani abbaiarono tutta la notte.,The dogs barked all night.
Penso che voi siate interessanti.,I think you're interesting.
Voi avete abbracciato Mary.,You hugged Mary.
Ha protestato contro il nuovo piano.,He protested against the new plan.
Lasciate perdere. È troppo rischiosa.,Forget it. It's too risky.
Ricordate questo ponte?,Do you remember this bridge?
Tom sta provando a confondervi.,Tom is trying to confuse you.
Non provai a ucciderli.,I didn't try to kill them.
Tom beve caffè ogni mattina.,Tom drinks coffee every morning.
Tom distrusse la loro famiglia.,Tom destroyed their family.
Tom ha tirato il dado.,Tom rolled the dice.
Mi serve un dottore.,I need a doctor.
Non ho la mia borsetta.,I don't have my purse.
Il Portorico non è uno stato sovrano.,Puerto Rico is not a sovereign state.
Non ho una fidanzata.,I don't have a girlfriend.
Mary ha detto che era canadese.,Mary said she was a Canadian.
Non vada laggiù.,Don't go down there.
Siete bravi a baseball?,Are you good at baseball?
Mi ha incastrata.,You framed me.
Ci scuserete per un momento?,Will you excuse us for a moment?
Ho mangiato la colazione in piedi.,I ate breakfast standing.
Tom è vostro amico?,Is Tom your friend?
Penso di capirvi.,I think I understand you.
Tom e Mary sono sopravvissuti al bombardamento.,Tom and Mary survived the bombing.
La vostra auto è blu?,Is your car blue?
Questa porta non si chiuderà.,This door won't shut.
Sta portando uno zaino sulla schiena.,She is carrying a backpack on her back.
Vuoi un altro po' di latte?,Do you want some more milk?
Porta i tuoi soldi.,Bring your money.
Aspettano un bambino.,They're expecting a baby.
Ho le spalle larghe.,I have broad shoulders.
Ci mostrò la sua collezione di francobolli.,He showed us his stamp collection.
Vai a casa di Tom.,Go to Tom's house.
Qual è l'età del tuo frigorifero?,How old is your refrigerator?
Perché lei è così gentile con me?,Why is she so nice to me?
Tom deve essere il fidanzato di Mary.,Tom must be Mary's boyfriend.
Non siederà con lei.,He won't sit with her.
Ne vale la pena provare.,It's worth a try.
Il cielo sembra arrabbiato.,The sky looks angry.
Ci restano tre giorni.,We've got three days left.
Ho bisogno di una matita.,I need a pencil.
A chi tocca guidare?,Whose turn is it to drive?
"Sta aspettando qualcuno, vero?","He's expecting somebody, isn't he?"
L'alfabeto è adottato in molte lingue.,The alphabet is adopted in many languages.
Lui mi spiegò la regola.,He explained the rule to me.
Hai augurato a Tom un felice Natale?,Did you wish Tom a Merry Christmas?
Leggono il libro.,They read the book.
Non abbiate paura di parlare più forte.,Don't be afraid to speak up.
Sapeva che aveva un lavoro da fare.,She knew she had a job to do.
Non masticare con la bocca aperta.,Don't chew with your mouth open.
Io non sono preoccupata per te.,I'm not worried about you.
Ti dà fastidio se faccio questo?,Does it bother you if I do this?
Mi serve più oro.,I need more gold.
Anche i suoi genitori accettarono l'Islam.,"His parents accepted Islam, too."
Abbiamo deciso di venderlo.,We decided to sell it.
"È schietta, vero?","She's frank, isn't she?"
Io penso che lei piaccia a Tom.,I think Tom likes you.
A me non va molto di mangiare.,I don't feel much like eating.
Il motore è tornato in vita di nuovo.,The engine came back to life.
Si rifiutò di prendere i soldi.,She refused to take the money.
Hanno detto che erano troppo stanche per danzare.,They said they were too tired to dance.
Sei stato impegnato recentemente?,Have you been busy recently?
Passerò il Natale con la mia famiglia.,I'll spend Christmas with my family.
Tom è più forte di quel che sembra.,Tom is stronger than he looks.
"Proviamo a velocizzare le cose, OK?","Let's try to speed things up, okay?"
Fumare le farà molto male.,Smoking will do you a lot of harm.
Non ho mai incontrato Maria.,I never met Maria.
Tom ha aiutato Mary a fuggire di prigione.,Tom helped Mary to escape from prison.
"È a Boston in questo momento, vero?","He's in Boston right now, isn't he?"
Provarono a nascondere la loro ansia.,They tried to hide their anxiety.
Questa bandiera è molto carina.,This flag is very pretty.
Io non ci vedo alcun complotto.,I see no conspiracy there.
Non abbiamo pianificato questo.,We didn't plan this.
Né Tom né Mary hanno smesso di piangere.,Neither Tom nor Mary has stopped crying.
"È troppo vecchio per farlo, vero?","He's too old to do that, isn't he?"
Perché vorrebbe andare lì?,Why would he want to go there?
Perché eravate a letto?,Why were you in bed?
Il gelato di Sami si sciolse.,Sami's ice cream melted.
Disse che non riusciva a camminare.,She said that she couldn't walk.
Perché non gli dai un colpo di telefono?,Why don't you give him a call?
Non si voleva sedere accanto a lei.,He didn't want to sit next to her.
C'è abbastanza cibo.,There is enough food.
Hai comprato dei fiori?,Did you buy flowers?
Non nuoto bene.,I don't swim well.
Comprai dei fichi secchi al mercato.,I bought dried figs at the market.
Ha visto Tom guidare?,Have you seen Tom drive?
Dovrete parlare con lui.,You'll have to talk to him.
Non li assumerei mai.,I'd never hire them.
Dove mi posso allenare?,When can I train?
Tom ha bruciato la bandiera americana.,Tom burned the American flag.
"Su, non piangere.","Come on, don't cry."
Tom e Mary non stanno cercando simpatia.,Tom and Mary aren't looking for sympathy.
Guardi chi c'è qui.,Look who's here.
Lei ha restituito il dizionario.,She gave the dictionary back.
La guerra è malvagia.,War is evil.
Viene dalla nostra città?,Are you from our city?
Siamo arrivate sull'isola due giorni dopo.,We arrived on the island two days later.
Dovrei farmi estrarre il dente?,Should I have my tooth extracted?
La spedizione fu piena di disastri.,The expedition was fraught with disaster.
Io odio le sveglie.,I hate alarm clocks.
Coltivi la natura.,Cultivate the wilderness.
Io sarò nel mio studio.,I'll be in my study.
Noi ci siamo tutti congratulati con loro.,We all congratulated them.
Probabilmente sono ubriache.,They're probably drunk.
Lo sapevano tutti tranne me.,Everyone except me knew it.
Tom non era molto confuso.,Tom wasn't very confused.
Sarà sicuramente in grado di farla.,You'll surely able to do it.
Hanno votato per creare un comitato.,They voted to create a committee.
Sto riparando la lavatrice.,I am repairing the washing machine.
Tre canadesi furono uccisi.,Three Canadians were killed.
Tu hai mai giocato a tennis?,Have you ever played tennis?
Yanni era davvero lento.,Yanni was really slow.
La gatta è molto gentile.,The cat is very kind.
Attenzione: lo spagnolo cileno può sembrare strano altrove.,Attention: Chilean Spanish may sound weird elsewhere.
C'è molto cibo.,There's lots of food.
Layla morì di una morte pacifica.,Layla died a peaceful death.
Che farebbero Tom e Mary?,What would Tom and Mary do?
"Dov'è la chiave? Ah, l'hai trovata.","Where's the key? Ah, you found it."
Prenda questa borsa.,Take this bag.
Io avevo non più di tre libbre.,I had no more than three pounds.
Se ne andò senza pagare.,He left without paying.
Io ho paura degli estranei.,I'm afraid of strangers.
Perché non lasci decidere Tom?,Why don't you let Tom decide?
Nota la differenza!,Notice the difference!
Volete un po' di dessert?,Do you want some dessert?
Non ho fatto nulla a loro.,I didn't do anything to them.
Solitamente non mangio il dessert.,I don't usually eat dessert.
Siete state indiscrete?,Were you indiscreet?
Tom non aiutò.,Tom didn't help.
Sami andò in un ristorante di sushi.,Sami went to a sushi restaurant.
Potrei prendere in prestito una tazza di zucchero?,Could I borrow a cup of sugar?
Siamo tutti preoccupati per lui.,We're all worried about him.
So che vuoi parlare con Tom.,I know you want to talk to Tom.
Noi non possiamo rivelare informazioni confidenziali.,We can't reveal classified information.
Puoi ospitarmi stanotte?,Can you put me up tonight?
Lui ha utilizzato dei piccioni nel suo esperimento.,He used pigeons in his experiment.
Mary non può controllare le sue figlie.,Mary can't control her children.
Tom ora è sposato con Mary.,Tom is now married to Mary.
Lo potrebbe chiedere a lui.,You could ask him.
Ha bisogno del telefono?,Do you need the phone?
I piedi di Tom si bagnarono.,Tom's feet got wet.
Tu hai mai visto Tom piangere?,Have you ever seen Tom cry?
Non condivido il vostro entusiasmo.,I don't share your enthusiasm.
Mi ha messo un cerotto sul dito ferito.,She applied a bandage to my hurt finger.
Perché state inscatolando?,Why are you packing up?
Ha vissuto all'estero per molti anni.,He lived abroad for many years.
Tom ha parlato con calma.,Tom spoke calmly.
Riesci a immaginare come mi sono sentita?,Can you imagine how I felt?
Eravamo così preoccupate per te.,We were so worried about you.
Volare è il modo più rapido di viaggiare.,Flying is the quickest way to travel.
Questa è una fotografia di un aeroporto.,This is a picture of an airport.
Non abbiamo più vino.,We don't have any more wine.
Io posso ragionare con lei.,I can reason with her.
Ho guardato la televisione invece di studiare.,I watched television instead of studying.
Non li ha convinti.,That didn't convince them.
Raffredda il dito scottato sotto l'acqua corrente.,Cool the burned finger in running water.
Sami portò i suoi CD in Egitto.,Sami took his CD's to Egypt.
Tom vive oltre i suoi mezzi.,Tom lives beyond his means.
Io non l'ho visto.,I haven't seen him.
È salutare respirare profondamente.,It's healthy to breathe deeply.
Vorrebbe raccontare la prossima storia?,Would you like to tell the next story?
Chiedetemi qualsiasi cosa!,Ask me anything!
Mary ci disse che poteva aiutare.,Mary told us she could help.
Quanti cavalli avete?,How many horses do you have?
Veniamo entrambe da Boston.,We're both from Boston.
Mi dia quei guanti.,Give me those gloves.
Mary decise di fare del suo meglio.,Mary decided to do her best.
Ti ha visto.,He saw you.
Dovresti cantare con noi.,You should sing with us.
Pensavo che Tom fosse assonnato.,I thought that Tom was sleepy.
Quell'auto è abbastanza moderna.,That car is quite up to date.
Lui fece quello che gli dissi di fare.,He did what I told him to do.
Sami fa questo dopo la scuola.,Sami does this after school.
Mio padre lavora presso il Ministero degli Esteri.,My father serves in the Foreign Ministry.
È ciò che è capitato a loro.,That's what happened to them.
Vivete in zona?,Do you live in the area?
State lavorando troppo duramente.,You're working too hard.
Non ho ancora parlato con Tom.,I haven't talked to Tom yet.
Conservi una patata per me.,Save a potato for me.
Non avevo molta sete.,I wasn't very thirsty.
Sono stanco delle sue lamentele.,I'm fed up with her complaints.
Ero veramente sfortunato.,I was really unlucky.
Dovrebbe investire il suo denaro.,You should be investing your money.
Lei è favorevole o contrario al progetto?,Are you for or against the project?
Giocate ancora a golf con Tom?,Do you still play golf with Tom?
Le serve la sua privacy.,She needs her privacy.
Ti sei divertito alla festa?,Did you enjoy yourself at the party?
Tom ha dato degli ordini.,Tom gave orders.
Ha venduto la sua casa tre mesi fa.,She sold her house three months ago.
Come l'hai saputo che Tom era interessato?,How did you know Tom was interested?
Io sto leggendo un libro adesso.,I am reading a book now.
Ne puoi avere quanti ne vuoi.,You can have any you want.
"Oh, ecco che arriva Chris.","Oh, here comes Chris."
Tom non è qui adesso.,Tom isn't here now.
"È ancora il suo fidanzato, vero?","He's still your boyfriend, isn't he?"
Fammi andare al negozio.,Let me go to the store.
Ha tenuto un diario lungo il viaggio.,He kept a diary during the trip.
Scusi per il casino.,Excuse the mess.
"È un chitarrista, vero?","He's a guitarist, isn't he?"
Tom vide la gatta.,Tom saw the cat.
Ziri ha trovato un'altra donna.,Ziri has found another woman.
Tu andrai in America l'anno prossimo?,Will you go to America next year?
Sarò il vostro cameriere stasera.,I'll be your server tonight.
Mary fa quello che pensa che sia giusto.,Mary does what she thinks is right.
"Bevi vino, vero?","You drink wine, don't you?"
Cosa ti ha impedito di lavorare?,What prevented you from working?
Sto studiando in un liceo classico.,I'm studying at a classical gymnasium.
È più probabile di quanto pensi.,It's more likely than you think.
Hai illuminato la mia giornata.,You've brightened my day.
Conosco il vostro nome.,I know your name.
Guida un SUV.,He drives an SUV.
A suo fratello piace il basket?,Does your brother like basketball?
Mi descriva Tom.,Describe Tom to me.
La sua influenza è ancora intatta.,His influence is still undiminished.
Tom ha negato quelle voci.,Tom denied those rumors.
"Non ne avete vista una, vero?","You haven't seen one, have you?"
Quand'è la vostra pausa pranzo?,When is your lunch break?
Ho pianificato una festa per lei.,I planned a party for her.
Tutti gli altri ragazzi lo fanno.,All the other kids do it.
Sono onorata di lavorare con Tom.,I'm honored to be working with Tom.
Li dovreste aiutare.,You should help them.
Io non voglio crearvi problemi.,I don't want to cause you any problems.
Non sono un avvocato.,I'm not a lawyer.
La loro barca è alla deriva.,Their boat is adrift.
Vuole un biscottino?,Do you want a cookie?
Lei ha assolutamente ragione.,You are absolutely right.
Negò di averla assassinata.,He denied he murdered her.
È inverno in Australia.,It's winter in Australia.
Tom parla spesso del suo lavoro.,Tom often talks about his work.
La loro opinione conta poco.,Their opinion matters little.
Cos'è successo in realtà?,What actually happened?
Stiamo scappando in Giappone.,We are fleeing to Japan.
Non ho ordinato questa.,I didn't order this.
Lui vuole imparare a cucinare.,He wants to learn how to cook.
Zero è un numero speciale.,Zero is a special number.
Mary voleva la sua libertà.,Mary wanted her freedom.
Lei ha cercato Tom su Google?,Have you googled Tom?
Sembrava essere annoiata.,She looked like she was bored.
La casa era grande.,The house was big.
"Io avrei potuto ucciderla, però non l'ho fatto.","I could have killed you, but I didn't."
Tom ha bisogno di un lavoro.,Tom needs a job.
Lo sai come funziona?,Do you know how it works?
Pensa che Tom abbia visto Mary?,Do you think Tom saw Mary?
Mi piacciono davvero gli hot dog.,I really like hot dogs.
Fece cinque errori in altrettante linee.,She made five mistakes in as many lines.
Lei gli piace.,He likes her.
Ridammi il telecomando.,Give me back the TV remote.
Era molto strana.,It was very strange.
Lui si è opposto al piano.,He opposed the plan.
Non provate ad imitarla.,Do not try to imitate her.
Quando dovrei ritornare?,When should I come back?
Organizzate il vostro lavoro in diversi capitoli.,Organize your work in different chapters.
Tom ha parlato con lei recentemente?,Has Tom talked to you recently?
Finisci il tuo caffè.,Finish your coffee.
Mary non realizza ciò che ha fatto.,Mary doesn't realize what she's done.
Lei era molto occupata.,She was very busy.
"Io vorrei un po' di tè, per piacere.","I'd like some tea, please."
Lei è sfortunato?,Are you unlucky?
"Beh, cosa vuoi che faccia?","Well, what do you want me to do?"
Anne ha molti ammiratori.,Anne has many admirers.
Lo so che non vi piacciono.,I know you don't like them.
Tom ha ascoltato Mary cantare.,Tom listened to Mary singing.
Tom è stato assente ingiustificato dalla settimana scorsa.,Tom has been AWOL since last week.
Dammene un po'.,Give me a few.
Lui non riesce più a camminare.,He can't walk any more.
Mi dissero che erano disorganizzati.,They told me that they were disorganized.
Io non penso che lei sappia l'ebraico.,I don't think that she knows Hebrew.
Dice che non ha fatto nulla di sbagliato.,He says he's done nothing wrong.
Do priorità alle interazioni rispettose.,I prioritize respectful interactions.
Ho visto il cane.,I saw the dog.
Mary disse che non sapeva dove andare.,Mary said she didn't know where to go.
Mary si è presentata a tutti nella stanza.,Mary introduced herself to everyone in the room.
Noi l'abbiamo provata.,We've tried that.
Loro hanno perso Mary.,They lost Mary.
Stavano sventolando delle bandiere giapponesi.,Japanese flags were flying.
Mary ha detto che voleva un buon lavoro.,Mary said that she wanted a good job.
L'amore è un trucco.,Love is a trick.
Sono un po' paranoica adesso.,I'm a little paranoid now.
L'uomo morirà prima o poi.,Man will die sooner or later.
Io ero nuda.,I was naked.
Tom disse che dovevo studiare il francese.,Tom said I had to study French.
Sono venuto lunedì.,I came on Monday.
Dovreste venire lunedì.,You should come on Monday.
Ci si domanda perché.,We wonder why.
Il sole tramonta prima d'inverno.,The sun sets earlier in the winter.
Tu prenderai parte alla cerimonia?,Will you take part in the ceremony?
Di che cos'hai parlato?,What did you talk about?
L'ho finalmente incontrata oggi.,I finally met her today.
È un errore generalizzare i musulmani come terroristi.,It's a mistake to generalize Muslims as terrorists.
Io ne sono piuttosto sicuro.,I'm pretty certain of that.
Tom vuole sapere com'è.,Tom wants to know what it's like.
Lei provò a rubarmi il ragazzo.,She tried to steal my boyfriend.
Guardi da questa parte.,Look this way.
Tom è più famoso di lei.,Tom is more famous than you are.
Puoi richiamare più tardi?,Can you call back later?
Lei deve lavorare la domenica?,Do you have to work on Sundays?
Cantiamo tutti assieme.,Let's all sing together.
Ha vissuto fino a ottant'anni.,He lived to be eighty years old.
"Per favore, prendete un po' di torta.",Please have some cake.
Loro stanno guardando un film.,They are watching a movie.
Non puoi vederla.,You can't see it.
Vorrei che avessimo più informazioni.,I wish we had more information.
Qualcuno te lo ha detto?,Did anyone tell you that?
Mangiai pane e pepe.,I ate bread and pepper.
Tenetelo al sicuro.,Keep him safe.
Il signor Smith è candidato a sindaco.,Mr. Smith is a candidate for mayor.
L'idea non è male.,The idea is not bad.
Non ti costerà nulla.,It won't cost you anything.
Fa delle domande su tutto.,You ask questions about everything.
"Non mi piacciono le carote. ""Neanche a me.""","I don't like carrots. ""Neither do I."""
Questo libro ci sembra facile.,This book seems easy to us.
È stato inghiottito dall'abisso.,He was swallowed by the abyss.
Mi ricordate la mia ex moglie.,You remind me of my ex-wife.
Non è una ragazza.,You're not a girl.
Tom bevette un frullato proteico.,Tom drank a protein shake.
Tom ha aperto la porta a Mary.,Tom opened the door for Mary.
Le incontrerai domani.,You'll meet them tomorrow.
Penso che noi siamo già troppo in ritardo.,I think we're already too late.
Mandali a casa.,Send them home.
Ha detto che non vuole andare in pensione.,She said she doesn't want to retire.
Sono salita sull'automobile di Tom.,I got into Tom's car.
Questo mi ha fatto pensare a te.,This made me think of you.
Siamo ancora coinvolte.,We're still involved.
Tom ha fatto troppe domande.,Tom asked too many questions.
Ero sposato all'epoca.,I was married at that time.
Hanno accettato la nostra proposta.,They accepted our proposal.
"Quest'uomo è vostro amico, giusto?","This man is your friend, right?"
Spedì loro una lettera.,She sent them a letter.
Non l'ha voluto nessuno.,No one wanted it.
Tom è stato a Boston una volta.,Tom has been to Boston once.
Quanto tempo sei restato?,How long did you stay?
Perché non me ne parli?,Why don't you tell me about it?
Tom ci donò molto denaro.,Tom donated a lot of money to us.
Io ho fatto quello che dovevo fare.,I did what I needed to do.
Ha aperto una birra per lei.,He opened a beer for her.
"Si scuserà, vero?","He's going to apologize, isn't he?"
Il crepuscolo calò sul deserto.,Dusk fell over the desert.
Perché è così scontroso?,Why are you so grumpy?
Cercate di non preoccuparvi per lei.,Try not to worry about her.
Tom farà bene.,Tom is going to do well.
Mi piace mangiare i pomodori.,I like eating tomatoes.
Mi fai sognare.,You make me dream.
Lei non deve darsi tutte queste arie.,You don't have to give yourself such airs.
Tom è stato occupato.,Tom has been busy.
Lo voleva confrontare.,She wanted to confront him.
Temo che Tom non lo possa fare.,I'm afraid Tom can't do it.
Mi sono dovuto fidare di lui.,I had to trust him.
A me piace il mio appartamento.,I like my apartment.
Lei vi sta aspettando adesso.,She's waiting for you now.
Tutti gli alunni stavano prestando attenzione.,All the pupils were paying attention.
Sami assalì Layla.,Sami assaulted Layla.
Quest'acqua ha un buon odore.,This water smells good.
Ordinai della pizza.,I ordered pizza.
Che tipo di telegiornali guarda?,What type of TV news you watch?
Le sue scarpe sono slacciate.,Your shoes are untied.
Non scordò mai di pagare il suo affitto.,She never forgot to pay her rent.
Tom dove ha messo il suo cappotto?,Where did Tom put his coat?
Dicono che lo vogliono fare oggi.,They say they want to do that today.
Io ho provato tutto.,I tried everything.
Tom viveva in un piccolo villaggio di pescatori.,Tom lived in a small fishing village.
Sono bagnata fradicia.,I'm soaking wet.
Giocavo a basket.,I played basketball.
Tom sta decorando la sua stanza.,Tom is decorating his room.
Credo che voi abbiate fatto la cosa giusta.,I believe you did the right thing.
Io non pagai niente.,I paid nothing.
Ha convinto l'insegnante.,She convinced the teacher.
Perché impara il francese?,Why do you learn French?
Fumare è una cattiva abitudine.,Smoking is a bad habit.
Mary ha perso la sua carta d'imbarco.,Mary lost her boarding pass.
Non lo possiamo lasciare qui.,We can't leave him here.
Vai a svegliarlo.,Go and wake him up.
Fadil ha drogato Layla.,Fadil drugged Layla.
Loro vengono dallo stesso villaggio.,They come from the same village.
Non hai confermato.,You didn't confirm.
È quello che vuole il governo?,Is that what the government wants?
Mi ha detto che voleva vincere.,She told me that she wanted to win.
"Per piacere, gli dica che è urgente.",Please tell him it's urgent.
Tom è un bersaglio facile.,Tom is an easy target.
Perché sta provando a farlo?,Why are you trying to do that?
Le dica di cos'ha bisogno.,Tell her what you need.
Voi volete andare a nuotare o no?,Do you want to go swimming or not?
Avete vinto il trofeo?,Did you win the trophy?
Sto cercando di evitarla.,I'm trying to avoid her.
Ho il peggior lavoro al mondo.,I have the worst job in the world.
Come lo sai di lei?,How do you know about her?
Ha una piscina.,He has a swimming pool.
Le persone sono amichevoli in Australia.,People are friendly in Australia.
Gli studi sono in inglese.,The studies are in English.
Datemi una scelta.,Give me a choice.
Ha visto il nuovo segretario di Tom?,Have you seen Tom's new secretary?
Sa di essere una ballerina terribile.,She knows she's a terrible dancer.
"Non è sempre occupata, vero?","She isn't always busy, is she?"
Tom giocò con i suoi gatti.,Tom played with his cats.
Lui tirò fuori la sua penna.,He got out his pen.
Come può aiutarla?,How can you help her?
Quel prezzo include le tasse?,Does that price include tax?
Sono andato a vedere i miei genitori.,I went to see my parents.
Perché è qua invece che con Tom?,Why are you here instead of with Tom?
"Mi dispiace, io non parlo francese.","I'm sorry, I don't speak French."
"È pigra, vero?","You're lazy, aren't you?"
Sembrava un dottore?,Did he look like a doctor?
Sanno tuti che la ama.,Everyone knows you love her.
Lei come ha conosciuto Tatoeba?,How did you learn about the Tatoeba Project?
Si lavò via il sangue dalle mani.,She washed the blood off her hands.
Voglio essere una persona migliore.,I want to be a better person.
Benvenuta nella nostra prima classe in italiano.,Welcome to our first class in Italian.
Andrò a Londra l'anno prossimo.,I'll go to London next year.
Ho un messaggio per lei da parte sua.,I have a message for you from her.
Sembra che Tom e Mary siano infastiditi.,Tom and Mary look like they're annoyed.
Sono solo io?,Is it just me?
Io ho ordinato una grammatica turca ieri.,I ordered a Turkish grammar yesterday.
Quando avete conosciuto Tom?,When did you get to know Tom?
Dove ha imparato a fare da babysitter?,Where did she learn to babysit?
Perché siete in chiesa?,Why are you in the church?
Tom e Mary erano semplicemente fortunati.,Tom and Mary were just lucky.
Dov'è che hai trovato questa chiave?,Where was it that you found this key?
Sembra che sia scioccato.,He looks like he's shocked.
Quanti ce ne sono nella sua classe?,How many are there in your class?
Potete usare il dizionario.,You can use the dictionary.
Non la baciai.,I didn't kiss her.
Comprò della cocaina da lui.,She bought cocaine from him.
Ha davvero ferito Tom.,You really hurt Tom.
Lei ha visto Tom la scorsa notte?,Did you see Tom last night?
La Russia potrebbe invadere l'Ucraina.,Russia could invade Ukraine.
Smettetela di prendervi gioco di me!,Stop making fun of me!
"Oh, non siate così.","Oh, don't be like that."
Fingevano di essere addormentati.,They pretended they were asleep.
"Sono spiacente, quel volo è al completo.","I'm sorry, that flight is full."
"Mary è ancora qui, vero?","Mary is still here, isn't she?"
Lei è così stupido.,You are so stupid.
La macchina di Tom era ricoperta di muschio.,Tom's car was covered in moss.
Ha il numero sbagliato.,You have the wrong number.
Che ora è a Tokyo?,What time is it in Tokyo?
Nessuno ha chiesto il suo aiuto.,No one asked for your help.
Ha baciato suo cugino.,She kissed her cousin.
Perché era arrabbiato?,Why were you angry?
Mennad ordinò un'altra bottiglia di rum.,Mennad ordered another bottle of rum.
Ti è piaciuta la pizza?,Did you enjoy the pizza?
Voi che cosa fate quest'estate?,What are you doing this summer?
Scambia informazioni in modo efficiente.,She exchanges information efficiently.
Mi taglia i capelli.,He cuts my hair.
Le dica cosa le serve.,Tell her what you need.
Tom sta mangiando.,Tom is eating.
È meglio equipaggiato per affrontare le sfide.,He's better equipped to face challenges.
Me l'ha detto prima.,You've told me that before.
Perché hai dimenticato la parola?,Why have you forgotten the word?
Sto attraversando dei cambiamenti.,I'm going through changes.
Tom dovrà aspettare qui.,Tom will need to wait here.
Spero che avremo un Natale bianco.,I hope we have a white Christmas.
Mary era in anticipo per il suo appuntamento.,Mary was early for her appointment.
Che auto ha comprato?,Which car did you buy?
C'è qualcosa che si muove laggiù.,There's something moving down there.
Ha detto di avere rotto il bicchiere.,She said that she broke the glass.
Tom lo sta facendo per i soldi.,Tom is doing that for the money.
Tom è nato fortunato.,Tom was born lucky.
Ha una biro o una matita?,Do you have a pen or pencil?
Non mi mancherà Tom.,I won't miss Tom.
Non mi fissare.,Don't stare at me.
Non ho pensato a Tom.,I didn't think about Tom.
È popolare fra i suoi colleghi.,He's popular among his colleagues.
Parlo un po' di francese.,I speak a little French.
"Per favore, ditemi come avviare il motore.",Please tell me how to start the engine.
"Sto dicendo la verità, Tom.","I'm telling the truth, Tom."
Qual è il vostro tipo preferito di sushi?,What's your favourite type of sushi?
È molto complicato.,It's very complicated.
Li hai veramente ingannati.,You really fooled them.
"Tom è scalzo, però Mary no.","Tom is barefoot, but Mary isn't."
Parlerò con lei stasera.,I'll talk to you tonight.
Di solito studio la matematica alla sera.,I usually study math in the evening.
Il vino era eccezionale.,The wine was outstanding.
Io pensavo che Tom fosse divertente.,I thought Tom was funny.
Non dimenticherò mai la sua risposta.,I will never forget his answer.
Chieda loro di non andare lì.,Ask them not to go there.
Ho finalmente battuto Tom a scacchi.,I finally beat Tom at chess.
Mi piace il caffè senza zucchero.,I like my coffee without sugar.
Lui ha preso il suo libro.,He took his book.
Mi copra le spalle.,Watch my back.
Ci sono due piatti sul tavolo.,There are two plates on the table.
Sarete così felici qui.,You're going to be so happy here.
È chiaro che lui è colpevole.,It is clear that he is guilty.
È stupido da parte tua averlo nascosto.,It's foul of you to have concealed it.
"Non lo conosce, vero?","You don't know him, do you?"
Ammise che non era preparato.,He admitted he wasn't prepared.
Cos'avete mangiato per pranzo oggi?,What did you eat for lunch today?
Ho portato lo spray contro gli orsi.,I brought the bear spray.
È stato povero?,Have you been poor?
Non c'eravate nemmeno.,You weren't even there.
È molto divertente imparare l'esperanto.,It's a lot of fun to learn Esperanto.
Sembra che io non sia fortunato oggi.,It seems that I'm not lucky today.
Disse che era innamorata di voi.,She said she was in love with you.
Mi sento al sicuro.,I feel safe.
Tom mangiò molto.,Tom ate a lot.
Dammi il telefono.,Give me the phone.
Torni a casa e chiami la polizia!,Go back home and call the police!
Ora cominciamo la partita.,Now let's begin the game.
Mary prese un emetico.,Mary took an emetic.
Il nome della ragazza di Ziri è Rima.,Ziri's girlfriend's name is Rima.
Non vuoi rispondere?,Do you not want to respond?
Tom ha scoperto cosa abbiamo fatto.,Tom found out about what we did.
Non sarò obbligata.,I won't be coerced.
Tom mi dice che te ne stai andando.,Tom tells me that you're leaving.
Tom parla più lentamente di Bill.,Tom speaks slower than Bill.
Non dovrete farlo.,You won't have to do that.
Tom non ha alcuna scelta.,Tom doesn't have any choice.
Sono grato per il tuo supporto.,I'm grateful for your support.
Quelli che dimenticano tutto sono felici.,Those who forget everything are happy.
"È confusa, vero?","You're confused, aren't you?"
Grazie della sua rapida risposta.,Thanks for your quick answer.
Hai visto Tom nudo?,Have you seen Tom naked?
Tom ha di nuovo fame.,Tom is hungry again.
Lui non sembra molto in salute.,He doesn't look very healthy.
Noi abbiamo circa la tua età.,We are about your age.
Ho lavorato tutta la mattina.,I've been working all morning.
Loro le credevano.,They believed you.
Siete famose ora.,You're famous now.
Sono nata per renderla felice.,I was born to make you happy.
Tom non studierà il francese.,Tom won't study French.
Disse che provò ad aiutarlo.,She said she tried to help him.
Mary ha un ragazzo?,Mary has a boyfriend?
Hai mangiato i miei biscotti?,Have you eaten my biscuits?
Lui possedeva una casa grande e due auto.,He possessed a large house and two cars.
Ho dormito troppo poco.,I slept too little.
Sami fece una doccia.,Sami took a shower.
Non ci ha pagati.,He didn't pay us.
Roosevelt parlò per quasi un'ora.,Roosevelt spoke for almost an hour.
Tom ha tre minuti per farlo.,Tom has three minutes to do it.
C'è uno scandalo riguardante Tom.,There's a scandal about Tom.
Noi vogliamo tutti che loro siano felici.,We all want them to be happy.
Quand'è il tuo prossimo spettacolo?,When is your next show?
Non c'erano giapponesi in questo paese.,There were no Japanese in this country.
Perché sei così tetro?,Why are you so glum?
Lui è un fan dell'opera in klingon.,He's a fan of Klingon opera.
"Mary è una sciatrice piuttosto brava, vero?","Mary is a pretty good skier, isn't she?"
Piaceranno a Tom.,Tom will like them.
Tom sapeva cosa stava per succedere.,Tom knew what was about to happen.
"Che cosa c'è in questa scatola, Ziri?","What's in this box, Ziri?"
Non volevo che Tom mi odiasse.,I didn't want Tom to hate me.
Tu piaci davvero a Tom.,Tom does like you.
Non mi ha mai ascoltato.,You never listened to me.
Quanto è distante la biblioteca da qui?,How far is the library from here?
Vai d'accordo coi tuoi fratelli?,Do you get along with your brothers?
Io non l'ho ancora detta a Tom.,I haven't told Tom yet.
Potete giocare fuori se volete.,You can play outside if you want to.
Sami cercò di baciarmi.,Sami tried to kiss me.
Tom mi chiese di cantare.,Tom asked me to sing.
Resterò a casa questa sera.,I'll stay home tonight.
Non ho aspettato una spiegazione.,I didn't wait for an explanation.
Tom e Mary hanno raccolto dei fiori.,Tom and Mary gathered flowers.
Ha venduto la sua automobile tre settimane fa.,He sold his car three weeks ago.
Questa sì che è una sfida.,Now that's a challenge.
Hai bisogno di amore.,You need love.
Mary voleva che Tom la lasciasse da sola.,Mary wanted Tom to leave her alone.
Tornerò a Boston.,I'll go back to Boston.
Ci pensiamo molto.,We think about that a lot.
Spero che avrà successo.,I hope that he will succeed.
Il ragazzo ha la maggiore quantità di frutta.,The boy has the greatest amount of fruit.
Dan e Linda sono andati in un ristorante.,Dan and Linda went to a restaurant.
Io non parlo dei miei insegnanti.,I don't talk about my teachers.
Non rimpianse la sua decisione.,He did not regret his decision.
Io sto camminando da oltre quattro ore.,I have been walking for over four hours.
Ho preparato del tè con il miele.,I made tea with honey.
Lei sembrava arrabbiata.,She looked angry.
L'ho riconosciuta immediatamente.,I recognized her at first glance.
Che dovrei fare con loro?,What am I supposed to do with them?
Divertitevi in Europa.,Have fun in Europe.
L'onestà non è garanzia di successo.,Honesty is no guarantee of success.
I suoi baci mi portano in paradiso.,Her kisses take me to heaven.
Ne ho spostato uno.,I moved one.
Ciò che dice suona strano.,What she says sounds strange.
Volta a destra là.,Turn right there.
Questa è la mia nuova auto.,This is my new car.
Le ha fatte arrabbiare.,That made them angry.
Voi state dicendo che Tom è un ladro?,Are you saying Tom is a thief?
Mio fratello è ambidestro.,My brother is ambidextrous.
"Per favore, vada a casa.",Please go home.
Fadil rubò una macchina.,Fadil stole a car.
Quanti hamburger avete comprato?,How many hamburgers did you buy?
Io non sono di queste parti.,I'm not from around here.
Tom è già ancora nei guai.,Tom is already in trouble again.
"L'Albania si chiama ""Shqipëria"" in albanese.","Albania is called ""Shqipëria"" in Albanian."
Sei sempre stata un po' squilibrata.,You've always been a little cracked.
Sto imparando Toki Pona.,I am learning Toki Pona.
Ha dei tatuaggi sulle braccia.,She has tattoos on her arms.
Sto ancora lavorando con Tom.,I'm still working with Tom.
Tom è stato indiscreto.,Tom was indiscreet.
Cosa avete fatto a Tom?,What have you done to Tom?
Ho già una ragazza.,I already have a girlfriend.
Iniziamo con il caffè.,Let's start with coffee.
Hai visto le mie chiavi?,Have you seen my keys?
Ti piacciono gli ananas?,Do you like pineapples?
Se solo smettesse di piovere!,If only the rain would stop!
Sono quella che l'ha ucciso.,I'm the one who killed him.
Lei ci piace davvero.,We do like her.
Mi disse che era confuso.,He told me that he was confused.
"Chi è, la vostra ragazza?","Who is she, your girlfriend?"
Tom è diventato molto famoso.,Tom has gotten very famous.
L'avete capito male.,You've got it wrong.
Ha bisogno di ascoltarlo.,She needs to listen to him.
Che cosa ne pensi del mio costume?,What do you think of my costume?
Chi scrive delle lettere al giorno d'oggi?,Who writes letters nowadays?
Tom rimase ucciso nell'esplosione.,Tom was killed in the explosion.
Voglio che tu venga qui.,I want you to come here.
È solo fortuna.,It's just luck.
State davvero andando a Boston?,Are you really going to Boston?
Si versi un po' di caffè.,Pour yourself some coffee.
Tom ha mai visitato Boston?,Has Tom ever visited Boston?
Ding sta giocando al computer.,Ding is playing on the computer.
Sta annaffiando il giardino.,He is watering the garden.
È un po' gelosa.,She's a bit jealous.
Lei si tolse la camicia.,She removed her shirt.
Perché qualcuno vorrebbe attaccare Tatoeba?,Why would anyone want to attack Tatoeba?
Si intromise nella sua vita privata.,He intruded on her privacy.
Gli consigliò quali libri leggere.,She advised him on what books to read.
Temo che non sia accettabile.,I'm afraid that's not acceptable.
Berrò il caffè.,I will drink the coffee.
Perché non voleva andare a Boston?,Why didn't you want to go to Boston?
Collocate Puerto Rico su una mappa.,Locate Puerto Rico on a map.
Quello che stai dicendo è vero?,Is what you're saying true?
Ho chiesto l'aiuto di mio padre.,I asked for my father's help.
Pensate veramente che Tom sia preoccupato?,Do you really think Tom is worried?
Io penso che Tom sia ipersensibile.,I think Tom is intense.
"Potete chiudere quella finestra, per favore?",Can you please close that window?
Se ci aiuta saremo tutti felici.,Everyone will be happy if you help us.
Lui rispose in maniera maleducata.,He made a rude reply.
Lei ama l'hijab.,She loves hijab.
Dovremmo avere tutte paura.,We should all be afraid.
"Mary ha già finito, vero?","Mary is finished already, isn't she?"
È un giovane direttore di talento.,He's a talented young director.
Mi chiedo se il PC sia buono.,I wonder if the PC is good.
Aiutatemi a sbucciare le uova.,Help me peel the eggs.
Mary mi disse che voleva insegnare il francese.,Mary told me she wanted to teach French.
Io ho giurato che non lo farei mai.,I swore I'd never do that.
Quando è stato pubblicato questo libro?,When was this book published?
Incontrarti è sempre un grande piacere.,Meeting you is always a great pleasure.
Non nuotate nel fiume.,Don't swim in the river.
Io sto servendo i tavoli.,I'm waiting tables.
La Russia fa parte dell'Europa o dell'Asia?,Is Russia part of Europe or Asia?
Il telefono sta morendo.,The phone's dying.
Tom pensa che l'abbia fatto Mary?,Does Tom think Mary did it?
Dovrete andarvene adesso.,You'll have to leave now.
Lavoro per lui.,I work for him.
Ziri ha sempre avuto del cibo.,Ziri always had food.
Loro ci credono.,They believe it.
Tom e Mary sono disperati ora.,Tom and Mary are desperate now.
Si tirò fuori la camicia dai pantaloni.,He pulled his shirt out of his trousers.
Il nuovo museo apre lunedì prossimo.,The new museum opens next Monday.
"È mio zio, non mio padre.","He's my uncle, not my father."
Sarà di ritorno per le cinque.,He'll be back by five o'clock.
"Mangiate più frutta, per favore.","Eat more fruit, please."
Mi disse che avrebbe aspettato.,She told me she'd wait.
Siete andati alla scuola d'arte?,Did you go to art school?
Lo statista è degno di rispetto.,The statesman is worthy of respect.
Fyodor visitò la sua insegnante.,Fyodor visited his teacher.
Tom ha detto a Mary che era infelice.,Tom told Mary he was unhappy.
Mike beve solo acqua in bottiglia.,Mike only drinks bottled water.
Quante disgrazie hanno sofferto questi poveri bambini!,How many misfortunes these poor children have suffered!
Tom ha dei segreti.,Tom keeps secrets.
Il signor White iniziò presto a sentirsi colpevole.,Mr White soon began to feel guilty.
Sono nella casa.,I am in the house.
A me mancherà il sorriso di Tom.,I'm going to miss Tom's smile.
Disse che si sentiva obbligato ad aiutare.,He said he felt obligated to help.
Ne ho presa una per Natale.,I got one for Christmas.
Questa è una fotografia della famiglia di Tom.,This is a picture of Tom's family.
"Sento della musica, e tu?","I hear music, and you?"
Tu sei in guai seri.,You are in serious trouble.
Tu hai distrutto la mia BMW!,You destroyed my BMW!
Mary mi disse che era diabetica.,Mary told me that she was diabetic.
Noi abbiamo un gatto e un cane.,We have a cat and a dog.
Gli uccelli costruiscono dei nidi.,Birds build nests.
Tom è il mio solo fratello.,Tom is my only brother.
Questo suo libro non è assolutamente interessante.,This book of his isn't interesting at all.
Sei felice qui?,Are you happy here?
Loro erano pacifiste.,They were pacifists.
Hanno venduto la loro macchina tre settimane fa.,They sold their car three weeks ago.
Piace a tutti noi andare in bici.,We all like to ride bikes.
Non sei mai stato negli Stati Uniti.,You've never been to the US.
Ha rotto i suoi occhiali.,She broke her glasses.
La domanda era impossibile da rispondere per noi.,The question was impossible for us to answer.
Non potete lasciarlo vincere.,You can't let him win.
Forse riusciamo a risolvere i tuoi problemi.,Maybe we can solve your problems.
Tom vuole solo il mio denaro.,Tom just wants my money.
Loro sono importanti per te?,Are they important to you?
Sami guida una macchina gialla.,Sami drives a yellow car.
Mary avrebbe potuto farlo da sola.,Mary could've done that by herself.
Questa casa e questo terreno sono miei!,This house and this land are mine!
Io non mi sono fermato.,I didn't stop.
Ha qualche relazione con quel gruppo.,She has some relation to that group.
C'è qualcosa di nuovo?,Is there anything new?
Loro ce l'hanno.,They have got it.
L'uomo maldestro invidiava il suo straordinario talento.,The clumsy man envied her extraordinary talent.
Non siete il problema.,You're not the problem.
Sono mancata a qualcuno?,Did anyone miss me?
A volte faccio fatica a parlare inglese.,Sometimes I struggle to speak English.
Sono le nove e un quarto del mattino.,It's a quarter past nine in the morning.
Voi non potete dirmi cosa fare.,You can't tell me what to do.
Non ha tutte le informazioni.,You don't have all the information.
"Mary è davvero vecchia, vero?","Mary is really old, isn't she?"
Sono arrivate ieri.,They arrived yesterday.
Tom ha nascosto alcuni fogli dietro la schiena.,Tom hid some papers behind his back.
La necessità è la madre dell'invenzione.,Necessity is the mother of invention.
Tom era paralizzato dalla paura.,Tom was paralyzed with fear.
Morì per mancanza di ossigeno.,He died from lack of oxygen.
Lui era un bell'uomo.,He was a handsome man.
Cosa fa nel pomeriggio?,What do you do in the afternoon?
È ciò che hanno fatto Tom e Mary.,That's what Tom and Mary did.
Ho deciso di comprare un'auto.,I decided to buy a car.
Non ve lo meritate.,You don't deserve this.
Mary sta chattando con i suoi amici.,Mary is chatting with her friends.
"È molto motivato, vero?","He's very motivated, isn't he?"
A me piace contribuire a Tatoeba.,I enjoy contributing to Tatoeba.
Qualcuno l'ha visto.,Somebody saw you.
Tom ha urlato contro Mary.,Tom hollered at Mary.
Mi devi una spiegazione.,You owe me an explanation.
Avrà sicuramente successo nel suo nuovo impiego.,He will surely succeed in his new job.
Mary era mia amica.,Mary was my friend.
Perché stiamo aiutando Tom?,Why are we helping Tom?
Le ha dato tutto.,He gave her everything.
Non sto mangiando questa insalata di patate.,I'm not eating this potato salad.
"Mi piacerebbe, però non posso.","I'd like to, but I can't."
Dammi un bacio.,Give me a kiss.
Perché le odi così tanto?,Why do you hate them so much?
Deve aver studiato duramente l'inglese.,He must have studied English hard.
Riusciamo a dimostrarla?,Can we prove it?
Non mi piace il vino bianco.,I don't like white wine.
Hai mai visto uno di questi?,Have you ever seen one of these?
A me non piace la mia vicina.,I don't like my neighbour.
Ci sono diversi tipi di caffè.,There are various kinds of coffee.
Dovrebbe continuare a studiare.,You should continue to study.
Tom ha finalmente risposto.,Tom finally answered.
Volevano solamente essere lasciati da soli.,They just wanted to be left alone.
Lei non voleva finire nei guai.,She didn't want to get in trouble.
Tom è sul punto di piangere.,Tom is on the verge of crying.
Non l'ha visto a cena?,Didn't you see him at dinner?
Disse che era davvero malata.,She said that she was really sick.
Lei ha del lavoro da fare.,You've got work to do.
"Mary è irritata, vero?","Mary is irritated, isn't she?"
L'omicidio è un atto mostruoso.,Murder is a monstrous act.
Non lasciare che quel cane mi si avvicini!,Don't let that dog come near me!
"Lei quale consiglierebbe, spaghetti o pizza?","Which would you recommend, spaghetti or pizza?"
"Se me lo chiedete, è Tom il problema.","If you ask me, Tom is the problem."
Tatoeba è un sito web per le traduzioni.,Tatoeba is a translation website.
Gli abitanti della città applaudirono.,The townspeople cheered.
Dice che è ricca.,She says she's rich.
Perché ci sono delle stelle nel cielo?,Why are there stars in the sky?
Non ha mai detto nulla sull'Islam.,He never said anything about Islam.
"Tom è allergico al miele, ricordi?","Tom's allergic to honey, remember?"
Avete perso la vostra chiave?,Did you lose your key?
L'hai fatto per Tom?,Did you do that for Tom?
Perché non provate a fissarlo?,Why don't you try to fix it?
Tu sei un bel ragazzo.,You're a cutie.
"Dopo attenta considerazione, abbiamo accettato la sua offerta.","After much consideration, we accepted his offer."
Beviamo alla vostra salute!,Let's drink to your health!
Tom era nell'elenco.,Tom was on the list.
Dove li avete scambiati?,Where did you exchange them?
Sono sposata e ho una figlia.,I am married and I have a daughter.
Tom è un obiettore di coscienza.,Tom is a conscientious objector.
La rosa è rosa.,The rose is pink.
Halloween era la settimana scorsa.,Halloween was last week.
Le metterete in imbarazzo.,You'll embarrass them.
Tom ha afferrato la coda del suo cane.,Tom grabbed his dog's tail.
Mi tenne un posto.,He kept a seat for me.
Presi in prestito un libro dalla biblioteca.,I borrowed a book from the library.
Tom aveva paura di farlo da solo.,Tom was afraid to do it by himself.
Non gli importa dei suoi vestiti.,He is careless about his clothes.
Come ha imparato a parlare?,How did you learn to speak?
Avete visto un lupo?,Did you see a wolf?
Passò la serata a leggere un libro.,He spent the evening reading a book.
Parli con lei e basta.,Just talk with her.
Comprai della sabbia.,I bought sand.
Lo aiutò con il suo lavoro.,She helped him with his work.
È inutile lamentarsi del tempo atmosferico.,It is no use complaining about the weather.
Voglio cavalcare un pony!,I want to ride a pony!
Io ho già letto questo libro.,I have read this book before.
Lasci andare il motore.,Leave the engine running.
Baciò la sua mano.,She kissed his hand.
"Ora che sono un insegnante, la penso diversamente.","Now I am a teacher, I think otherwise."
Tom mi disse che era forte.,Tom told me he was strong.
Vuole andare o no?,Do you want to go or not?
Fa affidamento su di me.,He relies on me.
Sono spaventata dall'esame.,I'm scared of the exam.
Continuarono a lavorare per ore.,They went on working for hours.
Non mi lasciate qui da sola.,Don't leave me here alone.
Mi sarei presa cura di Tom.,I would've taken care of Tom.
Perché siete arrabbiati con lei?,Why are you mad at her?
Ero impaurito quando lo vidi.,I was frightened when I saw that.
Non rinuncerò mai ai miei obiettivi.,I'll never give up on my goals.
Tom si è preso il suo tempo.,Tom took his time.
Sa che non le mentirò.,You know I won't lie to you.
Restò ammutolita per qualche secondo.,She remained mute for a few seconds.
Abbiamo ricevuto molti ordini dagli Stati Uniti.,We have received many orders from the U.S.
Le piace farlo?,Do you like doing that?
Sto aspettando lei.,I'm waiting for her.
Continuate la vostra analisi.,Continue your analysis.
Volevo che veniste.,I wanted you to come.
Lei è una ragazza gentile.,She is a kind girl.
Tom fa ciò che gli viene detto.,Tom does what he's told.
Rimise la lettera al suo posto.,He put the letter back in its place.
Ti piacciono le farfalle tonde?,Do you like farfalle tonde pasta?
Verranno se le chiami.,They'll come if you call them.
Non mi aspettavo che questo capitasse oggi.,I didn't expect this to happen today.
Puoi utilizzare la mia nuova vettura.,You may use my new car.
Pensate che Tom sia veramente dispiaciuto?,Do you think Tom is really sorry?
Era una stanza piccola e disadorna.,"It was a small, unadorned room."
Tom era di buonumore oggi.,Tom was in a good mood today.
"Mary vi ha baciate, vero?","Mary kissed you, didn't she?"
Non riusciamo a dimostrare niente.,We can't prove anything.
Le piume dei merli sono nere.,The blackbirds' feathers are black.
Perché aveva bisogno di andare?,Why did you need to go?
Mi ha passato il suo raffreddore.,He gave his cold to me.
Tom è misericordioso.,Tom is merciful.
Avresti dovuto considerare questo.,You should've considered this.
"Ti piacciono le arance, vero?","You like oranges, don't you?"
Ci siamo sposati sette anni fa.,We married seven years ago.
Avete dato da mangiare al gatto?,Have you fed the cat?
"Tom è arrogante, vero?","Tom is arrogant, isn't he?"
Ha comprato una macchina da cucire per lei.,He bought a sewing machine for her.
Mi piace il football.,I like football.
Io amo Tatoeba!,I love Tatoeba!
La nostra amicizia è rimasta solida.,Our friendship remained firm.
Che cosa sappiamo su di lei?,What do we know about her?
Lo apprezzo così tanto.,I appreciate this so much.
Non preoccuparti. Sarò subito di ritorno.,Don't worry. I'll be right back.
Ci vorrà troppo tempo.,It's going to take too long.
Io desidero compagnia.,I long for company.
Sami è un buon padre.,Sami is a good father.
Le bistecche erano grigliate alla perfezione.,The steaks were grilled to perfection.
Io non lo conosco neanche Tom.,I don't even know Tom.
Lei viene continuamente interrotta.,She's continuously interrupted.
Presi in prestito dei soldi da lui.,I borrowed money from him.
Lui ha negato di averlo fatto.,He denied having done it.
Questa non è una ditta molto buona.,This isn't a very good company.
Sono veramente orgogliosa di lei.,I'm really proud of her.
Tom si lamenta sempre di qualcosa.,Tom is always complaining about something.
Perché Tom non lo fa mai?,Why doesn't Tom ever do that?
Dove li ha restituiti?,Where did you return them?
Compra del cibo per gatti.,Buy some cat food.
Tom raccolse delle mele.,Tom picked some apples.
Gli ho detto che era impegnata.,I told him you were busy.
Tom ha visto Mary mangiare una mela.,Tom saw Mary eating an apple.
"A loro piace cantare, vero?","They like to sing, don't they?"
Non parcheggi qua.,Don't park here.
Abbiamo finito di parlare di lei.,We're done talking about her.
Tom sta guardando un film.,Tom is watching a movie.
Ecco i fatti.,Here are the facts.
Non era gentile.,He wasn't nice.
Prendi la mia scatola degli attrezzi.,Get my tool box.
Tom è sempre stato solo.,Tom has always been alone.
Il tuo cane gli abbaia contro?,Does your dog bark at him?
Tom vuole il nostro rapporto prima di pranzo.,Tom wants our report before lunch.
Sua madre mise dentro i soldi per lui.,His mother put the money in for him.
Perché è là?,Why is that there?
Ha dell'olio di oliva?,Do you have any olive oil?
Le nostre opinioni sono piuttosto differenti.,Our opinions are quite different.
Lui odiava la scuola.,He hated school.
Ho sempre odiato questo posto.,I always hated this place.
Io sto sostituendo Tom oggi.,I'm filling in for Tom today.
Tom non verrà ad abitare con noi.,Tom won't come live with us.
Tom vi ha baciate?,Did Tom kiss you?
Hanno mandato subito a chiamare un medico.,They sent for a doctor at once.
Pregheremo per lei.,We'll pray for you.
"Per favore, vieni vestito bene.",Please come dressed up.
Non so a cosa ti stai riferendo.,I don't know what you're referring to.
Lasciate che aiuti Tom con i suoi compiti.,Let me help Tom with his homework.
Stiamo facendo quello che possiamo.,We're doing what we can.
Ci lasci venire a bordo.,Let us come aboard.
Io voglio andare davvero al parco oggi.,I really wanna go to the park today.
Mary sa dove mi può trovare.,Mary knows where she can find me.
Si è messa le scarpe.,She put her shoes on.
Ero seduta nella stanza.,I was sitting in the room.
"È calma, vero?","She's calm, isn't she?"
Lui ha visitato l'Europa diverse volte.,He has visited Europe several times.
Sono molto compiaciuto.,I'm very pleased.
"Bell viveva a Londra, vero?","Bell lived in London, right?"
Solo lei può usare questo computer.,Only she can use this computer.
Il caldo è sopportabile.,The heat is bearable.
Vorrei chiamare la mia famiglia.,I'd like to call my family.
Mi sarei preso cura di Tom.,I would've taken care of Tom.
Posso parlare con lei per un minuto?,Can I talk to her for a minute?
Ha più denaro di quanto ne possa spendere.,He has more money than can be spent.
Ha rubato dalle sue amiche.,She has stolen from her friends.
Datemi un bicchiere pieno d'acqua.,Give me a full glass of water.
Tom è inarticolato.,Tom is inarticulate.
Non è sua moglie.,That's not his wife.
Prese la mia auto.,He took my car.
Tom non è giovane come noi.,Tom isn't as young as we are.
Non mi sentivo particolarmente nervosa.,I didn't feel particularly nervous.
Perse l'equilibrio e cadde.,He lost his balance and fell down.
Tom mangiò una bistecca per cena.,Tom ate steak for dinner.
Voi vorreste stare qui?,Would you like to stay here?
Ho tredici anni adesso.,I'm thirteen now.
Il mio lavoro è noioso e monotono.,My job is dull and boring.
Io voglio attraversare questo ponte.,I want to cross this bridge.
Mi sento terrorizzato da quella bambola.,I feel terrified by that doll.
Mi faccia parlare.,Let me speak.
Un gatto non è una persona.,A cat is not a person.
Chi dice che il cambiamento è buono?,Who says change is good?
Tom crede a tutto quello che dice Mary.,Tom believes everything Mary says.
Mi consigliò di andare là.,She advised me to go there.
Conto di vederti ancora.,I'm looking forward to seeing you again.
Devi annaffiare i fiori.,You need to water the flowers.
Tom ha fatto una passeggiata al parco.,Tom took a walk in the park.
È ora di andare a letto.,It's time to go to bed.
Sua zia vive in Austria.,His aunt lives in Austria.
Perché volevi che venissi qui?,Why did you want me to come here?
Ti chiamerò appena sono libera.,I'll call you as soon as I'm free.
Non voglio parlare la tua lingua.,I don't want to speak your language.
A Tom piace la matita di Mary.,Tom likes Mary's pencil.
Io non sono l'allenatore.,I'm not the coach.
Sami ha comprato un CD vuoto.,Sami bought a blank CD.
So cos'ha detto Tom.,I know what Tom said.
Per chi state lavorando adesso?,Who are you working for now?
Ora sono il tuo capo.,I'm now your boss.
La dovrei comprare?,Should I buy it?
L'Arabia è ricca di petrolio.,Arabia is rich in oil.
Perché Tom non è tornato indietro per loro?,Why didn't Tom go back for them?
Che cosa non vi è piaciuto di noi?,What didn't you like about us?
Cosa le dovrei dire?,What should I tell her?
Tom non ha visto arrivare il camion.,Tom didn't see the truck coming.
Io sono sicura di poterlo trovare.,I'm sure I can find it.
Mi devo pettinare i capelli.,I have to comb my hair.
Io faccio colazione ogni giorno.,I eat breakfast every day.
Io non voglio più lottare.,I don't want to fight anymore.
Sami si uccise intorno a Natale.,Sami killed himself around Christmas.
È il suo piccolo sporco segreto.,It's his dirty little secret.
Tom pensa che Mary potrebbe vincere.,Tom thinks Mary could win.
Riesce almeno ad aspettare fino a domani?,Can you at least wait until tomorrow?
La notizia mi venne detta da Ito.,The news was told to me by Ito.
Mi sono ammalata ad Halloween.,I got sick on Halloween.
Le devo prendere un regalo.,I've got to get her a present.
Lei è mia figlia.,She's my daughter.
Lei mi invitò a cena.,She invited me to dinner.
Il sangue avrà il DNA.,Blood will have DNA.
"È un buon lavoratore, vero?","He's a good worker, isn't he?"
Dissero che erano un po' stanchi.,They said they were a bit tired.
Tom è venuto qua molto tempo fa.,Tom came here a long time ago.
So che è ancora arrabbiata con me.,I know you're still mad at me.
Io non mordo.,I don't bite.
Non c'è acqua potabile.,There's no drinkable water.
Ha spiegato come l'ha fatto.,He explained how he did that.
Tom disse che sembravo delusa.,Tom said that I looked disappointed.
"A lui piacciono i cavalli, vero?","He likes horses, doesn't he?"
"Tom e Mary sono molto forti, vero?","Tom and Mary are very strong, aren't they?"
Voi siete le mie tre migliori amiche.,You are my three best friends.
Avete visto la mia amica?,Have you seen my friend?
È capitato più di un anno fa.,That happened over a year ago.
C'era un ristorante all'aperto.,There was an open-air restaurant.
Il ghiaccio si è sciolto.,The ice has melted.
Ho preso altro shampoo.,I got more shampoo.
Lei ha abusato della mia fiducia.,You've abused my trust.
Si deve fare del proprio meglio.,One must do one's best.
Lui passò la serata a leggere un libro.,He spent the evening reading a book.
Vorrebbe viaggiare all'estero?,Would you like to travel abroad?
Tom ama la pallacanestro.,Tom loves basketball.
Voi avete una domanda.,You have a question.
Ho abitato qui per tre anni.,I lived here for three years.
Tom e Mary sono mai stati in Australia?,Have Tom and Mary ever been to Australia?
Non ci sentono.,They don't hear us.
Tom è in Bielorussia.,Tom is in Belarus.
Cosa mangerà domani?,What'll you eat tomorrow?
Io mi sbagliavo così tanto su di loro.,I was so wrong about them.
Penso che tu sia onesto.,I believe you're honest.
Quando sarà a casa Tom?,When will Tom be home?
"Tom è con degli amici, vero?","Tom is with friends, isn't he?"
Ama molto i cani.,She is very fond of dogs.
Li puoi lasciare andare.,You can let them go.
Disse che era fortunato.,He said he was lucky.
Io non riesco neanche a immaginarlo.,I can't even imagine that.
Tom ne ha tre.,Tom has three of them.
È un semplice errore.,It's a simple mistake.
Sono caduta da un albero.,I fell from a tree.
"Mary era molto infelice, vero?","Mary was very unhappy, wasn't she?"
Tom desiderava andarsene.,Tom wished to leave.
"Rimanete in linea, per favore.","Hold the line, please."
Quand'è stata lavata quest'automobile?,When was this car washed?
Mary sa molte cose.,Mary knows many things.
Mio padre va a lavorare in bici.,My father goes to work by bike.
Ditele che saremo pronte.,Tell her we'll be ready.
Dovrai iniziare immediatamente.,You'll have to start at once.
Voglio davvero aiutarlo.,I really want to help him.
Io non ho neanche un lavoro.,I don't even have a job.
Pagai Tom in contanti.,I paid Tom in cash.
Tom è un eroe nel mio libro.,Tom is a hero in my book.
C'è qualcosa che possiamo fare?,Is there something we can do?
Ha detto che si sentiva nervoso.,He said he felt nervous.
Ha preso in prestito due libri dalla biblioteca.,He borrowed two books from the library.
Sono sconvolto per loro.,I'm upset about them.
È estremamente bello.,He is tremendously handsome.
Perché va in Australia?,Why are you going to Australia?
Tom non ha mai perdonato Mary.,Tom never forgave Mary.
Si sono arrabbiati.,They became angry.
Si sono scusate per i loro commenti.,They've apologized for their comments.
I pigiamoni sono comodi.,Onesies are comfortable.
Vi sto turbando?,Am I disturbing you?
Io non ho letteralmente nulla da fare.,I have literally nothing to do.
Tom dice di capire Mary.,Tom says he understands Mary.
Quali sono i tuoi piani per lunedì?,What are your plans for Monday?
Mary mi disse che era a casa.,Mary told me she was at home.
Ci piace fare progetti per il futuro.,We like to make plans for the future.
Mary è arrivata in Brasile.,Mary came to Brazil.
Sono sicuro che Tom verrà in orario.,I'm sure that Tom will come on time.
Tom non smetterà di farlo.,Tom won't stop doing that.
Sai la password del Wi-Fi?,Do you know the WiFi password?
Lei ha visto giorni migliori.,She has seen better days.
Non ci saremmo mai dovuti arrendere.,We should never have given up.
Il pane sta cuocendo nel forno.,The bread's baking in the oven.
Perché ho acconsentito a questo?,Why did I agree to this?
Verrà servito il pranzo.,Lunch will be served.
La mamma cucina nella cucina.,Mum cooks in the kitchen.
Come si chiama il suo professore?,What's his professor's name?
Tom sapeva che ero impegnata.,Tom knew I was busy.
Lui non guarda assolutamente la TV.,He does not watch TV at all.
Pensavo che avrei potuto trovarti qui.,I thought I might find you here.
Tom non aveva intenzione di fare del male.,Tom didn't mean any harm.
Io riesco a venire alle tre.,I can come at three.
Tom dovrebbe andare in pensione adesso.,Tom should now retire.
Sembri sapere molto su Boston.,You seem to know a lot about Boston.
Il prezzo emotivo è troppo grande.,The emotional price is too great.
Non ho mai volato su un aereo.,I've never flown in an airplane.
Non avete ancora finito.,You're not done yet.
Digli di lasciarmi da solo.,Tell him to leave me alone.
L'America andrà all'inferno.,America is going to hell.
Spero che il karma la morda nel culo!,I hope karma bites you in the ass!
Tom non sa perché Mary era in ritardo.,Tom doesn't know why Mary was late.
Raccolse una pietra.,He picked up a stone.
Ha preso il martello da lui.,She took the hammer from him.
La vedrai presto.,You'll be seeing her soon.
Devo agire ora.,I have to act now.
Noi abbiamo preso un taxi.,We took a cab.
Tom e Mary devono essere felici insieme.,Tom and Mary must be happy together.
"Dov'è la vostra casa? ""È laggiù.""","Where is your house? ""It is over there."""
Tom è tre centimetri più alto di Mary.,Tom is three centimeters taller than Mary.
Hanno imparato dai loro errori.,They learned from their mistakes.
Quanto spesso uscite?,How often do you go out?
Noi avevamo bisogno di te.,We needed you.
I Romani mescolavano il vino con l'acqua.,The Romans mixed wine with water.
Voi volevate sedervi?,Did you want to sit down?
Io vi farò causa.,I'll sue you.
Ho fatto pratica.,I've been practicing.
"Per piacere, informatelo.",Please inform him.
Lui è seduto sulla panchina.,He's sitting on the bench.
Tu la conosci?,Do you know her?
Le piace il caffè?,Do you like coffee?
Avete tutti appena perso il gioco.,You all just lost the game.
Siamo una grande squadra.,We make a great team.
Non mi importa come si veste.,I don't care how you dress.
A me non dispiace il rumore.,I don't mind the noise.
Imparare nuove informazioni può rendere la gente felice.,Learning new information can make people happy.
Sei arrivato in fondo.,You have arrived at the bottom.
La parola di Tom è legge qui.,Tom's word is law here.
Insiste per giocare un'altra partita.,He insists on playing another game.
L'insegnante mi ha vista.,The teacher saw me.
Tom era a casa lunedì pomeriggio.,Tom was home Monday afternoon.
Mary sorride continuamente.,Mary smiles all the time.
Fadil usò la carta di credito di Layla.,Fadil used Layla's credit card.
Credo che tu le debba una spiegazione.,I think you owe her an explanation.
Non sente la casa tremare?,Don't you feel the house shaking?
Non ti paragonare a loro.,Don't compare yourself to them.
Tom non aiuterà.,Tom won't help.
Io prendo facilmente il raffreddore.,I catch a cold easily.
Fu trovata una corrispondenza.,A match was found.
Non sapeva come aiutarla.,He didn't know how to help her.
Non mi è permesso guidare.,I'm not allowed to drive.
"Sai guidare, vero?","You can drive, can't you?"
C'era qualcosa che volevi dire?,Was there something you wanted to say?
"Non conosci i tuoi vicini, vero?","You don't know your neighbors, do you?"
"Dammi un pezzo di torta, per piacere.","Give me a piece of cake, please."
Leggemmo il libro in biblioteca.,We read the book in the library.
Chiedetelo a lei e basta.,Just ask her.
Cominciò a slacciarsi la cintura.,He started undoing his belt.
Era senza pietà.,He was ruthless.
Lei è giovane e di talento.,She's young and talented.
Dicci cos'è successo veramente.,Tell us what really happened.
Tom era un prigioniero politico.,Tom was a political prisoner.
Osò ignorare il mio consiglio.,He dared ignore my advice.
Sono andata a donare il sangue oggi.,I went to donate blood today.
Non scordi il suo cappello.,Don't forget your hat.
Si è uccisa in Australia.,She killed herself in Australia.
"Mike, questo è il tuo libro?","Mike, is this your book?"
Tutti sono contro di me!,Everyone's against me!
Siamo qui per incontrarlo.,We're here to meet him.
"Non lo può fare, vero?","She can't do that, can she?"
Ha un desiderio di cambiare lavoro?,Do you have a desire to change jobs?
Perché non è arrivata qui prima?,Why didn't you get here sooner?
Loro non aiuteranno i poveri.,They aren't going to help the poor.
"Scusatemi, chi siete?",Excuse me. Who are you?
Quella è una domanda complessa.,That's a complex question.
Sa di essere vulnerabile qua.,He knows he's vulnerable here.
Veramente? È seria?,Really? Are you serious?
Si fida di lui?,Do you trust him?
Io amo danzare.,I love to dance.
Mi ha detto che conosce le regole.,She told me that she knows the rules.
Hai detto cinquanta o quindici?,Did you say fifty or fifteen?
Io mangerò la carne.,I will eat the meat.
La madre di Tom è una casalinga.,Tom's mother is a housewife.
Tom non è sicuro di cosa dovrebbe fare.,Tom isn't sure what he should do.
Superarono tutte l'esame.,They all passed the exam.
Faremo un esame domani.,We are to take an exam tomorrow.
Mary ha fatto bene il suo lavoro.,Mary has done her work well.
Io ho molte amiche berbere.,I have many Berber friends.
Direbbe loro che sono pronta?,Would you tell them I'm ready?
È troppo caro.,That's too expensive.
Chiudete bene tutte le porte e le finestre.,Shut all the doors and windows.
Io non verrò perché sono ammalato.,I won't come because I'm sick.
L'umiltà è la verità.,Humility is truth.
Voi venite pagati per questo?,Do you get paid for this?
Cosa mi darà?,What are you going to give me?
"Dagli una mano, OK?","Give him a hand, will you?"
Lui ci ha detto una bugia.,He told us a lie.
Non voglio andare a correre con te.,I don't want to go jogging with you.
Non gli piacciono i gatti.,He does not like cats.
Tom ha perso il suo impiego.,Tom has lost his job.
È una teoria molto interessante.,That's a very interesting theory.
Ho qualcosa che devo dire a Tom.,I have something I have to tell Tom.
Mi comprai una Nintendo Switch.,I bought myself a Nintendo Switch.
Lui mi ha catturata.,He caught me.
Sono pronta a iniziare.,I am ready to start.
Dovrebbe dire a Mary che ha torto.,You should tell Mary she's wrong.
Voi lo conoscete il signor Takahashi?,Do you know Mr Takahashi?
Lei ha un oritteropo come animale domestico.,She keeps an aardvark as a pet.
Nessun taxi si fermò.,No taxi stopped.
Yanni è un violinista dotato.,Yanni is a gifted violinist.
Non c'è niente che voglio da te.,There's nothing I want from you.
Tom disse che Mary era assetata.,Tom said that Mary was thirty.
"Se me lo chiedi, è Tom il problema.","If you ask me, Tom is the problem."
Voglio parlare con suo fratello.,I want to talk to your brother.
Dove abitano Mary e Tom?,Where do Mary and Tom live?
A me non piace molto Boston.,I don't like Boston very much.
Sarei dovuto andare a casa prima.,I should've gone home earlier.
Tom si aspetta che lo aiuti a farlo.,Tom expects me to help him do that.
Noi aggiungiamo nuovi esempi su Tatoeba.,We add new examples to Tatoeba.
"Hai dormito con lei! ""No.""","You slept with her! ""I did not."""
Io avevo perso la mia penna.,I had lost my pen.
Il suo nome è?,Your name is?
Il vino è una passione per Adriano.,Wine is a passion for Adriano.
È andata a pescare lo scorso fine settimana?,Did you go fishing last weekend?
Quale chiesa frequenti?,What church do you attend?
Ha detto che non era al verde.,He said that he wasn't broke.
Che cosa vuole vedere in Australia?,What do you want to see in Australia?
Io ho messo in moto la macchina.,I got the machine running.
La luce di maggio è meravigliosa.,The light in May is wonderful.
È la prima volta che l'ho sentita.,It's the first time I've heard that.
C'è libertà di culto in questo paese?,Is there freedom of religion in this country?
Loro non ci crederanno.,They won't believe it.
Sto chiamando per raccontarvi la mia giornata.,I'm calling to tell you about my day.
Ziri vuole soldi.,Ziri wants money.
Ha bullizzato i suoi compagni di classe.,He bullied his classmates.
Perché non andate a Boston?,Why don't you go to Boston?
Opto di schermare le mie emozioni.,I opt to shield my emotions.
Tom le sta guardando.,Tom is watching them.
Ti amo più di chiunque altro.,I love you more than anyone else.
Tom ha ignorato qualche dettaglio minore.,Tom overlooked a few minor details.
A loro non piace danzare.,They don't like dancing.
Eri in coma.,You were in a coma.
Sami ha iniziato a rispondere alla domanda.,Sami started to answer the question.
Tom ha messo il posacenere davanti a Mary.,Tom put the ashtray in front of Mary.
Lui ha trovato un impiego.,He found a job.
Voglio lo stesso.,I want the same.
Come convincerete Tom?,How are you going to convince Tom?
Noi abbiamo tradotto il rapporto dall'inglese all'afrikaans.,We translated the report from English into Afrikaans.
Io non sono un'artista molto brava.,I'm not a very good artist.
Voglio parlare con loro ora.,I want to speak with them now.
Faccia attenzione. Il pavimento è scivoloso.,Be careful. The floor is slippery.
Spostiamo il letto.,Let's move the bed.
Ho paura di aver contratto una malattia venerea.,I'm afraid I've contracted a venereal disease.
Non lo può fare.,She can't do that.
La riunione era questo pomeriggio.,The meeting was this afternoon.
Perché è aggressivo oggi?,Why are you aggressive today?
Tom dice che andrà a Boston presto.,Tom says he'll go to Boston soon.
Li volete incontrare?,Do you want to meet them?
Io penso che tu abbia mangiato abbastanza.,I think you've eaten enough.
Sei molto imprevedibile.,You're very unpredictable.
Lui vi crede.,He believes you.
Avete detto che mi odiavate.,You said that you hated me.
Ci deve essere un modo.,There must be a way.
Sentì questo da lui.,She heard this from him.
Cosa vuole che le dica?,What do you want me to tell you?
Le è mancata.,They missed her.
Ho bisogno di dirlo a lei.,I need to tell her.
Era estremamente spaventosa.,It was extremely scary.
Lei ha delle mele?,Do you have any apples?
"Meteo permettendo, partirò domani.","Weather permitting, I'll depart tomorrow."
Loro non possono vedermi.,They can't see me.
Tu sei andato a Boston?,Did you go to Boston?
I doni delizieranno i bambini.,The gifts will delight the children.
Questa camera non è grande.,This room is not big.
Sbucciate la banana.,Peel the banana.
Mary dovrebbe dire a Tom che lo farà.,Mary should tell Tom she'll do that.
Il battito di Tom sta andando all'impazzata.,Tom's pulse is racing.
Qual è la sua preghiera preferita?,What's your favorite prayer?
Lo sanno tutti che voi siete ricchi.,Everyone knows you're rich.
Voglio qualcosa con cui scrivere.,I want something with which to write.
Permettimi di andare.,Allow me to go.
"Non è come prima, sai.","It ain't like before, you know."
Tom sta aiutando Mary.,Tom is helping Mary.
Vi insegnamo a parlare inglese.,We teach you to speak English.
Vorrei comprare del brandy di albicocche.,I'd like to buy some apricot brandy.
Sono stata completamente ingannata dalla sua storia.,I was completely deceived by her story.
Hai comprato un melone di Cantalupo?,Have you bought a cantaloupe?
Tu devi essere il nuovo professore.,You must be the new teacher.
Non vuoi visitarlo?,Don't you want to visit him?
Io sono andata a Londra.,I went to London.
Spero che Tom non si imbarazzi facilmente.,I hope Tom doesn't get embarrassed easily.
Potresti non essere in grado di vedere Tom.,You might not be able to see Tom.
Sami chiamò la sicurezza per Layla.,Sami called security for Layla.
Lo andrò a dire a tutti.,I'll go tell everybody.
Tom non era affidabile.,Tom wasn't trustworthy.
A te piace andare ai parchi?,Do you enjoy going to parks?
"Posso usare la tua auto, papà?","May I use your car, Dad?"
Qual è il numero del vostro passaporto?,What's your passport number?
Mi chiedo che cosa potrei fare per cena.,I wonder what I should make for dinner.
Perché sei arrabbiata con lui?,Why are you angry with him?
Tom è stato di aiuto?,Has Tom been helpful?
Lei cosa prenderà?,What will you have?
Io ho amato l'opera.,I loved the play.
Chi ha cucinato la colazione?,Who cooked breakfast?
Potete spiegare perché Tom non è qui?,Can you explain why Tom isn't here?
Lei vuole un po' di compagnia?,Do you want some company?
Guardate la prigioniera.,Watch the prisoner.
Tom non si sta dimenticando qualcosa?,Isn't Tom forgetting something?
State sprecando tempo.,You are wasting time.
Io ho un bicchiere di carta.,I have a paper glass.
Qual è la tua parola francese preferita?,What's your favorite French word?
Fa ciò che è giusto per sé.,He does what's right for him.
Che cosa ne sarà di me?,What will become of me?
Ho portato questi fiori per lei.,I brought these flowers for you.
Quei libri non sono suoi?,Those books aren't yours?
Tu hai fatto riferimento a mio padre.,You referred to my father.
"È ancora alzato, vero?","He's still up, isn't he?"
Portai dei fiori.,I brought flowers.
Lynn corre velocemente.,Lynn runs fast.
A Tom non piace la pizza hawaiana.,Tom doesn't like Hawaiian pizza.
Si è concentrato sui suoi studi.,He concentrated on his studies.
Il nome di vostro padre è Tom?,Is your father's name Tom?
Le culture repressive sono spesso superstiziose.,Suppressive cultures are often superstitious.
Tom avrebbe dovuto saperlo.,Tom should've known.
Ho un orario.,I have a schedule.
Non ho un laptop.,I don't have a laptop.
Chi era il tuo insegnante di francese?,Who was your French teacher?
Ero segretamente innamorato di lui.,I was secretly in love with him.
Tom non sarà interessato a farlo.,Tom won't be interested in doing that.
È qui Tom?,Is Tom here?
Conosco bene questa città.,I know this city well.
Avete visto qualcuno in spiaggia?,Did you see anyone on the beach?
Ditela in ungherese!,Say it in Hungarian!
Io ho bisogno di Internet.,I need Internet.
Fatelo a modo vostro.,Do it your own way.
I professori insegnano per tutto il giorno.,The teachers teach all day long.
"Accendi la radio, per piacere.","Turn the radio on, please."
Tom passò una settimana a Boston con Mary.,Tom spent a week with Mary in Boston.
Tom mise la fotografia sul tavolo.,Tom put the photograph on the table.
Tom ha molte spiegazioni da fare.,Tom has a lot of explaining to do.
Io speravo di finirlo ieri.,I had hoped to finish it yesterday.
Ha lasciato un messaggio per lui.,She left a message for him.
Non è sufficientemente grande.,That's not big enough.
Comunico con i miei amici su Internet.,I communicate with my friends on the internet.
Io non ho ancora finito con lei.,I am not finished with you yet.
"Mary impara lentamente, vero?","Mary is a slow learner, isn't she?"
Lo ascoltò con attenzione.,She listened carefully to him.
Non avrei dovuto dirglielo.,I shouldn't have told him.
Sami non sapeva niente sul Corano.,Sami knew nothing about the Quran.
Non so cantare.,I can't sing.
Le sue parole mi hanno confusa.,His words confused me.
Quando dovremmo fare il check-out?,When should we check out?
Lui smise di parlare all'improvviso.,He ceased talking suddenly.
"Per favore, dimmi che non è vera.",Please tell me it's not true.
È successo qualcosa.,Something has happened.
Beve del tè ogni mattina.,He has tea every morning.
Sua madre l'ha resa ciò che è.,Her mother has made her what she is.
"Solo dell'acqua, per favore.","Just water, please."
Il medico ha infranto il Giuramento di Ippocrate.,The doctor broke the Hippocratic Oath.
Porti Tom la prossima volta.,Bring Tom next time.
Diedi a Tom quel libro.,I gave Tom that book.
Tom non sa ancora la risposta.,Tom doesn't know the answer yet.
Tu che lavoro fai?,What work do you do?
Io sono molto orgogliosa di lui.,I'm very proud of him.
A Tom non importa quello che pensa Mary.,Tom doesn't care what Mary thinks.
"Hai pagato in contanti, vero?","You paid cash, didn't you?"
Noi non eravamo preoccupate a riguardo.,We weren't worried about it.
Fu bevuto tutto quel latte?,Was all of that milk drunk?
Perché questa porta è sempre chiusa a chiave?,Why is this door always locked?
Dissi un tanru complesso.,I said a complex tanru.
Perché non lo dici mai?,Why don't you ever say it?
È il mio paziente.,He's my patient.
Tutti fanno degli errori.,Everyone makes mistakes.
Dice che crede di poter vincere.,He says he believes he can win.
Una diceria non sempre prova un fatto.,A rumor does not always prove a fact.
Non sto dicendo che è colpa di Tom.,I'm not saying it's Tom's fault.
Tom ha cantato bene ieri sera?,Did Tom sing well last night?
Non ci penso molto.,I don't think about it much.
Tom non berrà vino economico.,Tom won't drink cheap wine.
Non vi piace neppure nuotare.,You don't even like swimming.
Tom non è mai stato catturato.,Tom was never caught.
Tom ha chiamato alle due e mezza.,Tom called at 2:30.
Voi riconoscereste Tom?,Would you recognize Tom?
Sono stufo di questa guerra.,I'm sick of this war.
Sembra davvero stanca.,You look really tired.
Il prete è ateo.,The priest is an atheist.
Ho deciso di dire a Tom cosa fare.,I've decided to tell Tom what to do.
Tom mi sta insegnando a dipingere.,Tom is teaching me to paint.
Ha tagliato la torta in due.,She cut the cake in two.
Cosa pensi che le abbia detto?,What did you think I told her?
Non mi riesci a sollevare?,Can't you lift me?
Le dispiacerebbe se apro la finestra?,Would you mind if I open the window?
Apparentemente ha cambiato idea.,He's apparently changed his mind.
Le sono grata per la sua gentilezza.,I'm thankful for your kindness.
"Tom e Mary sono pronti, vero?","Tom and Mary are ready, aren't they?"
Non uso Facebook.,I don't use Facebook.
"Tu non sarai in ritardo, vero?","You won't be late, will you?"
Si è bruciato la mano sulla pentola calda.,He burnt his hand on the hot stove.
La mia biancheria intima è sporca.,My underwear is dirty.
Lo so che non le piaccio.,I know she doesn't like me.
Tom ha la voce bassa.,Tom has a soft voice.
Andrò a Boston l'estate prossima.,I'll go to Boston next summer.
Uno dei nostri gatti ha il pelo lungo.,One of our cats is long-haired.
Mary si abbottonò il cappotto.,Mary buttoned her coat.
Tu dovresti venire a lavorare per me.,You should come work for me.
Dov'è la pioggia?,Where is the rain?
Il mio gatto è così adorabile.,My cat is so adorable.
Mi stanno cercando.,They are looking for me.
Avete mangiato il vostro cibo?,Have you eaten your food?
Chi ha inventato questa strana macchina?,Who invented this strange machine?
Io non voglio combatterti.,I don't want to fight you.
Hai bisogno di scrivere una lettera.,You need to write a letter.
Mary sembra essere pronta a piangere.,Mary looks like she's ready to cry.
Dove posso trovare lo zucchero?,Where can I find sugar?
È sorda o stupida?,Are you deaf or stupid?
Mary disse che non riusciva a respirare.,Mary said she couldn't breathe.
Siamo le grandi comunicatrici.,We are the great communicators.
Corse come un coniglio spaventato.,He ran like a scared rabbit.
Lasci suonare le bambine.,Let the children play.
L'ha data a lei?,Did you give it to her?
Andò al posto di suo padre.,He went instead of his dad.
So che è importante.,I know it's important.
Sta arrivando la Madama!,The police is coming!
Sapeva che non aveva nulla da perdere.,She knew she had nothing to lose.
Le condizioni di vita erano dure.,Living conditions were hard.
L'archeologia rivela i segreti del passato.,Archeology reveals the secrets of the past.
Non ho finito con voi!,I'm not through with you!
Io sto andando in aeroporto.,I'm going to the airport.
Noi non abbiamo bisogno del tuo aiuto.,We don't need your help.
Vostra madre è morta ieri.,Your mother died yesterday.
Io sento davvero il freddo.,I do feel the cold.
Come scrivete questo carattere?,How do you write this character?
Ora vai a letto.,Now go to bed.
Penso che Tom non si annoierà.,I think Tom won't get bored.
Dovremmo lavorare ora.,We should work now.
È l'hamburger migliore della città.,It's the best burger in town.
Chi ha fatto questo?,Who did this?
"Fanculo tua madre, bastardo.","Fuck your mother, bastard."
Questo supermercato rimane aperto fino a mezzanotte.,This supermarket stays open until midnight.
Tom non sapeva neanche da dove cominciare.,Tom didn't even know where to start.
Era la mia teoria all'epoca.,That was my theory at the time.
Nessuno le ha risposto.,Nobody answered her.
Dica loro che la farò.,Tell them I'll do it.
Questo mi ha fatto ridere a crepapelle.,That made me laugh out loud.
Mi disse che era un'artista.,She told me she was an artist.
Raggiunsi il libro.,I reached for the book.
Avete salato la minestra?,Did you salt the soup?
Il nome della sorella di João è Joana.,The name of João's sister is Joana.
Io sono con lui.,I'm with him.
Lui sembra giovane.,He looks young.
"Voi avete letto il rapporto, vero?","You've read the report, haven't you?"
Sono preoccupato per la salute di mia madre.,I am worried about my mother's health.
Avete del ketchup?,Do you have any ketchup?
Mi spiegò le sue ragioni.,She explained her reasons to me.
Potresti portarci il menu?,Could you bring us the menu?
"Buonanotte, amore mio. Sogni d'oro.","Goodnight, my love. Sweet dreams."
Provai a non sbadigliare.,I tried not to yawn.
Il latte è andato a male.,The milk has gone bad.
Non apra ancora quella scatola.,Don't open that box yet.
Non lo merita.,He doesn't deserve that.
Si tagliò mentre tagliava le carote.,He cut himself chopping the carrots.
Ho comprato questo per noi.,I bought this for us.
Igor iniziò a cercare dell'acqua.,Igor started looking for water.
Io non ho niente da fare oggi.,I have nothing to do today.
Sono quasi sicura.,I'm almost positive.
Mary deve prendersi cura di sua madre.,Mary has to look after her mother.
Lui gioca a baseball domani.,He plays baseball tomorrow.
Magari non ti piace leggere certe cose.,Maybe you don't like reading certain things.
Hai mai visitato la Francia?,Have you ever visited France?
Tom ha chiamato tutti.,Tom called everybody.
Leggi la lettera fino alla fine.,Read the letter until the end.
Tom può essere furioso.,Tom may be furious.
Sono malata da lunedì.,I've been sick since Monday.
Io credo alla tua storia.,I believe your story.
Perché Tom ha cambiato i suoi piani?,Why did Tom change his plans?
Sono molto grato per il tuo aiuto.,I'm very grateful for your help.
Ziri ha passato il Natale a Londra.,Ziri spent Christmas in London.
Io possiedo tutti i libri.,I own all the books.
La sua ipotesi è sbagliata.,Your hypothesis is incorrect.
"Guardami adesso, Jamal.","Watch me now, Jamal."
Hai già vomitato?,Have you vomited yet?
Le persone negli Stati Uniti parlano l'inglese.,People in the United States speak English.
Vogliamo solo trovarla.,We just want to find her.
Viaggi in Algeria.,Travel to Algeria.
Il mio capo vuole che noi prendiamo l'aereo.,My boss wants us to take the plane.
Voglio delle prove.,I want proof.
Il denaro è buono.,The money is good.
Posso prenotare un volo per Chicago?,Can I reserve a flight to Chicago?
Io vorrei aiutarlo a dimostrarla.,I'd like to help him prove it.
Perché io voglio essere un traduttore.,Because I want to be a translator.
Tom non è mai stato un gran nuotatore.,Tom never was much of a swimmer.
Apprezzo davvero la vostra collaborazione.,I really appreciate your cooperation.
C'è poca speranza che siano vive.,There is little hope that they are alive.
Potete dirmi dove vivete?,Can you tell me where you live?
Sono il capitano di questa nave.,I'm the captain of this ship.
Tom e Mary erano là?,Were Tom and Mary there?
Quanto costa un viaggio in treno?,How much does a trip by train cost?
Smise di parlare con lui.,She stopped talking to him.
È molto probabile che pioverà oggi.,It will most likely rain today.
La gente la chiama Yotchan.,People call her Yotchan.
Solo Tom ha una chiave.,Only Tom has a key.
Devo ammettere che sono curioso.,I have to admit I'm curious.
"Il giorno successivo, Isabela tornò a casa.","The next day, Isabela came back home."
Tom ha dato da mangiare ai cani.,Tom fed the dogs.
Come si chiamano i tuoi cani?,What are your dogs' names?
Le piace la gente brutta.,You like ugly people.
Perché detesti Tom così tanto?,Why do you dislike Tom so much?
Sto aprendo la finestra.,I'm opening the window.
Ammisero che erano confusi.,They admitted that they were confused.
Voglio della vodka con acqua tonica.,I want vodka with tonic water.
È la questione principale.,That's the main question.
Vorrei soltanto fare una domanda a Tom.,I'd just like to ask Tom one question.
"Mary è fiera di suo figlio, vero?","Mary is proud of her son, isn't she?"
Non mi piace il colore di questa casa.,I don't like the colour of this house.
Io spero che lei muoia.,I hope you die.
Voleva rompere con lui.,She wanted to break up with him.
Penso che andrò adesso.,I think I'll go now.
La mia salute sta migliorando.,My health is improving.
Dai questa copia a loro.,Give this copy to them.
Devi farla tu stesso.,You must do it yourself.
Le sue condizioni fisiche erano generalmente soddisfacenti.,Her physical condition was generally satisfactory.
Tu sei un uiguro?,Are you an Uighur?
Non sono mai stato in carcere.,I have never been to jail.
Ai gatti piace lo spago.,Cats like string.
"Ho finalmente finito quel rapporto, che sollievo!","I finally finished that report, what a relief!"
Amo andare sui pattini a rotelle.,I love rollerblading.
Io non bevo più latte.,I don't drink milk anymore.
Tom mangiò l'insetto.,Tom ate the bug.
Le persone non sono perfette.,People aren't perfect.
La seta è molto preziosa.,Silk is very precious.
Lei sa come funziona?,Do you know how it works?
Dove sono i vostri nipoti?,Where are your grandsons?
Presumo che lei abbia portato qualcosa da mangiare.,I assume you brought something to eat.
Io ho molto da imparare.,I have a lot to learn.
Tom è un vecchio amico.,Tom is an old friend.
Perché siete così influenti?,Why are you so influential?
Neppure Tom è spaventato.,Tom isn't scared either.
Come suona la mia voce?,How does my voice sound?
Tom è un po' depresso.,Tom is a little depressed.
In che anno cadde il Muro di Berlino?,In what year did the Berlin Wall fall?
Voi sapete cantare questa canzone?,Can you sing this song?
Vorresti bere tè o caffè?,Would you like to drink tea or coffee?
Tom ha detto che Mary voleva aiutare John.,Tom said Mary wanted to help John.
Cosa mostrerà Tom a Mary?,What's Tom going to show Mary?
Tom ha alzato la musica.,Tom turned the music up.
Ti piace il pane all'aglio?,Do you like garlic bread?
Pensavo che stessimo per parlare.,I thought we were going to talk.
Il villaggio è isolato dal resto del mondo.,The village is insulated from the world.
Tom mi ha prestato un po' di denaro.,Tom lent me some money.
Di chi sono queste?,Whose are these?
Smettila di guardare da altre parti.,Stop looking elsewhere.
Abbiamo finito qua.,We're through here.
Non tutti comprenderanno.,Not everyone will understand.
Lo sa sul serio.,He does know that.
Finì una bottiglia.,She finished a bottle.
Mary non era così sicura di sé.,Mary wasn't so sure of herself.
Darò loro un'altra occasione.,I'll give them another chance.
È Tom quello con cui dovrebbe essere arrabbiato.,It's Tom you should be angry with.
Chiami immediatamente Tom.,Call Tom immediately.
Mary sembra sapere cosa vuole.,Mary seems to know what she wants.
Tom esitò prima di prendere la decisione.,Tom hesitated before making the decision.
Tom non ci ha aiutate.,Tom hasn't been helping us.
"Ti odio!, gridò.",“I hate you!” he shouted.
Gli ho preso un po' d'acqua.,I got him some water.
Disse che non lo sapeva.,She said she didn't know.
Non dimenticate la vostra bottiglia d'acqua.,Don't forget your water bottle.
Ero impressionato dall'intelligenza del bambino.,I was amazed at the boy's intelligence.
Io non ho preso nulla per Tom.,I didn't get anything for Tom.
Provi un po' di questa torta.,Try some of this cake.
Non è tua.,It's not yours.
Le lezioni iniziano alle otto del mattino.,Lessons begin at eight in the morning.
L'avvocato è uscito con il segretario.,The lawyer went out with the secretary.
Hanno corso nudi nel parco.,They ran naked in the park.
Il cancello della scuola è chiuso.,The school gate is closed.
Ho una mela verde.,I have a green apple.
Mary non disse a Tom perché lo fece.,Mary didn't tell Tom why she did that.
Agosto ha trentun giorni.,August has thirty-one days.
"Tempo permettendo, noi partiremo tra un'ora.","Weather permitting, we will leave in an hour."
Tom sta provando a non piangere.,Tom is trying not to cry.
Sta abitando da solo.,He's living by himself.
Siete molto fotogenici.,You're very photogenic.
Perché è scappato a Boston?,Why did you run off to Boston?
L'ho sentita entrare.,I heard her come in.
Ha detto che non ha fame.,She said that she's not hungry.
Cominciai ad arrabbiarmi.,I began to get angry.
Tom stava mungendo la mucca.,Tom was milking the cow.
Riporta questo libro a lui.,Take this book back to him.
Sami ha avuto delle visioni.,Sami had visions.
Tu sei magnifico.,You are wonderful.
Cos'ha disegnato sulla lavagna?,What did he draw on the blackboard?
Non rimane più vino.,There's no more wine left.
Forse dovresti semplicemente licenziarli.,Maybe you should just fire them.
Io ho dormito fino all'alba.,I slept till dawn.
Perché le cose cambierebbero adesso?,Why would things change now?
Ho deciso di venire in Giappone l'anno scorso.,I decided to come to Japan last year.
Lei è un fascio di nervi.,She's a nervous wreck.
"Voglio un po' di caffè, per piacere.","I want some coffee, please."
Stiamo aspettando che apra il negozio.,We're waiting for the shop to open.
Non sono mai stata in Africa.,I've never been to Africa.
Il ristorante è vuoto.,The restaurant is empty.
Come hai fatto a ottenere quel soprannome?,How did you get that nickname?
Non ci sono molti uomini là.,There aren't a lot of men there.
Tom ha cambiato la sua storia?,Did Tom change his story?
Ci siamo fidanzate.,We got engaged.
Tom sembra sempre essere infelice per qualcosa.,Tom always seems to be unhappy about something.
Non ero sicura.,I wasn't sure.
Controllate questo video.,Check this video.
Voi avete comprato qualcosa per noi?,Did you buy anything for us?
Sembra che non mi vogliano qui.,It seems I'm not wanted here.
Io spero di non incontrarlo ancora.,I hope I never meet him again.
Io penso che sia un buon piano.,I think it's a good plan.
Tom è il mio figlio adottivo.,Tom is my adopted son.
Non ero troppo sicuro a riguardo.,I wasn't too sure about it.
La donna l'ha comprato.,The woman bought it.
Perché siete pigre?,Why are you lazy?
Iniziate la partita.,Begin the game.
"Mary è di bell'aspetto, vero?","Mary is good-looking, isn't she?"
Ha proposto che dovremmo giocare a baseball.,He proposed that we should play baseball.
Non diedi alcuna scelta a Tom.,I gave Tom no choice.
A me dispiace per i genitori di Tom.,I feel sorry for Tom's parents.
Quante stanze ha?,How many rooms do you have?
Ho visto la macchina colpire un uomo.,I saw the car hit a man.
Voi ci avete trovate.,You found us.
Perché è pigro?,Why are you lazy?
Ha detto di essere orgogliosa di lui.,She said she's proud of him.
È uno spreco di denaro.,That's a waste of money.
Viviamo a Connemara.,We live in Connemara.
Io non sono il Signore.,I'm not the Lord.
Vuoi anche il secchiello?,Do you want also the bucket?
Io la consiglierei vivamente.,I would highly recommend it.
I miei figli vivono a Berlino.,My children live in Berlin.
Sei libera dopo la scuola?,Are you free after school?
Loro hanno delle reazioni miste.,They have mixed reactions.
Mia madre fece alcuni nuovi abiti.,My mother made some new clothes.
Tom non riesce a rispondere alla tua domanda.,Tom can't answer your question.
"Quando sono triste, le mie amiche mi incoraggiano.","When I'm sad, my friends encourage me."
Tom abita vicino al fiume.,Tom lives near the river.
Io non ti perdonerò mai.,I will never forgive you.
Che altro devo fare?,What else do I need to do?
"Vi piacciono le mele, vero?","You like apples, don't you?"
L'avete detto a Tom?,Have you told Tom?
Queste persone sono tutto tranne innocenti.,These people are anything but innocent.
Ho visitato l'Australia il mese scorso.,I visited Australia last month.
Sia Tom che Mary la videro.,Both Tom and Mary saw it.
Non lo rispetta.,She doesn't respect him.
Quando ti trasferirai in Germania?,When will you move to Germany?
Non dovrebbe fidarsi di loro.,You shouldn't trust them.
Hai mai avuto bisogno di aiuto?,Have you ever needed help?
Tom mi raccontò la storia della sua vita.,Tom told me his life's story.
Vuoi bere un cocktail perfetto?,Do you want to drink a perfect cocktail?
Potrei renderla felice.,I could make you happy.
So rispondere alla sua domanda.,I can answer your question.
Sono un grammar nazi.,I'm a grammar Nazi.
Lei spacca davvero il culo!,You really kick ass!
Tom non mi sembra molto occupato.,Tom doesn't look very busy to me.
Tom è l'amico di Mary.,Tom is Mary's friend.
"Ommioddio, un novellino mi ha fregato!","Oh my god, a newbie owned me!"
Noi la rischieremo.,We'll risk it.
Ha condiviso il suo pranzo con me.,He shared his lunch with me.
È stata piuttosto divertente.,It was pretty funny.
Suo fratello non la comprerà.,Your brother will not buy it.
Scelse il vestito rosso.,She chose the red dress.
Avrei dovuto avvertirlo.,I should've warned him.
Pensavo che Tom sarebbe stato impegnato.,I thought that Tom would be busy.
Include la colazione?,Does that include breakfast?
Non ho fame in questo momento.,I'm not hungry right now.
Non conobbero mai i loro genitori.,They never knew their parents.
Io non ho bisogno della tua protezione.,I don't need your protection.
Tom vende i fiori colorati.,Tom sells the colourful flowers.
"Potreste andare, per favore?",Could you please go?
Sono tornato in Giappone.,I went back to Japan.
Il dottore esaminò Tom.,The doctor examined Tom.
"Per favore, non chiuda la porta.",Please don't close the door.
Tom perse il controllo dell'automobile.,Tom lost control of the car.
Non fu in grado di trovarla.,He wasn't able to find her.
Cosa propone di fare?,What do you propose to do?
Io stavo viaggiando.,I was travelling.
La rimandai a casa.,I sent her back home.
Sono troppo stanca.,I'm too tired.
È la vita.,So goes life!
Io non ci vedo niente di sbagliato.,I see nothing wrong with it.
Aggiornò il suo stato di Facebook.,He updated his Facebook status.
Non sono più un insegnante.,I'm no longer a teacher.
Non riesco a sopportare il sapore del latte.,I can't stand the taste of milk.
Tom non canta.,Tom doesn't sing.
Semplicemente non mi sento più al sicuro qui.,I just don't feel safe here anymore.
Tu sei uno studente delle superiori?,Are you a high school student?
Boris accompagnò Rima alla festa.,Boris accompanied Rima to the party.
Quanti anni ha il suo ragazzo?,How old is your boyfriend?
Conosco questa canzone.,I know this song.
Ciò è davvero strano.,This is really weird.
Io devo essere libero.,I've got to be free.
Ne troverò uno più tardi.,I'll find one later.
Siete emozionati per il Natale?,Are you excited about Christmas?
Non me ne andrò senza di voi.,I won't leave without you.
Forse dovresti andare a casa.,Perhaps you should go home.
Sembra mia moglie.,You sound like my wife.
Si è inchinato di fronte al suo insegnante.,He bowed to his teacher.
Ho una gran fame in questo momento.,I'm really hungry right now.
Non ha mai danzato con lei.,He's never danced with her.
Stava tenendo in mano un coltello da cucina.,He was holding a kitchen knife.
Sapevo che non mi potevo fidare di lei.,I knew I couldn't trust her.
Gliela porterò domani.,I'll bring it to you tomorrow.
Tu hai mai visitato Roma?,Have you ever visited Rome?
Perché direbbe di no?,Why would she say no?
Perché la sua bici è in giardino?,Why is your bike in the backyard?
Hai contato gli asciugamani?,Have you counted the towels?
So che Tom l'ha ferita.,I know that Tom hurt you.
Utilizzeremo ciò che abbiamo.,We'll use what we have.
Le stelle brillavano in cielo.,The stars shone in the sky.
Lui rimase ucciso nell'incendio.,He was killed in the fire.
Non penso che Tom avesse paura.,I don't think Tom was afraid.
Il nome completo di Tom è Tom Tomahawk.,Tom's full name is Tom Tomahawk.
Questa festa di Halloween è finita.,This Halloween party's over.
Vada da qualche altra parte.,Go somewhere else.
Disse che voleva chiamarla.,He said that he wanted to help her.
Il ladro ha rotto la finestra.,The thief broke the window.
Ha ammesso che non ha vinto.,He admitted that he didn't win.
A cosa serve questa?,What's this for?
Sami bevette tutto il vino.,Sami drank all the wine.
Nessuno sa niente.,Nobody knows anything.
Hanno detto che hanno ancora paura.,They said they're still afraid.
Si è strofinata i piedi.,She scrubbed her feet.
Mary ha fatto i suoi compiti in cucina.,Mary did her homework in the kitchen.
Voi cosa avete detto ai ragazzi?,What did you say to the boys?
Lui combatte i mulini a vento.,He fights windmills.
A me non piace la sua morosa.,I don't like your girlfriend.
Mary voleva che Tom cantasse con lei.,Mary wanted Tom to sing with her.
Laurie è ancora a scuola.,Laurie's still at school.
Non alzai la voce.,I didn't raise my voice.
Non rovesciate il vino.,Don't spill the wine.
"A voi piace il jazz, vero?","You like jazz, don't you?"
Tu non hai abbastanza esperienza.,You don't have enough experience.
Il panettiere è accanto al macellaio.,The baker's is next door to the butcher's.
Ho incontrato qualcuno.,I've met someone.
Ti sta colando il naso.,Your nose is running.
Lui era un grande musicista.,He was a great musician.
Tom vuole essere un diplomatico.,Tom wants to be a diplomat.
Perse il suo biglietto.,He lost his ticket.
Mary disse che non era una terrorista.,Mary said she wasn't a terrorist.
Tom mangerà con noi stasera.,Tom will eat with us tonight.
"Tom sta molto meglio adesso, vero?","Tom is much better now, isn't he?"
Tom è d'accordo con lei.,Tom agrees with you.
New York è orgogliosa dei suoi musei.,New York is proud of its museums.
Tutti erano senza parole.,Everyone was speechless.
"Non sono molto coraggiose, vero?","They aren't very courageous, are they?"
"Che cosa vuole imparare dopo? ""Il berbero.""","What do you want to learn next? ""Berber."""
Mary ha cominciato a svuotarsi le tasche.,Mary started to empty her pockets.
Tom è venuto ieri.,Tom came yesterday.
Feci una presentazione meravigliosa.,I made a wonderful presentation.
Non parlate così con Tom.,Don't talk to Tom like that.
Lui non partecipò alla discussione.,He didn't participate in the discussion.
"Sta studiando adesso, vero?","He's studying now, isn't he?"
So cosa sta capitando.,I know what's happening.
Ha delle bevande analcoliche?,Do you have any non-alcoholic drinks?
Hai bevuto del caffè oggi?,Have you drunk any coffee today?
Questo è sorprendente.,This is surprising.
Mary è molto apprezzata dai suoi studenti.,Mary is well liked by her students.
Dissero che non avevano una scelta.,They said they didn't have a choice.
Tom realizzò di essere da solo.,Tom realized he was alone.
Si è scordata di lavarsi le mani.,She forgot to wash her hands.
Io sarò di ritorno domani.,I'll be back tomorrow.
Perché eri così occupato ieri?,Why were you so busy yesterday?
Ho dato loro dei grassi maiali.,I called them fat pigs.
Ha trovato un dottore?,Did you find a doctor?
Io sono molto allergico alle arachidi.,I'm very allergic to peanuts.
"Non sta nascondendo nulla, vero?","You're not hiding anything, are you?"
Io glielo darò domani.,I will give it to him tomorrow.
Voglio mangiare qualcosa di buono.,I want to eat something good.
Conosce un buon film?,Do you know a good film?
Ho annaffiato i fiori.,I watered the flowers.
Sarò lì lunedì.,I'll be there Monday.
Io voglio essere normale.,I want to be normal.
Tom ha una figlia adulta.,Tom has a grown daughter.
Mi sono innamorato di una donna.,I fell in love with a woman.
Mary pensava che sarebbe stata al sicuro qui.,Mary thought that she'd be safe here.
Ha perso i suoi occhiali da lettura.,She lost her reading glasses.
So che è il mio biglietto.,I know that's my ticket.
Tom uccise il suo cane.,Tom killed his dog.
Chiamami alle nove domani.,Call me at 9:00 tomorrow.
"Avete riso per niente, perché avevo ragione.","You laughed for nothing, for I was right."
Il mago attirò l'attenzione dei bambini.,The magician had the children's attention.
Dicono che saranno occupati questa sera.,They say they'll be busy tonight.
Mary è il capo di sé stessa.,Mary is her own boss.
Gli chieda di venire domani.,Ask him to come tomorrow.
Io so molto a riguardo.,I know a lot about it.
È molto indigente.,He's very needy.
Siete distratti facilmente.,You are easily distracted.
Le persone non dovrebbero abusare degli animali.,People shouldn't abuse animals.
È preoccupato che possa succedere?,Are you worried that that might happen?
Almeno noi saremo al sicuro qua.,At least we'll be safe here.
Tom trascorre un sacco di tempo a studiare.,Tom spends a lot of time studying.
Com'è sua moglie?,What is his wife like?
Io sarò il suo accompagnatore.,I'll be your chaperone.
Lasciai tre messaggi a Tom.,I left Tom three messages.
Io ho visto uno scoiattolo questa mattina.,I saw a squirrel this morning.
"Mary non lo direbbe a nessuno, vero?","Mary wouldn't tell anyone, would she?"
Non ti ho mai visto indossare un cappello.,I've never seen you wear a hat.
Tu non hai una buona memoria!,You've got a poor memory!
La primavera è qui.,Spring is here.
Com'è che Tom non ha combattuto?,How come Tom didn't fight?
Di' loro che questo è senza speranza.,Tell them this is hopeless.
Un cane morse la sua gamba.,A dog bit his leg.
Tom condivise il suo ombrello con Mary.,Tom shared his umbrella with Mary.
È troppo debole.,He's too weak.
Hanno bisogno di più tempo.,They need more time.
Hai mai visto un tramonto così bello?,Have you ever seen such a beautiful sunset?
Non è al sicuro.,He isn't safe.
Lo vedo che ti sei già scocciato.,I can see that you're already annoyed.
Mandalo a casa.,Send him home.
Volevo soltanto essere con lei.,I just wanted to be with her.
Volete che aiuti stavolta?,Do you want me to help this time?
Sono troppo contento!,I'm too happy!
Ha delle lezioni con loro?,Do you have classes with them?
Vai a trovarli.,Go find them.
Immaginati di essere sulla luna.,Imagine yourself to be on the moon.
Non gli importò.,He didn't care.
Ho un cuore.,I have a heart.
Ha mantenuto la sua parola.,He kept his word.
Mia madre mi fece una torta di Natale.,My mother made me a Christmas cake.
Mi baciò il collo.,He kissed my neck.
"Ami il Natale, vero?","You love Christmas, don't you?"
Siete interessati a loro?,Are you interested in them?
"Tom non sta bevendo latte, vero?","Tom isn't drinking milk, is he?"
Il museo è all'angolo.,The museum is on the corner.
Ziri e Rima stanno fumando.,Ziri and Rima are smoking.
Lei è favorevole o contrario alla proposta?,Are you for or against the proposal?
È capitato più di una volta.,It happened more than once.
Noi eravamo soci.,We were partners.
Mi sento pigra.,I feel lethargic.
"Loro non stanno ancora dormendo, vero?","They aren't still asleep, are they?"
Mary è bella.,Mary is beautiful.
Mi aiuti a trovarli.,Help me find them.
Possiede un maiale.,He owns a pig.
Hai delle camere libere?,Do you have any vacancies?
"Qualunque cosa succeda, io ci sarò per lei.","Whatever happens, I'll be there for you."
Me l'ha dato per niente.,He gave it to me for nothing.
Questa è la finestra rotta da John.,This is the window broken by John.
Io vengo a Boston tre volte all'anno.,I come to Boston three times a year.
Tom lo scoprirà presto.,Tom is going to find out soon.
Tom ne ha parlato.,Tom talked about that.
A noi serve uno strumento con cui aprirla.,We need a tool to open it with.
La traduzione qui non è fondamentale.,Translation here is not fundamental.
Fallì l'esame di matematica.,He failed the math exam.
A lei piace il vino francese?,Do you like French wine?
Posso cantare adesso?,May I sing now?
Tenga Tom fuori dai guai.,Keep Tom out of trouble.
Ho osservato Tom attraversare la strada.,I watched Tom cross the street.
Avete visto un portafoglio marrone qui intorno?,Did you see a brown wallet around here?
Ha coperto venti miglia al giorno.,She covered twenty miles a day.
Chi ha fatto il pupazzo di neve?,Who built the snowman?
Avete cominciato i vostri acquisti di Natale?,Have you started your Christmas shopping?
Io voglio comprare una chitarra decente.,I want to buy a decent guitar.
Tom e Mary sembrano molto stanchi.,Tom and Mary look very tired.
Sedetevi qua vicino.,Sit near here.
Lei aveva giocato.,You had played.
Nessuno mi scrive.,Nobody writes to me.
John ha sollevato il tavolo pesante.,John lifted the heavy table.
Le bambine ballano nel bosco.,Little girls are dancing in the woods.
Adesso abbiamo qualcosa da festeggiare.,We now have something to celebrate.
Penso di aver perso il mio ombrello.,I think I've lost my umbrella.
Probabilmente le dirà di essere dispiaciuto.,He'll probably tell her he's sorry.
L'Algeria produce telefoni cellulari.,Algeria produces cellphones.
Io condivido un appartamento con lui.,I share an apartment with him.
Escluda questa parola.,Leave out this word.
Prenderò un po' di ghiaccio.,I'll get some ice.
Tom sta leggendo qualcosa.,Tom is reading something.
Penso che il film sia quasi finito.,I think the movie is almost over.
Mi chiedo perché Tom sia in ritardo.,I wonder why Tom is late.
Tua moglie è credente?,Is your wife a believer?
Ci proveremo ancora.,We're going to try again.
Odio me stessa.,I hate myself.
Non le può chiamare.,You can't call them.
Non deve essere in questo modo.,It does not have to be this way.
Poche persone hanno capito il suo commento.,Few people understood his comment.
Il virus si stava diffondendo ad Algeri.,The virus was spreading in Algiers.
Come posso connettermi ad Internet?,How can I connect to the Internet?
Mary mi chiese di baciarla.,Mary asked me to kiss her.
Neppure Tom parlò in francese.,Tom didn't speak French either.
Il bambino era quasi annegato.,The child was almost drowned.
Penso che Tom sia un tipo gradevole.,I think Tom is a likeable guy.
Ci sono tre aeroporti a Parigi.,There are three airports in Paris.
Sembra che abbiate perso un po' di peso.,It looks like you've lost some weight.
È andato in un ristorante halal.,He went to a halal restaurant.
Voi non siete come me.,You're not like me.
Sono stata beccata con i pantaloni abbassati.,I was caught with my pants down.
È impazzito per via dello shock.,He went mad because of the shock.
Venga a mezzogiorno.,Come at noon.
Questa non è una storia credibile.,This isn't a believable story.
Dica loro che non sono qui.,Tell them I'm not here.
Perché state lavorando per lui?,Why are you working for him?
Tu lo sai chi ci va lì?,Do you know who goes there?
Lasciatela dove l'avete trovata.,Leave it where you found it.
Tom è un pugile professionista.,Tom is a professional boxer.
Tom disse a tutti che era pronto.,Tom told everyone he was ready.
Io rispetto il suo altruismo.,I respect her selflessness.
È rimasto fedele alla sua promessa.,He stuck to his promise.
Sa di essere migliore di lui.,She knows she's better than him.
Ecco il tuo amico.,There's your friend.
C'è un problema col vostro ordine?,Is there a problem with your order?
Cosa dice il tuo nome su di te?,What does your name say about you?
Ha condannato Brown all'impiccagione.,He sentenced Brown to be hanged.
Non c'è alcuna risposta per la vostra domanda.,There is no answer to your question.
Lui ha non meno di cinquecento libri.,He has no fewer than five hundred books.
Lui ricondusse il mondo alla ragione.,He brought the world to its senses.
Tom ha sposato una canadese.,Tom married a Canadian.
Utilizzerò il vostro telefono.,I'm going to use your phone.
A voi non piacerebbe Tom.,You wouldn't like Tom.
Cosa riesce a vedere davanti?,What can you see ahead?
Sto ancora provando a capirlo.,I'm still trying to figure that out.
"È al parco, vero?","He's in the park, isn't he?"
Voi siete stati nel cuore dell'Europa?,Have you been to the heart of Europe?
Penso che voi stiate facendo un ottimo lavoro.,I think you're doing a great job.
Non sapevo che vi piacesse la nobile arte.,I didn't know you liked the noble art.
"Ha paura di te, vero?","He's afraid of you, isn't he?"
Stanno cadendo attraverso le crepe.,They're falling through the cracks.
Venti dollari sono centoquaranta yuan.,Twenty dollars are one hundred and forty yuan.
Ha imparato quella lezione.,He learnt that lesson.
Noi siamo molto curiosi.,We're very curious.
Hanno promesso di fare del loro meglio.,They promised to do their best.
Fecero una lista.,They made a list.
"Tom era addormentato sull'amaca, russando quietamente.","Tom was asleep in the hammock, snoring quietly."
Noi dobbiamo chiamare qualcuno.,We need to call someone.
Mi chiedo chi abbia lasciato qui questo ombrello.,I wonder who left this umbrella here.
Il maltempo ci impedì di partire.,Bad weather prevented us from departing.
Lei provava il dolore.,She felt the pain.
Tom spiegò la decisione.,Tom explained the decision.
Perché non l'ho ascoltato?,Why didn't I listen to you?
Tom è impaziente di vederti.,Tom is impatient to see you.
La freccia mancò il bersaglio.,The arrow missed its target.
Lui non ha partecipato alla discussione.,He didn't participate in the discussion.
È un tizio sensibile.,He's a sensitive guy.
Voglio che venga subito.,I want you to come at once.
Sami stava urlando contro Layla.,Sami was yelling at Layla.
"Ne provi uno, per piacere.",Please try one.
Io non sarò occupato questo pomeriggio.,I won't be busy this afternoon.
Dobbiamo pensare agli amici.,We must think about friends.
Io ho portato i bambini a scuola.,I took the children to school.
Sono qui per cercare Tom.,I'm here looking for Tom.
Mi sto concentrando sul mio francese.,I'm focusing on my French.
Sto pulendo gli scaffali.,I am wiping the shelves.
Non sono sufficientemente buono.,I'm not good enough.
Li voglio vedere adesso.,I want to see them now.
Gli scarafaggi depongono le uova.,Beetles lay eggs.
Spero che le persone siano soddisfatte.,I hope people are satisfied.
Loro sono all'ottavo piano.,They're on the eighth floor.
Ho dieci di essi.,I have ten of them.
La tenga lontana da me.,Keep her away from me.
Parla sempre di se stessa.,She always talks about herself.
Ho provato ad essere come voi.,I tried to be like you.
Sono pronti tutti?,Is everybody ready?
Voglio un contratto.,I want a contract.
Tom fissava Mary.,Tom glanced at Mary.
Ha una soluzione migliore?,Do you have a better solution?
Sono un amico di Tom.,I'm a friend of Tom's.
Faccia attenzione a non rompere i bicchieri.,Take care not to break the glasses.
Perché non vi posso baciare?,Why can't I kiss you?
Tenete gli occhi aperti per un taxi!,Keep your eyes peeled for a taxi!
Questo biglietto farà entrare due persone gratuitamente.,This ticket will admit two persons free.
Chiesero di vederti di persona.,They asked to see you in person.