word,translation
Tom juega béisbol como un profesional.,Tom plays baseball like a pro.
Lo quiero ya.,I just want it.
¡Mira! Hay un avión despegando.,Look! There's a plane taking off.
Estoy estudiando inglés.,I'm studying English.
¿Cuándo vas a ir al colegio?,When will you go to school?
Comí con mi hermanito.,I ate with my baby brother.
Tom es sorprendentemente friolero.,Tom is surprisingly sensitive to cold.
Tom está dando su examen final.,Tom is taking his final exam.
La buena comunicación hace buenos amigos.,Good communication makes good friends.
Nunca he llegado tarde a la oficina.,I've never arrived late to the office.
¿Ya acabaste tu tarea?,Have you finished doing your homework yet?
Tom despierta todas las mañanas a las ocho.,Tom wakes up at 8 a.m. every morning.
Esos calcetines se han quedado fuera.,These socks were left out.
La gente viajaba a pie.,People used to travel on foot.
Me robaron la cartera.,I had my wallet stolen.
Hice lo que pude.,I did what I could.
No sé cuál elegir.,I don't know which to choose.
Esta es una flor muy linda.,This is a very beautiful flower.
Tom no puede correr tan rápido como Mary.,Tom can't run as fast as Mary.
Ella no puede cantar.,She can't sing.
Ella es griega.,She is Greek.
Tom estuvo acompañado por un amigo.,Tom was accompanied by a friend.
No dejes que Tom cruce la calle.,Don't let Tom cross the street.
¿De quién es este lápiz?,Whose pencil is this?
Sos una maestra.,You are a teacher.
Ella le echaba mucho de menos.,She missed him a lot.
Ella está trabajando de noche y día.,She is working night and day.
Pon la escoba en el armario.,Put the broom in the closet.
Tom no quiere perderte.,Tom doesn't want to lose you.
¿Esa cosa es tuya?,Is that thing yours?
El niño se aferra a su madre.,The boy is clinging to his mother.
¿Cuál es el apellido de ella?,What's her last name?
Tom tenía toda la razón.,Tom was absolutely right.
Un camión chocó al perro.,The dog was hit by a truck.
El caracol retrae sus cuernos.,The snail draws in its feelers.
Me escondí detrás de un árbol.,I hid behind a tree.
Esta mesa está hecha de madera.,This table is made out of wood.
¿Ellos hablan francés?,Are they speaking French?
Yo me quedo en casa.,I'll stay home.
Me temo que he comido demasiado.,I'm afraid I've eaten too much.
Tengo diez bolígrafos.,I have ten pens.
Los vampiros cambian de forma.,Vampires change shape.
Tom no ha matado nunca a nadie.,Tom has never killed anybody.
Su discurso me aburrió.,His speech bored me.
La esperanza es la razón de la vida.,Hope is the reason for life.
La semana que viene lo explicaré en detalle.,I'll explain in detail next week.
Lo hice yo.,I did it myself.
Tom no quiere levantarse de la cama.,Tom doesn't want to get out of bed.
Estaba borracho y furioso.,He was drunk and angry.
Me alegro de no ser el jefe.,I'm happy that I'm not the boss.
No tengo ganas de hacer nada.,I don't feel like doing anything.
"¿Me puede reembolsar el dinero, por favor?","Can I have my money back, please?"
Tom será capaz de resolver el problema.,Tom will be able to solve the problem.
Los dos se disputaron el premio.,The two of them fought for the prize.
Parece que él es feliz.,It seems that he's happy.
No la veré más.,I'll see her no more.
Le quitaron el tumor.,The tumor was removed.
Tom esperaba oír de Mary.,Tom waited to hear from Mary.
Olvidaste el cortaúñas en el cuarto de baño.,You forgot the nail clippers in the bathroom.
Es difícil conseguir la felicidad.,It's hard to achieve happiness.
Esta noche voy a ver televisión.,I am going to watch TV this evening.
Él es un representante del movimiento pacifista.,He's a representative of the pacifist movement.
Dicen que ella va a casarse pronto.,They say that she'll get married soon.
Por favor saluda a tu familia.,Please say hello to your family.
¿Has entendido qué ha dicho?,Did you understand what he said?
La flor murió por falta de agua.,The flower died for lack of water.
Vivo en España.,I live in Spain.
No puedo seguirte.,I can't follow you.
Esto es cosa tuya.,This is your doing.
Me olvidé completamente de eso.,I completely forgot that.
La familia lo es todo.,Family is everything.
Lo olvidé en la cochera.,I forgot it in the garage.
Van con ella.,They're going with her.
Se cayó un libro de la estantería.,A book dropped from the shelf.
Mi hermano es bueno con las matemáticas.,My brother is good at mathematics.
¿Dónde está el directorio?,Where is the telephone book?
Yo no tengo dinero ni tiempo para eso.,I have neither time nor money for that.
Yo también empecé a llorar.,I started to cry too.
¿Tiene usted una regla?,Do you have a ruler?
¡Siempre te voy a amar!,I will love you forever!
Te llevaré al hospital.,I'll take you to the hospital.
Quiero una gominola.,I want a piece of candy.
Eso es un mito.,That's a myth.
Tom confía en Mary.,Tom trusts Mary.
Me casaré contigo.,I will marry you.
Los fans quieren conseguir sus autógrafos.,The fans want to get their autographs.
Vamos a tomar el sol en la galería.,Let's sun ourselves on the sun porch.
Rebobine la cinta.,Rewind the tape.
El cantante rompió las ventanas.,The singer broke the windows.
Será mejor que tengamos cuidado.,We'd better be careful.
"Los gatos no tienen dueños, tienen personal.","Cats don't have owners, they have staff."
Él es traductor.,He's a translator.
Tu amabilidad verdaderamente me conmueve.,Your kindness really touches me.
Soy campeón de mi provincia.,I'm the champion of my province.
Ella se decidió por el abrigo rojo.,She decided on the red coat.
Tom está buscando un trabajo.,Tom is seeking a job.
¡Pero qué día!,What a day!
La puerta se quedó cerrada.,The door remained closed.
Esto es sencillo.,This is easy.
¿Qué le parece Texas hasta ahora?,How do you like Texas so far?
Tom quiere que esta habitación esté impecable.,Tom wants this room spotless.
Soy amigo de su hermana.,I'm friends with her sister.
No me gusta mucho el queso.,I don't like cheese very much.
No te puedo parar.,I can't stop you.
Acabo de volver de la escuela.,I have just come back from school.
Tom estaba haciendo mucho ruido.,Tom was making a lot of noise.
No me preocupo de los gastos.,I don't care about the expense.
La cuerda se rompió al tensarse demasiado.,The rope broke under the strain.
"De hecho, está enfermo.","In fact, he is sick."
No me gustó el argumento de la película.,I didn't like the plot of the movie.
Los niños quieren zumo de frutas.,The kids want some fruit juice.
Estoy segura de que estarás muy cómoda ahí.,I'm sure you'll be very comfortable there.
Va a la oficina en coche.,He goes to the office by car.
El mundo me fascina.,The world fascinates me.
Dame tu dinero.,Give me your money.
Tom solía trabajar en una panadería.,Tom used to work in a bakery.
No quiero vivir contigo.,I don't want to live with you.
¿Qué más deberíamos comprar?,What else should we buy?
Los inviernos alemanes son fríos.,German winters are cold.
Tom no besó a Mary.,Tom didn't kiss Mary.
Puedo ocuparme de eso inmediatamente.,I can take care of that immediately.
La nave zarpó.,The ship set sail.
Sé que eso me haría feliz.,I know that would make me happy.
¿Cuál es tu sistema operativo favorito?,What's your favorite operating system?
Lo necesito aquí.,I need him here.
Ella puede cantar.,She can sing.
Disculpe por molestarlo.,Excuse me for bothering you.
Ahora sigue mi turno.,My turn comes next.
¿Puedes adivinar este acertijo?,Can you guess this riddle?
La ropa negra absorbe la luz.,Black cloth absorbs light.
Cantemos esa canción en inglés.,Let's sing the song in English.
Mi hermano me ayudó con la tarea.,My brother helped me with my homework.
Eres mi amiga.,You are my friend.
Ella miró el OVNI en silencio.,She stared at a UFO in silence.
¿Qué menú es hoy?,What's today's menu?
¿Sabéis quién lo mató?,Do you know who killed him?
El niño no es tan malo como parecía.,The boy isn't as bad as he seemed.
¿Cuál es tu postre favorito con plátanos?,What's your favorite dessert with bananas?
Yo trabajaba con ellas.,I used to work with them.
¿En qué país nació?,In what country were you born?
El techo de mi casa es rojo.,The roof of my house is red.
Alguien quería matarte.,Somebody wanted to kill you.
Oí esa canción cantada en francés.,I heard the song sung in French.
Estoy obligado a continuar en mi empleo.,I'm stuck in my job.
Yanni está engañando físicamente.,Yanni is physically cheating.
Él es el padre de dos hijos.,He is the father of two children.
Esta es nuestra casa.,This is our home.
Mary dio un estrujón a su muñeca.,Mary hugged her doll.
Tú dijiste que estabas comiendo.,You said that you were eating.
¡Enséñame el tuyo!,Show me yours!
Tu perro intentó morderme.,Your dog tried to bite me.
Te olvidarás de mí algún día.,You'll forget about me someday.
¿Cuántos hermanos y hermanas tenéis?,How many brothers and sisters do you have?
Lea este libro.,Read this book.
Cada cara de un poliedro es un polígono.,Each face of a polyhedron is a polygon.
El oso es negro.,The bear is black.
Yo le echaría un vistazo.,I'd look into it.
Le toca a ustedes.,The ball is in your court.
"¿Habías estado fumando, verdad?","You had been smoking, hadn't you?"
Tom no es un gato.,Tom isn't a cat.
Me sé multitud de canciones.,I know lots of songs.
Le di un reloj de oro.,I gave him a gold watch.
¿Y el feminismo? ¿Qué piensas del feminismo?,And feminism? What do you think about feminism?
"Por favor, adoptá este chuchito.",Please adopt this puppy.
Los prestamistas están disfrutando de un periodo lucrativo.,Money lenders are enjoying a profitable period.
Tom trabajó para Mary.,Tom worked for Mary.
¿Dónde está mi dinero?,Where's my money?
Tomás es de verdad muy apuesto.,Tom certainly is good-looking.
¿Por qué no viniste a preguntarme antes?,Why didn't you come to ask me earlier?
Volvimos al campamento antes de que anocheciera.,We came back to camp before dark.
El tiempo empeoró.,The weather turned bad.
Me comí un plátano.,I ate a banana.
No me gusta decirle la verdad.,I don't like telling her the truth.
"¡Ahiva, cómo habéis crecido!","My, how you've grown!"
¿Cuándo fue la última vez que cazaste?,When was the last time you hunted?
Nada que se le dijera conseguía persuadirlo.,No words availed to persuade him.
Seguramente esto no funcionará en absoluto.,Surely this won't work at all.
Él ha aprendido a ser paciente.,He has learned to be patient.
De repente él cerró la puerta.,He closed the door suddenly.
¡Hay una maleta abandonada en el andén!,There's an abandoned suitcase on the platform!
"Por favor, teclee su contraseña.","Enter your password, please."
Mírale y haz lo que haga él.,Watch him and do what he does.
Perdón si te ofendí.,Sorry if I offended you.
Tom se ve conmocionado.,Tom looks appalled.
El cielo está cubierto de nubes negras.,The sky is covered in black clouds.
Él les proveyó comida.,He provided them with food.
Mi hijo es más alto que yo.,My son is taller than me.
Un elefante tiene una nariz larga.,An elephant has a long nose.
Tom saludó a Mary con una sonrisa.,Tom greeted Mary with a smile.
¿Qué te parece si vamos al cine?,How about going to the movies?
El satélite está ahora en órbita.,The satellite is now in orbit.
Odia hablar en público.,She detests speaking in public.
No fumes demasiado.,Don't smoke too much.
Es un mal ejemplo.,It's a bad example.
Al odio le respondo con el perdón.,"To hatred, I reply with pardon."
Esto puede llegar a ser verdaderamente agotador.,This could get really tiresome.
Me gustan tus movimientos de baile.,I like your dance moves.
Ya no podía soportar el dolor.,He could no longer stand the pain.
Las ideologías son peligrosas.,Ideologies are dangerous.
Conozco sus nombres.,I know your names.
Vuelve a casa temprano.,Come home early.
¿Lo ves? Deberías estudiar un idioma extranjero.,You see? You must study a foreign language.
Puede que en eso tengas razón.,You may be right about that.
Creo que nevará mañana.,I believe it will be snowing tomorrow.
El auto consume mucha bencina.,The car consumes a lot of fuel.
"Finalmente, ella resolvió el problema.","At last, she solved the problem."
Dile a María que sé dónde vive.,Tell Mary that I know where she lives.
Deberíamos estudiar juntos.,We should study together.
Intentad no poneros tan tensos.,Try not to be so tense.
Tom tiene que cocinar la cena esta noche.,Tom has to cook dinner tonight.
¿Se te ha pinchado una rueda?,Did you get a flat tire?
Él llevaba un paraguas bajo el brazo.,He was carrying an umbrella under his arm.
¿Has venido solo?,Did you come here alone?
Yo le dije no a Tom.,I told Tom no.
Esta fábrica está completamente automatizada.,This factory is fully-automated.
La muerte es una misteriosa y despiadada dama.,Death is a mysterious lady without compassion.
Quédate un poco más.,Stay a little longer.
Le proporcioné comida.,I provided him with food.
No la toques. Déjala como está.,Don't touch it. Leave it as it is.
Él se compró una digital.,He purchased a digital one.
¿Cuál es la temperatura promedio aquí?,What's the average temperature here?
Tomás estaba vestido de negro.,Tom was dressed in black.
Enviadlo por correo aéreo.,Send it by airmail.
¡Ya sé lo que quieres!,I already know what you want!
Ayudé a Tom a subirse al caballo.,I helped Tom get on the horse.
Kate estaba sorprendida por su comportamiento.,Kate was astonished by his behavior.
Él es más fuerte que yo.,He is stronger than I am.
Su perro siempre me ladra.,His dog always barks at me.
Te deseo lo mejor.,I wish you all the best.
Súbete. Te llevaré a algún lado.,Get in. I'll drive you somewhere.
¿Te gustaría que yo trenzara tu cabello?,Would you like me to braid your hair?
Matar dos pájaros de un tiro.,To kill two birds with one stone.
Están en el laboratorio de ciencias.,They're in the science lab.
Tom tomó un autobús de regreso a Boston.,Tom took a bus back to Boston.
Noruega tiene muy poca densidad de población.,Norway has a very low population density.
Tenía problemas respiratorios.,He had trouble breathing.
Ella no se va a matar.,She won't kill herself.
Tenía miedo de que la expulsaran.,She was afraid she might be expelled.
Aquí hay una foto de mí.,Here is one picture of me.
¿Qué lengua se habla en Suiza?,What language is spoken in Switzerland?
Unimos nuestras fuerzas para alcanzar el objetivo.,We joined forces to reach our goal.
Él es universitario.,He is in college.
"Estaba cansada, pero siguió trabajando.","She was tired, but she kept working."
Layla se vistió bien.,Layla dressed nicely.
No me da la gana hacerlo.,I don't feel like doing it.
Planté este árbol hace tres años.,I planted this tree three years ago.
Me gusta llevar falda larga.,I like wearing long skirts.
El Monte Fuji puede ser visto desde aquí.,Mt. Fuji can be seen from here.
Tom piensa que vuestras ideas son estúpidas.,Tom thinks that your ideas are stupid.
"Ayúdame a abrir esto, por favor.","Help me open this, please."
Él cree que es normal.,He thinks that's normal.
"Si él viene, yo también.","If he's going, I'm going too."
Nos tenemos que ceñir a los hechos.,We've got to stick to the facts.
Éste es el que prefiero.,This is the one I prefer.
Compre algo de espumillón violeta.,Buy some purple tinsel.
"Lo que quiero no es té, sino café.","What I want isn't tea, but coffee."
Él se lastimó al saltar.,He got hurt after jumping.
Este estudiante es de Japón.,This student is from Japan.
Al Papa lo eligen los cardenales.,The cardinals elect the Pope.
La habitación está empezando a calentarse ahora.,The room is starting to warm up now.
Nunca he visto personalmente un OVNI.,I myself have never seen a UFO.
¿Te gustan los cappelletis?,Do you like tortellini?
Os enseñaremos a leer.,We'll teach you how to read.
Tom ha decidido estudiar en el extranjero.,Tom has decided to study abroad.
¿En dónde trabajaba Tom entonces?,Where was Tom working then?
Su amor por ella no fue correspondido.,His love for her went unrequited.
Sé qué es lo que quieres.,I know what you want.
Tengo la panza llena.,My stomach is full.
¿No quieres salir?,Don't you want to go out?
Ella no llamó después de todo.,She didn't telephone after all.
Ya no está funcionando.,It's not working anymore.
El agua está limpia.,The water is clean.
"Quién siembra vientos, recoge tormentas.","Sow the wind, harvest the storm."
Vi muchas caras familiares.,I saw many familiar faces.
Prepárate a morir.,Prepare to die.
No quiero ir a Sudáfrica.,I don't want to go to South Africa.
Te considero mi mejor amigo.,I look on you as my best friend.
Tom subió a su carro.,Tom got in his car.
Estoy interesando en el Islam,I'm interested in Islam.
Esta es una casa de madera.,This is a wooden house.
¿Rompiste con Tom?,Did you break up with Tom?
Estoy buscando a un anciano.,I'm looking for an old man.
La pena de muerte debería ser abolida.,The death penalty should be abolished.
La mujer del reo comenzó a llorar.,The defendant's wife started to cry.
Tom quería venir.,Tom wanted to come.
La familia de Tomás vive en Australia.,Tom's family lives in Australia.
Es fácil de hacer.,It's easily done.
Eso nunca desaparecerá.,That will never disappear.
Entiendo perfectamente tu postura.,I understand your position perfectly.
Para entonces ya será demasiado tarde.,By then it will already be too late.
No te voy a decir mi verdadero nombre.,I won't tell you my real name.
Nunca me di cuenta de eso.,I never noticed that.
Creo que te conocen.,I think they know you.
Esto es una librería.,This is a library.
"Si no las mata usted, ellas le matarán.","If you don't kill them, they'll kill you."
Se acabó la batería.,The battery gave out.
Ella siempre se está preocupando por nimiedades.,She's always worrying about trifles.
Me encantó el sentido del humor de Marika.,I loved Marika's sense of humor.
No dejes tus pertenencias desatendidas.,Don't leave your belongings unattended.
Ellos se quieren casar.,They want to get married.
Esta nave puede alcanzar velocidades altísimas.,This ship can reach extremely high speeds.
Mi amigo viene del futuro.,My friend is from the future.
¿Tiene un lápiz?,Do you have a pencil?
No estoy en casa los domingos.,I'm not home on Sundays.
Tom hizo un guiño y lanzó un beso.,Tom winked and blew a kiss.
Mi hermano está viendo tele.,My brother is watching TV.
¿Ésas son mis gafas?,Are those my glasses?
¿Qué crees que estoy pensando?,What do you think I'm thinking about?
"Sin más preámbulos, comencemos.","Without further ado, let's get started."
Las niñas son más románticas que los niños.,Girls are more romantic than boys.
No te estoy hablando a vos.,I'm not talking to you.
Quiero que mires algo.,I want you to look at something.
¿Dónde está Namibia?,Where is Namibia?
¿No hay otra manera?,Is there no other way?
¿Estaba Tom preocupado por sus notas?,Was Tom worried about his grades?
Me gusta mojar las galletas en la leche.,I like to dip my cookies in milk.
¿Te puedo llamar otra vez?,Can I call you again?
La depredación del tribunal fue devastadora.,The depredation of the courthouse was devastating.
Nada es tan simple como parece.,Nothing is as simple as it seems.
"Tom, necesito tu ayuda.","Tom, I need your help."
No muchos de nosotros entendemos francés.,Not many of us can understand French.
Yo no quiero aprender tu idioma.,I don't want to learn your language.
Ella me llamó por la tarde.,She called me in the afternoon.
Abra usted la puerta están llamando el timbre.,Open the door. They are ringing the bell.
Encontramos una anomalía.,We found an anomaly.
La crueldad humana no tiene límites.,Human cruelty has no limits.
El alemán es un lenguaje sintético.,German is a synthetic language.
"¡Puaj, eso huele a mierda!","Yuck, that smells like shit!"
Tengo retortijones de hambre.,I have hunger pangs.
Estaba visitando a su madre adoptiva.,He was visiting his foster mother.
Tom no sabe en quién puede confiar.,Tom doesn't know who he can trust.
Parece que Jiro ha perdido el tren.,Jiro seems to have missed the train.
"Como regla, el granizo cae en el verano.","As a rule, hail falls in the summer."
Se supone que debes ser un cómplice.,You're supposed to be an accessory.
Ella abandonó la oficina inmediatamente después del trabajo.,She left the office immediately after work.
¿Sabes tocar el ukelele?,Can you play the ukulele?
Nancy estudió mucho.,Nancy studied hard.
Tom está sangrando.,Tom is bleeding.
Yo no sabía que fumaras.,I didn't know you smoked.
Su ambición es ser abogado.,His ambition is to be a lawyer.
Creo que somos todos un poco locos.,I think we're all a bit crazy.
Arrestaron solamente a Tom.,Tom was the only one who was arrested.
Haré lo que haga falta.,I'll do whatever it takes.
Estos guantes mantuvieron calientes sus manos.,These gloves kept her hands warm.
Tú no deberías fisgonear.,You shouldn't eavesdrop.
Los gatos son territoriales.,Cats are territorial.
¿Te puedo robar un cigarro?,Can I bum a cigarette off you?
Tom se vistió rápidamente.,Tom got dressed quickly.
Las moléculas de benceno son hexagonales.,Benzene molecules are hexagonal in shape.
¿Sabes algo acerca de esto?,Do you know anything about this?
No sabemos lo que es.,We don't know what it is.
Él quiere que vengas a casa.,He wants you to come home.
Hay que extraerte el diente.,Your tooth must be extracted.
¿Este carro es tuyo?,Is this car yours?
Fundó la escuela hace cinco años.,He founded the school five years ago.
El programador arregló el defecto.,The programmer fixed the bug.
Estaba demasiado cansado para pararme.,I was too tired to stand.
¿Dónde comprasteis esta moto?,Where did you buy this motorcycle?
Parece haber alguien en casa.,Someone seems to be at home.
Vendí todas mis casas.,I sold all my houses.
Jesus les respondió.,Jesus answered them.
"Un vino tinto, por favor.","A red wine, please."
"Relájate un poco, lo necesitas.",Take a break. You could use one.
Ellos se sentaron al lado del fuego.,They sat down by the fire.
Tom necesita algo de tiempo a solas.,Tom needs some alone time.
Tienes una memoria bastante buena.,You have a pretty good memory.
¿Por qué tienes que hacerlo?,Why do you have to do it?
"Tú comiste sushi ayer, ¿cierto?","You ate sushi yesterday, didn't you?"
Es un vídeo largo.,It's a long video.
No deberías comparar a Tom con Mary.,You shouldn't compare Tom with Mary.
Él no participó en la discusión.,He didn't participate in the discussion.
No tomé ningunas medidas de precaución.,I didn't take any precautions.
Tom no lo cerró.,Tom didn't close it.
Me alegra que alguien me lo dijo.,I'm glad someone told me.
Mi bolsa fue robada.,My bag was stolen.
Acepté el trabajo.,I took the job.
¿A qué hora sale tu vuelo?,What time does your plane leave?
Está a punto de acabársenos el tiempo.,Time's about to run out for us.
Viajo seguido al extranjero.,I often go abroad.
Muchos estudiantes tienen trabajos a tiempo parcial.,A lot of students do part-time jobs.
Vi un partido de tenis por la tele.,I watched a tennis match on TV.
Ayer vi la tele.,I watched TV yesterday.
Creía que no habías visto nada.,I thought you didn't see anything.
Tengo un cuchillo.,I've got a knife.
¿Podría hablar un poco más alto por favor?,Could you speak a little louder please?
La belleza no es importante.,Beauty isn't important.
"Estoy muy ocupada, así que no cuentes conmigo.",I'm very busy so don't count on me.
Pienso que esto es realmente excitante.,I think this is really exciting.
El chico es capaz de robar.,The boy is capable of robbery.
Él dijo que era pobre.,He said he was poor.
Coge tanto como necesites.,Grab as much as you need.
Ese tipo me enloquece.,That guy drives me crazy.
Este periódico es de hoy.,This is today's newspaper.
Cumple casi cincuenta años.,He's pushing fifty.
He dormido como un bebé en un tronco.,I slept like a baby on a log.
Necesito la firma de Tom.,I need Tom's signature.
Tom sabe lo que se juega.,Tom knows the stakes.
Ella deseaba ser hermosa.,She wished to be beautiful.
¡Eso es puro racismo!,That's pure racism.
La vida de los hombres es corta.,The lives of people are short.
¡El conductor ha dicho que no tenemos frenos!,The driver said we don't have brakes!
Hoy fui al cine.,Today I went to the cinema.
Mary me dejó que la besara.,Mary let me kiss her.
Tu habitación es una pocilga.,Your room is a pigsty.
Realmente me gusta China.,I really like China.
Tom estaba muy enojado conmigo.,Tom was very angry with me.
Montamos calentadores de agua.,We assemble water heaters.
A Tom le dan asco los vegetales.,Tom can't abide veggies.
Sabía que Tom estaría aquí.,I knew Tom would be here.
Hablemos seriamente de tu futuro.,Let's have a serious talk about your future.
No quiero verlo de nuevo.,I don't want to see him again.
Quiero saber cómo sabes eso.,I want to know how you know that.
El dinero cambia la gente.,Money changes people.
Pronto dejarás de pensar en él.,You'll stop thinking of him soon.
Toca la campana en caso de emergencia.,Ring the bell in an emergency.
No esperen demasiado de él.,Don't expect too much of him.
No me convence.,I'm not persuaded.
Ayer fuimos al cine.,Yesterday we went to the movies.
Ellos me engañaron.,They misled me.
¿Cuántos canales privados hay en Grecia?,How many private channels are there in Greece?
Ponga la radio un poco más alta.,Turn the radio up a little.
Mary lleva sombra de ojos.,Mary is wearing eye shadow.
Tú eres la experta.,You are the expert.
Nadie sabe quién es él.,Nobody knows who he is.
¿Tengo que volver allá?,Do I have to go back there?
Yo leía un libro.,I was reading a book.
Déjame subir a bordo.,Let me come aboard.
Le considero un gran escritor.,I consider him a great writer.
Me acuerdo de ese hombre.,I remember that guy.
Él oyó un grito.,He heard a shout.
El felpudo está mugriento.,The doormat is filthy.
¿Cuál es la altura de aquella torre?,How tall is that tower?
"¿Puedo usar tu coche? ""Seguro. Adelante.""","Can I use your car? ""Sure. Go ahead."""
Un accidente es demasiado.,One accident is too many.
Tom está enamorado de otra mujer.,Tom is in love with another woman.
Circunstancias desfavorables me impidieron viajar.,Unfavorable circumstances prevented me from traveling.
Tom es muy conservador.,Tom is very conservative.
Realmente me alegra escuchar eso.,I'm really glad to hear that.
Tengo otra hermana.,I have another sister.
Anoche tuvimos una fiesta.,We had a party last night.
Lo hicieron lo mejor que pudieron.,They did the best they could do.
El silencio de la noche nos conforta.,The silence of the night comforts us.
¿Ahora no te sientes como un tonto?,Don't you feel stupid now?
Trataré de no derramar nada.,I'll try not to spill anything.
Tienes toda la vida por delante.,Life lies in front of you.
Tengo reservado para hoy.,I have a reservation for today.
Quizá vaya contigo mañana.,I might want to go with you tomorrow.
"No, no puedo creerme lo que dices.","No, I cannot believe what you say."
Yo jamás me uniría a una sociedad secreta.,I would never join a secret society.
Eva sólo toma café.,Eve drinks only coffee.
Le gusto a Tom.,Tom likes me.
Él nadó a través del río.,He swam across the river.
Ésas son bonitas.,Those are nice.
¡Bienvenido a tu nuevo hogar!,Welcome to your new home.
Me es imposible ayudarte.,I cannot possibly help you.
Hazlo otra vez.,Try it once again.
Le pidieron a Tom que saliera en televisión.,Tom was asked to appear on television.
Quítate tu gorro.,Take off your cap.
Mi hermano Jacques tiene catorce años.,My brother Jacques is fourteen years old.
"Diga lo que te diga, no me creas.","Whatever I tell you, you don't believe me."
Compré cuarenta dólares de gasolina hoy.,I bought forty dollars' worth of gasoline today.
Mi esposa me golpea.,My wife beats me.
Tom necesitaba eso desesperadamente.,Tom desperately needed that.
Fue una semana terrible.,It was an awful week.
¿Te puedo tomar la mano?,May I hold your hand?
El aire se sentía un poco helado.,The air felt a little cold.
Un auténtico científico no pensaría así.,A true scientist wouldn't think like that.
La perra está mordiendo a su dueña.,The bitch is biting her owner.
"De ahora en adelante, prometo ser puntual.","From now on, I promise to be punctual."
Servite más papas fritas.,Help yourself to more potato chips.
Está subiendo el precio de la electricidad.,The price of electricity is going up.
"Jane no jugó tenis, ¿cierto?","Jane didn't play tennis, did she?"
No la llames ahora.,Don't call her now.
¿Conoces a los padres de Tomás?,Do you know Tom's parents?
Estudiamos inglés en la misma clase.,We study English in the same class.
"Es una estafa, Yanni.","It's a scam, Yanni."
María estaba intentando quedar embarazada.,Mary was trying to get pregnant.
Los coches chocaron el uno contra el otro.,The cars crashed into each other.
"Llamaron a su hijo ""Tom"".",They named their son Tom.
Tony habla inglés igual de bien que tú.,Tony speaks English as well as you.
Dios nos dio el poder de amar.,God gave us the power to love.
No soy un gran orador.,I'm not a great speaker.
No te olvides de tu cepillo de dientes.,Don't forget your toothbrush.
¿Dónde está el otro?,Where's the other one?
Tiene la costumbre de chupar el lápiz.,He has a habit of sucking his pencil.
Tom no volverá.,Tom won't come back.
Me fui a casa corriendo.,I hurried home.
La felicidad no puede comprar el dinero.,Happiness can't buy money.
Los gatos son criaturas quisquillosas.,Cats are fickle creatures.
¿Le gusta el lomo de cerdo?,Do you like pork loin?
Será mejor que lo vuelva a llamar.,I'd better call him again.
¿Estás pensando seriamente en irte?,Are you seriously thinking about going?
El chile me quemó la lengua.,The chili burnt my tongue.
Aquí está el bus.,Here's the bus.
Me sé este chiste.,I know this joke.
Me dan una hora para comer.,I get an hour to eat.
¿De verdad dijiste eso?,Did you really say that?
Hablar inglés no es fácil.,To speak English is not easy.
Ella rechazó el dinero.,She rejected the money.
Él cambió de colegio el año pasado.,He changed schools last year.
Tengo miedo de no acabar eso a tiempo.,I'm afraid of not finishing it in time.
Tengo exactamente lo que necesitás.,I have exactly what you need.
Mis hermanas son médicas.,My sisters are physicians.
Se supone que estás feliz.,You're supposed to be happy.
Eso fue nuestro acuerdo.,That was our agreement.
Hoy nos vamos a bailar.,"Today, we are going dancing."
Cambiemos a francés.,Let's switch to French.
Yo nunca te oculté nada.,I never concealed anything from you.
Él sueña en convertirse en un astronauta.,He is dreaming of becoming an astronaut.
Ella no pudo venir porque estaba ocupada.,She couldn't come on account of being busy.
No tengo objeciones a tu plan.,I have no objection to your plan.
"Si me alcanzase el dinero, compraría esto.","If I had enough money, I'd buy this."
Asumí que Tom estaba esperando a María.,I assumed Tom was waiting for Mary.
Normalmente me levanto temprano.,I usually get up early in the morning.
Lo que dijiste es absurdo.,What you said is absurd.
Me gusta que hagas eso.,I like it when you do that.
Hay un incendio en mi cocina.,There's a fire in my kitchen.
Sé lo que siento.,I know what I feel.
Él viajará al extranjero el próximo año.,He will travel abroad next year.
Sé amable con los ancianos.,Be kind to your elders.
Tom dijo que quiere retirarse.,Tom said that he wants to retire.
Mennad quiere un abrigo.,Mennad wants a coat.
La médico me dijo que estaba bien.,The doctor told me that it was good.
A María le gusta salir de juerga.,Mary likes to party.
Los negociadores federales llegaron a un acuerdo.,Federal negotiators reached a compromise.
He visto alguna vez un té con gas.,I saw a carbonated tea once.
No desayuné esta mañana.,I didn't eat breakfast this morning.
La empresa se fue a la bancarrota.,The company went bankrupt.
¿Sabes qué quiere comprar Tom?,Do you know what Tom wants to buy?
¿Te ha comido la lengua el gato?,Has the cat got your tongue?
Ya descansé bastante.,I've rested enough already.
Limítate a rellenarlo.,Just fill this out.
Estoy aquí para probar que usted está equivocado.,I'm here to prove you wrong.
¿Dónde hace la compra Tom?,Where does Tom shop?
¿Me vas a preguntar o qué?,Are you going to ask me or what?
Eres una chica con suerte.,You're a lucky girl.
Nadie sabía cómo era la máquina.,Nobody knew what the machine was like.
Es una especie de círculo vicioso.,It's some kind of vicious circle.
Es su única elección.,It is their only choice.
Presenta sus argumentos con mucho arte.,He presents his arguments with great skill.
Me estás interrumpiendo.,You're interrupting me.
¿Mintió Tom a Mary?,Did Tom lie to Mary?
El perro duerme debajo de la mesa.,The dog is sleeping under the table.
Entonces no nos conocíamos.,We didn't know each other at the time.
"No lo odio, simplemente lo detesto.","I don't hate it, I simply loathe it."
Sé lo que están mirando los niños.,I know what the children are looking at.
¿Has tratado de bucear alguna vez?,Have you ever tried scuba diving?
Es tu deber terminar el trabajo.,It's your duty to finish the job.
Es un buen tipo.,He's a good bloke.
Él apoyó la escalera contra la cerca.,He placed the ladder against the fence.
A ella no le dan miedo las serpientes.,She isn't afraid of snakes.
Mary quiere que la gente la compadezca.,Mary wants people to pity her.
Él aparentaba ser doctor.,He pretended to be a doctor.
Realmente tengo que ir.,I really have to go.
Ella envolvió algunos regalos en papel.,She wrapped some gifts in paper.
El español es hablado en México.,Spanish is spoken in Mexico.
¿Por qué está usted en este barco?,Why are you on this ship?
La Cenicienta perdió un zapato mientras corría.,Cinderella lost a shoe as she ran.
El telón se levantó.,The curtain rose.
Mamá nos trajo un perrito.,Mother bought us a puppy.
Dime claramente cuáles son tus intenciones.,Clearly tell me what your intentions are.
Incluso las cabras tienen barba.,Even goats have beards.
Ella le dijo que parara.,She told him to stop.
Busco un trabajo de medio tiempo.,I'm looking for a part-time job.
Dame un momento.,Excuse me for a moment.
Mi propuesta fue rechazada.,They rejected my proposal.
Yo estaba en el colegio.,I was at school.
Estás bebiendo leche.,You are drinking milk.
Él tiene nueva novia.,He has a new girlfriend.
El restaurante no prepara almuerzos.,The restaurant doesn't do lunch.
¿Este diamante es auténtico?,Is this diamond real?
¿Eres bueno para las matemáticas?,Are you good at mathematics?
Necesito una camisa limpia.,I need a clean shirt.
¿Hay alguna parada de autobús por aquí cerca?,Is there a bus stop nearby?
Es mi boca.,It is my mouth.
"Si miras aquí, lo verás.","If you look here, you'll see it."
¿Le tiene miedo a su mamá?,Is she afraid of her mom?
No gastes saliva con Tom.,Don't waste your breath on Tom.
Tom acompañará a los cantantes.,Tom will accompany the singers.
No entiendo cómo funciona esto.,I don't understand how this works.
¿Qué le hizo cambiar de idea?,What made him change his mind?
Se vive sólo una vez en el mundo.,One lives but once in the world.
Me ayudó a hacer mis deberes.,He helped me do my homework.
Soy judía estadounidense.,I'm an American Jew.
"Por favor, quítate los zapatos.",Please take off your shoes.
«¡Te has acostado con ella!» «No es cierto.»,"You slept with her! ""I did not."""
No soy un experto.,I'm no expert.
No puedes manejar ahora. Has estado tomando.,You can't drive now. You've been drinking.
Él se sentó con las piernas cruzadas.,He sat with his legs crossed.
Debes seguir despierto.,You have to stay awake.
Finalmente conocí a la mujer adecuada.,I finally met the right woman.
"Él es un tonto, sin duda.","He is a fool, and no mistake."
La muerte busca a su presa.,Death is seeking for his prey.
Vamos a ver qué pasa.,Let's play it by ear.
Esta situación parece ser un círculo vicioso.,This situation seems to be a vicious circle.
No puedo dejar de pensar en mi novia.,I can't stop thinking about my girlfriend.
Ella habló de paz.,She spoke of peace.
Mis padres se quieren divorciar.,My parents want to divorce.
¿Quieres algún caramelo?,Do you want some candy?
"Eres nuevo por aquí, ¿verdad?","You're new around here, aren't you?"
Piensa en el día de pago.,Think about pay day.
Se por qué está haciendo eso Tom.,I know why Tom is doing that.
Recibimos y compartimos.,We receive and share.
Hizo varias correcciones.,He made several corrections.
Pensé que me ibas a matar.,I thought you were going to kill me.
Tomemos un taxi.,Let's take a taxi.
Tom se quedó dormido mientras leía.,Tom fell asleep while reading a book.
Puedes decir lo que quieras.,You can say whatever you want to.
Te tienes que calmar primero.,You need to calm down first.
Él fue allí para aprender inglés.,He went there to learn English.
Es un buen hombre.,He's a good guy.
¿Está Tom a bordo de ese barco?,Is Tom aboard that ship?
El pescado es bueno para vos.,Fish is good for you.
Me levanta el apetito.,It looks appetizing.
La cesta está llena de botellas.,The basket is full of bottles.
Ayer ayudé a mi padre.,I helped my father yesterday.
El pueblo americano eligió al Sr. Clinton presidente.,The American people elected Mr. Clinton President.
Quiero ir a esquiar con ella.,I want to go skiing with her.
A la juventud le agradan sus libros.,Young people like his books.
¿Has encontrado algunas armas?,Have you found any weapons?
Tom llamó un taxi para mí.,Tom called a taxi for me.
Compré tijeras nuevas.,I bought new scissors.
No ha venido todavía.,She hasn't come yet.
Imagino que no estamos invitados.,I guess we're not invited.
No me interesa lo que diga la gente.,I don't care what people say.
Estas llaves no son mías.,These keys are not mine.
Se dedicó a leer libros.,He devoted himself to reading books.
Esta ciudad es fría y solitaria sin ti.,This city is cold and lonely without you.
He leído el informe.,I've read the report.
Por favor envíeme su foto.,Please send me your picture.
Ella se metió la llave al bolsillo.,She put the key in her pocket.
"En la atmósfera sofocante, apenas tengo aliento.","In the stifling atmosphere, I can barely breath."
Escribiste la N al revés.,You wrote the N backwards.
Augusto tenía ojos claros y brillantes.,"Augusto had clear, bright eyes."
Dijiste que no querías ir.,You said you didn't want to go.
Tenemos que ser cuidadosos.,We need to be careful.
Los calcetines y la zapatilla son nuevos.,The socks and slippers are new.
Tom no es violento.,Tom isn't violent.
Te veremos el próximo lunes.,We'll see you next Monday.
Lidia tiene el pelo liso y rubio.,Lidia has straight blonde hair.
¿Sabes por qué dejaron de hablar?,Do you know why they stopped talking?
Haga el favor de no discutir con Tom.,Please don't argue with Tom.
"¿Dónde puedo encontrar las frutas, verduras y hortalizas?",Where can I find the produce?
Eso no responde mi pregunta.,That doesn't answer my question.
Soy campeón de la nación.,I'm the national champion.
Si vamos a pie tardaremos mucho.,"If we walk, we'll be very late."
Asegúrate de tomarte este remedio antes de acostarte.,Make sure you take this medicine before sleeping.
¿Lo has hecho tú sola?,Did you make it yourself?
Es una buena pregunta.,It's a good question.
El coche es pequeño.,The car is small.
Me pregunto de quién es esto.,I wonder who this is from.
Algunos de ellos son mis amigos.,Some of them are my friends.
¿Hay bastante comida para todos?,Is there enough food for everyone?
Acabo de leer este libro.,I have just read this book.
¿Quién lo tiene?,Who has it?
Se ha puesto el sol.,The sun has gone down.
Creo que tienes que llamar a Tom.,I think you need to call Tom.
Ellos comparten las mismas creencias.,They share their same beliefs.
No tiene amigos.,He doesn't have any friends.
¿Cuál era el apellido de Tom?,What was Tom's last name?
"Sabes a lo que me refiero, ¿verdad?","You understand what I mean, don't you?"
Te tomaré algunas radiografías de los dientes.,I'll take some x-rays of your teeth.
Sé lo que hay en la caja.,I know what's in the box.
El tiempo dirá.,Time will tell.
No querían vender su coche.,They didn't want to sell their car.
Ellos las respetan a ustedes.,They respect you.
Tom lloró mucho.,Tom cried a lot.
Estuve indignado por su respuesta.,I was outraged by his answer.
"¿Puedo aparcar aquí? ""No, no puedes.""","May I park here? ""No, you can't."""
Hay algunos huevos en la caja.,There are some eggs in the box.
¡Me da igual!,I don't care!
No se puede huir de la edad.,You can't run away from age.
Si no hace tanto frío.,It's really not that cold.
Creo que Tom y Mary lo saben.,I think Tom and Mary know.
No hay nada más que pueda hacer aquí.,There's nothing more I can do here.
Hay poca esperanza de que estén vivos.,There is little hope that they are alive.
Mira esa nube de allá.,Look at the cloud over there.
¿Sabe Tom dónde vivo?,Does Tom know where I live?
Perdí la paciencia.,I lost my patience.
¿Quién tomará responsabilidad por la pérdida?,Who's taking responsibility for the loss?
Me gusta comer guisantes.,I like to eat peas.
Tom no tenía nada que agregar.,Tom had nothing to add.
Yo vivo en Hyogo.,I live in Hyogo.
Perderás el tren si no te das prisa.,You'll miss the train if you don't hurry.
No estoy viendo la televisión.,I'm not watching the TV.
Tú luces como una muñeca.,You look like a doll.
Yo no usé una linterna.,I didn't use a flashlight.
Creo que mañana lloverá.,I think tomorrow it's going to rain.
Me preguntó quién era.,He asked me who I was.
Es placentero dormir bajo el árbol.,It is pleasant to sleep under the tree.
¿Qué es Internet?,What is the Internet?
No se pierde lo que no se tiene.,He who carries nothing loses nothing.
Me cansé de esperarla.,I became weary of waiting for her.
Nuestro destino depende de vuestras decisiones.,Our fate depends on your decisions.
"Buenas tardes, ¿cómo estás?","Good evening, how are you?"
Esa estudiante es muy activa.,That student is very active.
¡Escribe frases cortas!,Write short sentences!
¿Cerraste la ventana?,Did you close the window?
¿Qué pensás del libro?,What do you think about the book?
Llamen antes de entrar.,Knock before you enter.
Tom finalmente sufrió una crisis nerviosa.,Tom finally snapped.
Tom ha subido algo de peso.,Tom has put on some weight.
Solo tengo veinte euros.,I've only got twenty euros.
Caminamos por la carretera.,We walked along the road.
Vísteme despacio que tengo prisa.,Make haste slowly.
Tom tiene planes.,Tom has plans.
No necesitas hacer deporte.,You don't need to do sports.
Tom está jugueteando con su pajarita.,Tom is fiddling with his bow tie.
El agua no está limpia.,The water is not clean.
Esta tradición pasa de padres a hijos.,This tradition passes from father to son.
¿Conoces esta expresión francesa?,Do you know this French expression?
¡Diviértase mucho estas vacaciones!,Enjoy your vacation a lot!
¿Cuántos años tiene su tío?,How old is your uncle?
Llegó al amanecer.,He came at dawn.
Tom sintió el peligro.,Tom sensed danger.
Será mejor que no discutas con Tom.,You'd better not argue with Tom.
Ahora hay que enharinar el filete.,Now we have to flour the fillet.
Avisame cuando termines.,Tell me when you're done.
Tom en realidad nunca ha estado en Boston.,Tom has actually never been to Boston.
Él no es tan ingenuo como parece.,He's not as naive as he looks.
¿El té negro es saludable?,Is black tea healthy?
"Intenté comérmelo, pero no pude.","I tried to eat it, but I couldn't."
Ella presume de cocinar bien.,She boasts that she's good at cooking.
Tom nació en octubre.,Tom was born in October.
¿No podemos romperlo?,Can't we break it?
Costó un ojo de la cara.,It cost an arm and a leg.
Recoges lo que siembras.,You reap what you sow.
Quítame las manos de encima.,Get your hands off me.
¿Debería llamarte mañana?,Should I call you tomorrow?
Sabía que te gustaría eso.,I knew you'd like that.
¡Qué me importa cuánto dura la cuarentena!,I don't care how long quarantine lasts!
"Ven, come las frutas en la cocina.","Come, eat the fruits in the kitchen."
Las inversiones en bolsa no siempre producen beneficio.,Stock investments do not always yield profit.
Tom no es racista.,Tom isn't a racist.
"Vamos, no seas tonto.","Come on, don't be silly."
Es difícil entender su teoría.,It is difficult to understand his theory.
Tom está viendo un vídeo.,Tom is watching a video.
¿Cuántos días hábiles hay este mes?,How many workdays are there this month?
Mañana voy a comprar algunos libros.,I'm going to buy some books tomorrow.
Ahora depende de mí.,Now it's up to me.
Tom tocó la bocina.,Tom beeped the horn.
Dejé de aspirar a la presidencia.,I gave up running for president.
Mi amigo canadiense más interesante es Tom.,My most interesting Canadian friend is Tom.
Ella insiste en su inocencia.,She maintains her innocence.
Ellos lo enterraron en su tumba.,They buried him in his grave.
Añade oraciones nuevas.,Add new sentences.
La máscara es verde y blanca.,The mask is green and white.
Necesito dormirme antes de la medianoche.,I need to go to sleep before midnight.
¿Dónde te reuniste con ellos?,Where did you meet them?
¿Has usado alguna vez un teclado Dvorak?,Have you ever used a Dvorak keyboard?
Ahora mismo estoy un poco ocupada.,I'm a little busy now.
Lo podéis dejar allí.,You can put it there.
Ella está ocupada en su trabajo.,She's busy with her work.
Voy a comprar un jugo.,I'm going to buy a juice.
Salí corriendo de la casa.,I ran out of the house.
No azotes a tus hijos.,Don't spank your kids.
Hiciste lo que tenías que hacer.,You did what you had to do.
¿Para qué vivo?,What do I live for?
Ella se sube arriba de la roca.,She's going up the rock.
En este libro suceden muchas coincidencias.,"In this book, lots of coincidences happen."
Cometiste un gran error.,You've made a huge mistake.
"Querías esto, ¿no?","You wanted this, didn't you?"
Hubo un gran incendio en mi vecindario.,There was a big fire in my neighborhood.
El viento es flojo.,The wind is weak.
Admití que no lo hice.,I admitted that I didn't do that.
¿Por qué está Tom mojado?,Why is Tom wet?
¿Hay vida en otros planetas?,Is there life on other planets?
El resultado fue poco significativo.,The result was of little significance.
Este cuchillo no está lo suficientemente afilado.,This knife is not sharp enough.
¿Hay algo que quieras contarnos?,Is there anything you want to tell us?
Los sueños de Tom se hicieron realidad.,Tom's dreams came true.
Te vi en televisión.,I saw you on television.
Pronto será capaz de nadar bien.,He will soon be able to swim well.
Ahorita vamos a verle.,We're going to see him right now.
Amo las fresas.,I love strawberries.
Tom escuchó que Mary consiguió un empleo.,Tom heard that Mary got a job.
¿Sabes algo de su familia?,Do you know anything about his family?
Tom abrió la puerta del coche.,Tom opened the car door.
Ella ni siquiera me conoce.,She doesn't even know me.
Tengo tanta hambre como un lobo.,I'm hungry like a wolf.
Creí que te encantaba nadar.,I thought you loved swimming.
Eso me pertenece.,That belongs to me.
Los accidentes de tráfico aumentan año tras año.,Traffic accidents are increasing year by year.
No puedo dejar de jugar al Minecraft.,I can't stop playing Minecraft.
Estoy esperando un tren.,I'm waiting for a train.
Tom dejó caer la pelota.,Tom dropped the ball.
¿Me puede dar una bolsa por favor?,"Could you give me a bag, please?"
Gracias por su explicación.,Thanks for your explanation.
Le gusta la química.,She likes chemistry.
"¡Y de hecho, fue sencillo!","And actually, it was simple!"
No es mi jefe.,He's not my boss.
Podría ponerse feo.,It could get ugly.
Tiene un perfecto dominio del inglés.,He has a perfect command of English.
Un muro separa las dos secciones.,A wall separates the two sections.
La máquina genera mucha electricidad.,The machine generates a lot of electricity.
¿Qué quieres hacer en Boston?,What do you want to do in Boston?
Stalin era un monstruo.,Stalin was a monster.
¿De qué tamaño es vuestro jardín?,How big is your garden?
"¡Sonríe ahora, llora después!","Smile now, cry later!"
¿Qué es una jungla?,What's a jungle?
Él está de acuerdo con mi opinión.,He is in sympathy with my opinion.
Raramente van allí.,They rarely go there.
"Tom, apúrate. ""¡Ya voy!""","Tom, hurry up. ""I'm coming!"""
Siempre se está riendo.,He is always laughing.
Este gas apesta.,This gas stinks.
No te voy a morder.,I won't bite you.
No puedo permitir eso.,I can't allow that.
Tum puso en venta su auto.,Tom has put his car up for sale.
Quiero casarme con Martyna.,I want to marry Martyna.
Tom necesita aprender más acerca de ese problema.,Tom needs to learn more about that problem.
¿Habrá guerra civil?,Will there be a civil war?
Nos han saboteado.,We've been sabotaged.
Los barcos pesqueros partieron del puerto.,The fishing boats left harbour.
Hoy es el cumpleaños de mi hija.,Today's my daughter's birthday.
Cómo hacerlo depende de vosotros.,How you do that is up to you.
La oí cantando en su cuarto.,I heard her singing in her room.
Yo solía ser la novia de Tom.,I used to be Tom's girlfriend.
Ella le contó todo acerca de su niñez.,She told him all about her childhood.
Hasta ahora solo lo han hecho tres países.,So far only three countries have done it.
Ese es un gran número.,That's a big number.
Ella se educó en los Estados Unidos.,She was educated in the United States.
Puede que no hayan ganado el partido.,Maybe they hadn’t won the game.
Tom y Mary no tienen hijos.,Tom and Mary have no children.
Ellos tienen plena confianza en su líder.,They have full confidence in their leader.
Aprecio tu ayuda.,I appreciate your help.
Este vestido le queda muy bien.,This dress looks really good on her.
Yo sé que ella es bonita.,I know that she is beautiful.
Él trabaja por la noche.,He works at night.
Veinte años es un largo tiempo.,Twenty years is a long time.
No os tengo miedo.,I'm not afraid of you.
"Si vas a manejar, no bebas.","If you're going to drive, don't drink."
Estoy harto de hacer eso.,I'm sick of doing that.
Tom te está dando una segunda oportunidad.,Tom is giving you a second chance.
¿Por qué está llorando?,Why are you crying?
Ella es un monstruo.,She’s such a monster.
¿Por qué Tom abrazaría a María?,Why would Tom hug Mary?
Depende de ti.,It is up to you.
Tom es la persona que he estado buscando.,Tom is the person I've been looking for.
Estuve sentado allí.,I was sitting there.
Tom estaba intentando escapar.,Tom was trying to escape.
Estoy decorando mi dormitorio con símbolos bereberes.,I am decorating my room with Berber symbols.
Me alegra no poder ir.,I'm glad that I can't go.
No te enfades por lo que dice.,Don't be angry at his words.
¿Cómo osa quejarse?,How dare he complain?
Van a casarse el mes próximo.,They will get married next month.
María estaba despierta.,Mary was awake.
Esta tela es bastante lisa y sedosa.,This cloth is really smooth and silky.
Perro que ladra no muerde.,Dogs that bark don't bite.
Es una pena que él no pueda venir.,It is a pity that he can't come.
¿Puedes ayudarme con mi problema?,Can you help me out of my trouble?
"Tomen unas galletas, por favor.",Please help yourselves to some cookies.
Probé una sopa a base de camarones.,I tried a shrimp-based soup.
¿Dónde se pone este libro?,Where does this book go?
"Juega rápido, pierde rápido.","Play fast, lose fast."
No quiero que ella se enoje.,I don't want her to be angry.
Martes es el segundo día de la semana.,Tuesday is the second day of the week.
Puedes ponerla ahí.,You can put it there.
Le dio una corbata a su padre.,She gave her father a tie.
Está tumbado en el sofá.,He is lying on the sofa.
Ella se aburrió después de quince minutos.,She got bored after fifteen minutes.
Nunca me canso de eso.,I never get tired of that.
¿Cuál es tu desayuno favorito?,What's your favorite breakfast food?
Un zorro se acercó.,A fox came along.
Todos sonríen en la foto.,Everyone is smiling in the picture.
Desde entonces no he oído nada de ella.,I haven't heard from her since then.
Gracias por el libro.,Thanks for the book.
No soy hablante nativo.,I'm not a native speaker.
Nunca me ha ofendido.,It has never offended me.
Ella le humilló.,He was humiliated by her.
Dejó caer la copa y se rompió.,He dropped the cup and broke it.
Miroslav duerme y come en esta habitación,Miroslav sleeps and eats in this room.
Esta ropa no me queda bien.,These clothes don't fit me.
Tom besó suavemente a Mary en la mejilla.,Tom kissed Mary lightly on the cheek.
Estaremos juntos hasta el fin.,We'll be together until the end.
¿Cómo se llama este animal en japonés?,What do you call this animal in Japanese?
¿Quiénes son los enemigos de la juventud?,Who are the enemies of the youth?
¿Qué tal van las cosas?,How are things coming along?
Harry consiguió atravesar el río nadando.,Harry managed to swim across the river.
Sami mató a las mascotas de Layla.,Sami killed Layla's pets.
¿Por qué eres tan patosa?,Why are you so clumsy?
¡Todo está lleno de polvo!,Everything is covered with dust.
Puede que vuelvas.,You may return.
Usted está libre de toda responsabilidad.,You're free of all responsibility.
Esto es mentira.,This is a lie.
¿Por qué no tengo novio?,Why don't I have a boyfriend?
Las rosas son blancas.,Roses are white.
¿Mil yenes son suficientes?,Is a thousand yen enough?
¿Cuántos años lleva casado?,How long have you been married?
Deberías ser amable con los ancianos.,You should be kind to elders.
Hacé lo que Tom dice.,Do what Tom says.
Consígueme mis píldoras.,Get me my pills.
Tom no es un chico perezoso.,Tom isn't a lazy boy.
El ajedrez es un juego altamente intelectual.,Chess is a highly intellectual game.
Este tema aparece a menudo en Proust.,This subject often comes up in Proust.
Limpio el suelo con una escoba.,I clean the floor with a broom.
Todavía puedo oír tu voz.,I can still hear your voice.
Debe haber algún malentendido.,There must be some misunderstanding.
Hay un libro en mi escritorio.,There's a book on my desk.
Quiero ir a Estados Unidos algún día.,I want to go to America some day.
Tom fue arrestado por robo.,Tom was arrested for theft.
Me alegro mucho de verte.,I'm very glad to see you.
Va a requerir tiempo sustancial y recursos financieros.,It will require substantial time and financial resources.
¿Cuánto ves la televisión?,How much TV do you watch?
Mary llevaba un vestido blanco.,Mary wore a white dress.
Cuento con usted para que nos ayude.,I'm relying on you to help us.
Si no está tan helado.,It's really not that cold.
Vi la esponja en el fregador.,I saw the sponge in the sink.
¡Chale! ¡Ya perdí mi chamba!,Dang! I've lost my job!
El paciente se está recuperando a paso seguro.,The patient is steadily recovering.
Ptolomeo fue un astrónomo griego.,Ptolemy was a Greek astronomer.
Nos hicieron trabajar todo el día.,They made us work all day.
¿Creció en Boston?,Did you grow up in Boston?
A Tom no le gusta mucho el poker.,Tom doesn't like poker very much.
No soy tonto.,I'm not stupid.
El loro de mi vecino habla rumano.,My neighbor's parrot speaks Romanian.
Él me pidió que hablara más despacio.,He asked me to speak more slowly.
"Por favor, dile a Tom que llamé.",Please tell Tom that I called.
Es una perra de corazón frío.,She's a cold-hearted bitch.
Los huevos verdes son una abominación.,Green eggs are an abomination.
Tom de repente se enfermó.,Tom suddenly became sick.
Todos los huevos se echaron a perder.,All the eggs went bad.
¿Cuál fue el que más te gustó?,Which one did you like the best?
"El coche aceleró, adelantando así al camión.","The car accelerated, overtaking the lorry."
"Si tienes hambre, pues come.","If you're hungry, then eat."
Le debo un favor a Tom.,I do owe Tom a favor.
Hablemos sobre el milenarismo.,Let's talk about millenarianism.
Tom le trajo un pequeño regalo a Mary.,Tom brought Mary a small gift.
No os lo diré.,I won't tell you.
Todas las flores del jardín son amarillas.,All the flowers in the garden are yellow.
Sois demasiado perfectos.,You're too perfect.
Te doy este dinero.,I'll give you this money.
La estación está un poco lejos.,The station is pretty far.
¿Tienes un borrador para dejarme?,Do you have an eraser I could borrow?
Tom no me cree.,Tom doesn't believe me.
No sé pronunciarlo.,I don't know how to pronounce it.
Mike siempre se mantiene tranquilo.,Mike always remains calm.
Mi hermano pequeño todavía está durmiendo.,My youngest brother is still asleep.
Creo que Tom intentaría hacer esto.,I think Tom would try to do that.
Nunca se es demasiado cuidadoso.,You can never be too careful.
Yo ni siquiera sabía que tú sabías.,I didn't even know you knew.
No podía creer a mis ojos.,I couldn't believe my eyes.
Estas son las reglas.,Here are the rules.
Emily se comió una naranja.,Emily ate an orange.
Tom odia prácticamente a todos.,Tom hates practically everyone.
¿Quieres fumar un porro?,Wanna smoke a joint?
Tú eres la razón de mi vida.,You are my reason for living.
Tom se pica la nariz.,Tom picks his nose.
Está bajo la silla.,It is under the chair.
No puedo verlo.,I cannot see it.
Un taxi cuesta demasiado.,A taxi costs too much.
Ellos están viniendo por mí.,They're coming for me.
Tuvo que vender su granja por las deudas.,He had to sell the farm for debts.
Él vivió allí durante toda su vida.,He's lived there all his life.
No te haré ningún daño.,I won't do you any harm.
Estoy viviendo en Volgogrado.,I am living in Volgograd.
Un diccionario define palabras.,A dictionary defines words.
¿Qué queréis que escribamos?,What do you want us to write?
Ella es un honor para nuestra escuela.,She is an honor to our school.
Ziri lleva abrigo en verano.,Ziri wears a coat in summertime.
Este vino es supercaro.,This wine is extremely expensive.
Los buenos estudiantes estudian mucho.,Good students study hard.
Tom es un chaval muy mono.,Tom is a very good-looking guy.
Mi hermano murió en un accidente de tráfico.,My brother was killed in a traffic accident.
Me tragué el chicle por accidente.,I swallowed my gum by accident.
No tuvimos mucha lluvia la primavera pasada.,We didn't get much rain last spring.
Me comí unas papas fritas.,I ate some crisps.
Tengo un vaso de papel.,I have a paper tumbler.
¿Quién quiere sangre y lágrimas?,Who wants blood and tears?
No me di cuenta de qué hora era.,I didn't realize what time it was.
No tengo una hermana mayor.,I don't have an older sister.
El acabado de la mesa estaba perfecto.,The finish of the table was perfect.
Pensé que eras hispana.,I thought you were Hispanic.
Tom te va a perdonar.,Tom will forgive you.
Me siento triste todo el tiempo.,I feel sad all the time.
¿Cómo podría olvidarlo?,How could I forget?
No quiero depender de un hombre.,I don't want to depend on a man.
Lo que Tom dice tiene sentido.,What Tom says makes sense.
Ella tuvo que cuidar de su hermana.,She had to take care of her sister.
¿Llevaba algún arma?,Did she have any weapons on her?
Me estaba divirtiendo un montón.,I had loads of fun.
Tengo unas manzanas.,I have some apples.
Siempre estoy ocupado.,I'm busy all the time.
Tom estará aquí esta tarde.,Tom will be here this afternoon.
Su cachorro está limpio.,Her puppy is clean.
No podría estar más cansada.,I couldn't be any more tired.
¡Regresa! gritó él.,Come back! he shouted.
No lo siento.,I don't feel it.
Tom apreció la oferta de María.,Tom appreciated Mary's offer.
Tom echó un vistazo al menú.,Tom looked through the menu.
Tom es uno de mis amigos más cercanos.,Tom is one of my closest friends.
Sonó el timbre de la puerta.,The door bell has rung.
Tom está decorando su habitación.,Tom is decorating his room.
En África hay muchos leones.,In Africa there are many lions.
Tom perdió su confianza.,Tom lost their trust.
Mi hermanita se parece a mi mamá.,My little sister looks like my mum.
¿Dónde está el probador?,Where is the changing room?
Ponte este suéter.,Put on this sweater.
Todo lo que dice es cierto.,Everything he says is true.
No saques a relucir tus errores del pasado.,Don't dwell on your past failures.
Este libro tiene muchas historias cortas.,This book contains a lot of short stories.
Debemos aceptar la realidad.,We must accept the reality.
Voy a estar allá en diez minutos.,I'll be there in ten minutes.
Exigieron la dimisión del presidente.,They demanded that the president resign.
¿Qué te provoca ataques de asma?,What triggers your asthma attacks?
Las drogas pueden arruinar tu vida.,Drugs can ruin your life.
Te amaré hasta que me muera.,I'll love you until I die.
Nos vemos la semana que viene.,See you next week!
Gracias por esperar.,Thanks for waiting.
La pereza es el diván del diablo.,Idleness is the devil's workshop.
No pruebes mi paciencia.,Don't try my patience.
Quiero comprar este diccionario.,I want to buy this dictionary.
Tom no estaba completamente feliz con el acuerdo.,Tom wasn't completely happy with the settlement.
Ni una sola persona llegó tarde.,Not a single person arrived late.
Me quiero ir.,I want to leave.
Todavía estamos vivos.,We're still alive.
Sacaron el retrato de la pared.,The portrait was taken from the wall.
Él se sentó a mi lado.,He sat down by my side.
Acabo de enterarme de la noticia.,I've just learned the news.
Estaba cansado de hacer mis deberes.,I was tired from doing my homework.
Se permite usar diccionario bilingües.,Bilingual dictionaries are allowed.
Tom atacó a Mary.,Tom attacked Mary.
Ahora puedo hacerlo por mí mismo.,I'm now able to do that by myself.
Yo estudio en esta escuela.,I'm a student of this school.
No te dejes engañar por las apariencias.,Don't be deceived by appearances.
Este café está frío.,This coffee is cold.
Ella rara vez sale a la calle.,She seldom goes out.
Ellos gritaron tan fuerte como pudieron.,They shouted as loudly as they could.
Tengo unos ojos bonitos.,I have pretty eyes.
Haz tu trabajo y Dios hará el suyo.,Do your job and God will do His.
Mis zapatos son demasiado pequeños.,My shoes are too small.
No recuerdo lo que comí anoche.,I can't remember what I ate last night.
Mira aquella estrella fugaz.,Look at that shooting star.
Los asesiné a todos.,I murdered them all.
Ella lo hace rápido.,She does it fast.
Olvidé mi pluma.,I forgot my pen.
Mañana jugará al béisbol.,He will play baseball tomorrow.
Siempre estoy cansada.,I'm always tired.
¿Quién escribió esta burrada?,Who wrote this bullshit?
No supe de esto.,I didn't know that.
La terrible escena le hizo a Tom estremecerse.,The terrible scene made Tom shudder.
"Si Dios quiere, lo haré mañana.","God willing, I will do it tomorrow."
Ella trató en vano de complacerlo.,She tried in vain to please him.
¿Quién hizo el muñeco de nieve?,Who built the snowman?
Ella aceleró su coche.,She accelerated her car.
Le di a Tomás leche y galletas.,I gave Thomas milk and cookies.
Yo tampoco quiero estar aquí.,I don't want to be here either.
¿Es muy tarde el lunes?,Is Monday too late?
Siempre estoy cansado.,I'm always tired.
Él caminó vigorosamente delante de nosotros.,He walked vigorously ahead of us.
Me comí mi pan.,I ate my bread.
Voy a ver una película.,I'm going to watch a movie.
El semáforo en rojo significa parada.,A red traffic light means stop.
Déjame explicártelo con un diagrama.,Let me explain it with a diagram.
Tom vivía en Boston hace tres años.,Tom lived in Boston three years ago.
Ellos se comportaban extraño.,They were acting strangely.
Deseo viajar a otros países.,I wish to travel to other countries.
Mis compañeros me gustan mucho.,I really like my teammates.
Él estaba destinado a convertirse en intérprete simultáneo.,He was destined to become a simultaneous interpreter.
Esa muchacha tiene las facciones muy finas.,That girl has very delicate features.
Adecúate a tus posibilidades.,Cut your coat according to your cloth.
Yo no renuncio así nada más.,I'm no quitter.
Va a caminar.,He will walk.
No puedo desatar este nudo.,I can't untie this knot.
Tom pateó a Mary.,Tom kicked Mary.
Cantamos canciones en la hoguera de campamento.,We sang songs around the campfire.
Son un cuarto para las tres.,It's a quarter to three.
¿Le queda bien el abrigo?,Does the coat fit well?
El fuego destruyó la ciudad entera.,The fire destroyed the entire city.
Esos jóvenes son independientes de sus padres.,Those young men are independent of their parents.
Las reparaciones costarán al menos veinte libras.,The repairs will cost at least 20 pounds.
¿Te acordaste de comprar el pan?,Did you remember to buy the bread?
Necesitas comer verduras todos los días.,You need to eat vegetables every day.
Tiene un cuerpo fuerte.,He has a strong body.
El polen puede provocar fuertes reacciones alérgicas.,Pollen can cause severe allergic reactions.
Me hicieron ir allí.,They made me go there.
No quiero volver a herir a Tom.,I don't want to hurt Tom again.
Debo salvarla a toda costa.,I must save her at all costs.
Nos encanta comer manzanas.,We love eating apples.
Asesinar por la espalda es de cobardes.,Backstabbing is cowardly.
Talvez tienen hambre.,Maybe they're hungry.
¿Es usted chino o japonés?,Are you Chinese or Japanese?
Yo creo que mantener las promesas es importante.,I think it's important to keep a promise.
Tengo el dinero que necesito.,I have the money I need.
Él ya ha terminado sus deberes.,He has already finished his homework.
Ésta no es mi cartera.,This isn't my wallet.
¡Haré todo lo que digas!,I will do anything you say!
Estoy muy preocupada por mi hijo.,I'm really worried about my child.
Este libro es demasiado caro para mí.,This book is too expensive for me.
Cuando llegué a casa tenía mucha hambre.,"When I got home, I was very hungry."
Mi sobrina es de Libia. Ella es libia.,My niece is from Libya. She is Libyan.
Tom puso su iPad sobre la mesa.,Tom put his iPad on the table.
Tengan mucho cuidado.,Be very careful.
Lo que Tom hizo fue increíblemente estúpido.,What Tom did was incredibly stupid.
Nosotras debemos seguirlas.,We must follow them.
La traté como a mi propia hija.,I treated her as my own daughter.
Leila vive en Yemen.,Leila lives in Yemen.
¿Qué hacés ahí arriba?,What are you doing up there?
La lámpara colgaba del techo.,The lamp hung from the ceiling.
El lunes va a nevar.,It's going to snow Monday.
¿Por qué no te disculpas y pides perdón?,Why not apologize and ask for his pardon?
La fruta sabe dulce.,The fruit tastes sweet.
La verdad es una mentira.,Truth is a lie.
Yo no le había dicho nada.,I haven't told him anything.
Él es muy rápido corriendo.,He can run so fast!
Fui acusado injustamente.,I was unjustly accused.
Quiero que regreses conmigo.,I want you to come back with me.
"Él es rico, no necesita dinero.",He's rich; he doesn't need money.
Tiene una sonrisa preciosa.,She has a beautiful smile.
Tenemos suficiente agua.,We have enough water.
No soy tu amigo.,I'm not your friend.
Ella está enfadada contigo.,She is mad at you.
Él solo llevaba cien yenes.,He had only one hundred yen with him.
La niña caminó lentamente.,The girl walked slowly.
¿Sabés dónde está mi libro de cocina?,Do you know where my recipe book is?
Logramos todo lo que quisimos hacer.,We accomplished everything we wanted to.
"Te amo, España.","I love you, Spain."
¿La cena está lista?,Is dinner ready?
¿Saldrá el tren a tiempo?,Will the train leave on time?
Mis zapatos nuevos chirrían.,My new shoes squeak.
¡Eres un vago!,You are lazy!
Competí con él por el primer lugar.,I competed with him for the first prize.
Le curó las heridas.,She took care of his wound.
Voy a recordar este incidente para siempre.,I'll remember this incident forever.
El bebé estuvo llorando toda la noche.,The baby cried all night.
Habla fatal inglés.,He speaks English terribly.
No soy capaz de entenderlo.,I just can't fathom it.
"Por favor, manténgase a la espera.",Please hold the line.
Este es un león.,This is a lion.
Solo quería desearte suerte.,I just wanted to wish you luck.
Este está roto.,This one's broken.
A Tom le gustas.,Tom likes you.
Podemos visitar a Tom el lunes.,We can visit Tom on Monday.
¿Estás pensando en mí?,Are you thinking about me?
Él no se tomó la leche.,He didn't drink the milk.
Alofi es la capital de Niue.,Alofi is the capital of Niue.
Te lo debo todo.,I owe it all to you.
Todas las lenguas tienen dialectos.,All languages have dialects.
La amenaza es real.,The threat is real.
Deberías hablar con Tom.,You should talk to Tom.
Vení y te voy a demostrar quién soy.,Come and I'll show you who I am.
¿Qué hacer en caso de incendio?,What to do in case of a fire?
Hay otro error aquí.,There's another mistake here.
Estoy adivinando que es tuyo.,I'm guessing it's yours.
Nancy es una enfermera hábil.,Nancy is a capable nurse.
Salimos del ascensor.,We're getting out of the elevator.
Mi nueva novia es china.,My new girlfriend is Chinese.
No podía evitar reírme de sus bromas.,I could not help laughing at his jokes.
Tom montó el caballo a pelo.,Tom rode the horse bareback.
¿Cómo se llama él?,What is his name?
Dejá de ser tan ingenuo.,Stop being so naive.
¿Por dónde queda más cerca?,Which way is the nearest?
Los turcos y los kurdos son hermanos.,Turks and Kurds are brothers.
No creo que tarde mucho.,I don't think it'll take long.
¿Qué te puedo conseguir hoy?,What can I get you today?
Está interesada en la música.,She is interested in music.
El amor ama amar el amor.,Love loves to love love.
¿Cómo de lejos fuiste?,How far did you go?
No hay regla sin excepción.,There is no rule without exceptions.
Sé que estáis enamoradas de mí.,I know that you're in love with me.
Quiero información específica.,I want specific information.
¿Te importaría ayudarme?,Would you mind helping me?
Tom no tenía que venir tan temprano.,Tom didn't need to come so early.
Hubo una explosión.,There was an explosion.
Fue un honor.,It was an honor.
Esa aula es demasiado pequeña.,That classroom is too small.
Nuestro profesor lucía enfadado.,Our teacher seemed angry.
No dejes que él vea esta película.,Don't let him watch this film.
No debes llegar tarde a la escuela.,You must not be late for school.
Abordémoslo desde otra perspectiva.,Let's approach this from a different angle.
¿Dónde se ubica la embajada griega?,Where is the Greek embassy?
El perro se movió bruscamente ante el extraño.,The dog leaped at a stranger.
Los gemelos son clones.,Twins are clones.
La hipocresía es mi aversión.,I hate hypocrisy.
La ciclópea muralla no terminaba nunca.,The massive wall never ended.
¿Por qué está sentado aquí en la oscuridad?,Why are you sitting here in the dark?
Tuvieron un bebé la semana pasada.,They had a baby last week.
Una persona comenzó a correr detrás de mí.,Someone started running behind me.
Está más claro que el agua.,It's as clear as crystal.
Todavía faltan algunos meses hasta diciembre.,It's still a few months until December.
No quiero tu dinero.,I don't want your money.
No eres divertido.,You're not funny.
¿Puedo decir algo?,May I say something?
Tom llamó a Mary y canceló su cita.,Tom called Mary and canceled their date.
¿Vendrás al pueblo?,Will you come to town?
Dejadla en paz.,Leave her alone.
Te quiero hacer feliz para siempre.,I want to make you happy forever.
¿Sabes dónde trabaja ella?,Do you know where she works?
Es músico y toca varios instrumentos.,He's a musician and plays several instruments.
El negocio absorbe todo su tiempo.,Business absorbs all his time.
A mi hermana le gustan mucho las fresas.,My sister really likes strawberries.
¿Es por eso?,Is that why?
¿Has terminado de leer el libro?,Have you finished reading the book?
Contribuyan a Tatoeba.,Contribute to Tatoeba.
Ellos dejarán Japón mañana.,They are leaving Japan tomorrow.
Tom olvidó comprar dentífrico.,Tom forgot to buy toothpaste.
Pero dormía como un bebé.,But he slept like a baby.
Su última obra tuvo un gran éxito.,His last play was a great success.
Jane se quedó callada durante un buen rato.,Jane kept silent for a long time.
El perro le trajo su periódico.,The dog brought him his paper.
Es la dentadura postiza de mi abuela.,They're my grandma's dentures.
¿Sabes lo que has hecho?,Do you know what you've done?
Estas no son más que meras abstracciones.,These things are mere abstractions.
¿Desde cuándo aprendes japonés?,Since when do you learn Japanese?
Pásame esa caja de alfileres.,Hand me that box of pins.
No estoy acostumbrado a eso.,I'm not used to it.
¿Me llevas allá?,Will you take me there?
No dejes caer ese vaso.,Don't drop that glass.
Nunca más mencionó el incidente.,He never referred to the incident again.
El chocolate sabe dulce.,Chocolate tastes sweet.
Dime en dónde viven ustedes.,Tell me where you live.
Nada nos va a distraer.,Nothing will distract us.
"Yo sabía que eras tú, Tom.","I knew it was you, Tom."
Esta aspiradora mete mucho boche.,This vacuum cleaner makes a lot of noise.
Ya me voy.,I'm leaving now.
No parecen ustedes demasiado entusiasmadas.,You don't seem too enthusiastic.
Tom va a la escuela andando.,Tom goes to school on foot.
Intenta no llegar tarde mañana.,Try not to be late tomorrow.
Necesito saber tu respuesta para el viernes.,I need to know your answer by Friday.
No tengo nada que hacer ahora.,I have nothing to do now.
Le estoy hablando a mi hermana.,I am talking to my sister.
Fue al templo.,She went to the temple.
¿Estabas tú informado de eso?,Were you aware of that?
Ella confiaba en ti.,She trusted you.
Solamente dile a Tom que lo estoy buscando.,Just tell Tom I'm looking for him.
Sally tiene dos años más que Ken.,Sally is two years older than Ken.
No necesito protección.,I don't need protection.
Trabajamos con Tom.,We worked with Tom.
Tom recibió un trozo pequeño de pastel.,Tom got a small portion of pie.
Haz caso a lo que te ha dicho.,Take heed of her advice.
Robar dinero es malo.,It is wrong to steal money.
Tengo que descansar.,I must rest.
He perdido vuestra dirección de correo electrónico.,I lost your email address.
Perdí el último tren.,I missed the last train.
Debes tener en mente mi consejo.,You must bear my advice in mind.
Yanni ha cambiado.,Yanni has changed.
Gracias por escuchar.,Thank you for listening.
La radio se detuvo.,The radio stopped.
Preparé desayuno para ustedes.,I prepared breakfast for you.
¿Por qué es tan pequeño?,Why's it so small?
El viento voló el techo de nuestra casa.,The wind ripped the roof off our building.
Estoy atrapado en Boston.,I'm stuck in Boston.
Ella recibe clases privadas de piano.,She takes private piano lessons.
¿Esta es su casa?,Is this your house?
Ese libro grande es mío.,That big book is mine.
Tu pieza es grande.,Your room is big.
Murió de viejo el año pasado.,He died last year of old age.
¿Sabes a qué me refiero?,Do you know what I mean?
¿Ella te ha contactado?,Has she contacted you?
Ningún pirata que se precie llevaría eso.,No self-respecting pirate would wear that.
Sami tenía una vida cómoda.,Sami lived a comfortable life.
¿Puedo hablar ahora contigo?,May I talk to you now?
¿Cómo puedo confiar en usted?,How can I trust you?
Te dije que te quedaras quieta.,I told you to stay put.
Estamos buscando sobrevivientes.,We're looking for survivors.
¿Te encontraste con ella?,Did you meet her?
"Sí, creo que está bien.","Yes, I think it's okay."
Tom nunca dijo nada.,Tom never said anything.
Ella tiene mucho miedo a la oscuridad.,She is very afraid of the dark.
Los padres aman a sus hijos.,Parents love their children.
Nuestras carteras fueron robadas.,Our wallets were stolen.
¿Cuándo llegaremos a Barcelona?,When will we arrive at Barcelona?
No debería haber hecho eso sola.,I shouldn't have done that alone.
¿Qué piensas sobre la juventud de hoy?,What do you think about young people today?
Era bastante chulo.,It was pretty cool.
Correr hace bien para la salud.,Running is good for the health.
Dame pasta de dientes para comer.,Give me toothpaste to eat.
Tom no tenía que venir tan pronto.,Tom didn't have to come so early.
Mary jugó a la tanga.,Mary played hopscotch.
No ha visto a nadie.,He didn't see anybody.
"Te toca, inténtalo.",Now you try.
Tom ni pudo decir adiós.,Tom didn't even get to say goodbye.
Hay alguien afuera.,There's someone outside.
Él es una mala influencia.,He's a bad influence.
Esta toalla es para ti.,Here's a towel that you can use.
¿Es usted tan alto como yo?,Are you as tall as me?
El puente Golden Gate está hecho de hierro.,The Golden Gate Bridge is made of iron.
Quisiera un vaso de cerveza.,I'd like a glass of beer.
¿Cuánto tiempo tu piel ha estado amarillenta?,How long has your skin been jaundiced?
Mis piernas todavía tiemblan.,My legs are still shaking.
El barco sale a las siete.,The ship leaves at seven o'clock.
Su nariz sangraba.,His nose bled.
Yo no estaba sólo.,I wasn't alone.
Le tiene miedo a la sangre.,He is afraid of blood.
Mary decía que anoche vio un ovni.,Mary said she saw a UFO last night.
Raramente va él a la iglesia.,He seldom goes to church.
"No te me acerques, estoy resfriado.",Don't come near me. I have a cold.
Mi mamá me hizo un suéter.,My mother made a sweater for me.
"Para preservar la vida, debes prepararte para morir.","To preserve life, you must prepare to die."
Tomás no es un buen trabajador.,Tom isn't a good worker.
Sabía que es un mentiroso.,I knew he was a liar.
Llorá todo lo que quieras.,Cry all you want.
Espero que Tom se divierta.,I hope Tom has fun.
Canto mientras cocino.,I sing when I cook.
Él es famoso como pianista.,He is famous as a pianist.
Mary es mi prometida.,Mary is my fiancée.
Él pela su manzana.,He peels her apple.
Soy alérgica al polvo.,I'm allergic to dust.
Mételo en una bolsa de papel marrón.,Put it in a brown paper bag.
Es una habitación pequeña.,It's a small room.
Esto es único.,This is unique.
¡No andes en bata por la casa!,Don't walk around the house in a robe!
Gracias por hervir el agua.,Thank you for boiling the water.
Adoro el sonido de su nombre.,I love the sound of his name.
"Por favor, pásame la sal.",Please pass me the salt.
Tiene buen corazón.,She's kind at heart.
La niñita vivía en Brasil.,The little girl lived in Brazil.
El propio Satán evitaría meterse con Yanni.,Satan himself would avoid messing with Yanni.
¿Y qué tal si él no llama?,And what if he doesn't call?
Algunos de ellos son profesores.,Some of them are teachers.
Él es médico y también escritor de novelas.,He is a doctor and also a novelist.
Él dejó de fumar hace dos años.,He gave up smoking two years ago.
¿Podéis esperar aquí solo un momento?,Would you mind waiting here just a moment?
¿Quién se robó mi canasto con la carne?,Who stole my basket with the meat?
"No puedo esperar más, lo siento mucho.","I can't wait any longer, I'm so sorry."
Te recomiendo que leas esa novela.,I recommend that you read that novel.
La fidelidad es una virtud.,Faithfulness is a virtue.
No confíes en extraños.,Do not trust strangers.
Ella es una conductora terrible.,She's a terrible driver.
Ya no recuerdo su nombre.,I don't remember her name anymore.
"Tras eso, se quitó las gafas.",He took off his glasses after that.
Corre un poco cada día.,Run a little each day.
¿Es que estoy paranoico?,Am I just being paranoid?
No bebáis alcohol.,Don't drink alcohol.
Juguemos al tenis esta tarde.,Let's play tennis in the afternoon.
Eso es malo para tu espalda.,It's bad for your back.
Le dije a Tom lo que sé.,I told Tom what I know.
Todavía funciona a veces.,It still works sometimes.
¿Fracasó de nuevo?,Did he fail again?
¿Cuándo fue la última vez que nos vimos?,When was the last time we met?
Hace siglos que Mary no lava su coche.,Mary hasn't washed her car in ages.
Lo dejé leer los cómics.,I let him read the comics.
Tengo que saberlo.,I have to know.
¡Es muy fácil!,It's super easy!
Tom no puede ocultar más la verdad.,Tom can't hide the truth anymore.
Todos piensan que soy un misterio.,Everyone thinks I'm a mystery.
Tom todavía no entiende.,Tom still doesn't understand.
A él le avergüenza su cuerpo.,He's ashamed of his body.
¿Y si os equivocáis?,What if you're wrong?
Tal vez debí haberle dicho.,Maybe I should've told her.
Tú parecías estar desorientado.,You looked like you were baffled.
No quería que lo supiera mi mamá.,I didn't want my mom to know.
Mi equipaje se perdió en tránsito.,My baggage was lost in transit.
"Por favor, dígame si le duele.",Please tell me if it hurts.
Ken estudió anoche.,Ken studied English last night.
No entiendo lo que dice usted.,I cannot understand what you say.
Nunca antes había visto yo un champiñón verdoso.,I've never seen a greenish mushroom.
¿Podrá usted encontrar el camino sin dificultad?,Can you find your way all right?
Mamá está jugando al tenis.,Mom is playing tennis.
Nuestro futuro está en nuestras manos.,Our future is in our hands.
Esto va a ser genial.,That's gonna be great.
Judy mandó a los niños al dormitorio.,Judy sent her children to bed.
¡Debo estar hablando chino!,I must be speaking Chinese!
¿Dónde estoy ahora?,Where am I now?
Ella le aconsejó que no lo hiciera.,She advised him against doing it.
Yo no nací ayer.,I wasn't born yesterday!
Solo estamos hablando.,We're just talking.
Me acabo de enterar.,I just got the word.
Tom es ligeramente extraño.,Tom is a bit strange.
Realizó el trabajo sin ninguna dificultad.,She did the work without any difficulty.
Ziri dejó que Rima se marchara a casa.,Ziri allowed Rima to go home.
Somos primos y primas.,We are cousins.
"Pienso, por lo tanto existo.","I think, therefore I am."
Los ratones no tienen nietos.,Mice don't have grandchildren.
No encontraron nada.,They didn't find anything.
En la carnicería tienen carne.,There's meat at the butcher's.
¿A qué hora es el almuerzo?,What time is lunch?
Tom fingió no saber la respuesta.,Tom pretended not to know the answer.
Yo estaba nadando en el río.,I was swimming in the river.
Esto está malo.,This is ugly.
¿Preferiría ir a pescar o ir de caza?,Would you rather go fishing or go hunting?
No hay sal en este salero.,There's no salt in this shaker.
Yo hablé hasta quedar ronco.,I talked myself hoarse.
Dalo por hecho.,No sooner said than done.
No me preguntes.,Don't ask me.
Tom tiene un piano.,Tom has a piano.
Tom se había quedado mudo.,Tom was speechless.
¡Baja la música!,Turn that music down!
¿Es bueno decir siempre la verdad?,Is it always good to tell the truth?
He disfrutado de su compañía.,I enjoyed your company.
Todos parecen sorprendidos y algo confusos.,Everybody looks surprised and a little confused.
Tenemos que atrapar vivo al león.,We've got to catch the lion alive.
Ella es mayor que yo por seis años.,She is senior to me by six years.
Creo que se ha acabado.,I believe it's finished.
Aquí está mi número de cuenta.,Here's my account number.
Mi francés es terrible.,My French is terrible.
¿Es el hexano tóxico?,Is hexane toxic?
Ninguno de nosotros sabe vietnamita.,None of us know Vietnamese.
Queremos una alfombra nueva.,We want a new carpet.
El señor Berg los está ayudando.,Mr. Berg is helping you.
¿Es usted bipolar?,Are you bipolar?
¿Cuál es la profesión de Tom?,What's Tom's profession?
Aún no hemos comprado un árbol de Navidad.,We haven't yet bought a Christmas tree.
Lo pasó mal.,It went badly.
No me gustan las manzanas.,I don't like apples.
Papá no come mucha fruta.,Father does not eat much fruit.
No podemos sobrestimar su capacidad.,We cannot overestimate her ability.
Igor liberó a Anna de las esposas.,Igor freed Anna from the handcuffs.
El hombre le robó su bolso.,The man robbed her bag.
¿Recibiste mi mensaje?,Did you get my message?
Deja el pasado atrás y sigue adelante.,Leave the past behind and go on.
La conozco muy bien.,I know her very well.
En este momento estoy ocupado.,I'm busy at the moment.
No olvides el pasado.,Don't forget the past.
Tom quería dejar las cosas claras.,Tom wanted to set the record straight.
¡Aún no me quiero ir a la cama!,I don't want to go to bed yet.
Entramos en el cine gratis.,We entered the cinema for free.
Tom no puede escribir ni su propio nombre.,Tom can't even write his own name.
La curiosidad está en mi sangre.,Curiosity runs in my blood.
Nadie le está pidiendo dinero.,Nobody's asking you for money.
Meg consiguió muchos nuevos amigos.,Meg acquired many new friends.
Ella fotografió la casa,She photographed the house.
Tom tendrá éxito.,Tom will succeed.
María es alta y fuerte.,Mary is tall and strong.
Todos se enfermaron.,Everyone got sick.
¿Quién inventó las gafas?,Who invented glasses?
Tom no tiene una hermana.,Tom doesn't have a sister.
Ella no quiere que él recoja las flores.,She doesn't want him to pick the flowers.
Rara vez viajo.,I rarely travel.
No puedo comer.,I can't eat.
Tomás no debería llorar más.,Tom isn't likely to cry anymore.
Sabía que ganaríamos.,I knew we'd win.
Poseidón está enojado.,Poseidon is angry.
Un tercio de nueve es tres.,One third of nine is three.
El suelo está muy resbaloso.,The floor is very slippery.
Las rosas florecen en primavera.,The roses bloom in spring.
¿Dónde está mi bastón?,Where's my cane?
Tengo que pasar este examen.,I have to pass this exam.
Ella tomó prestada una sierra del granjero.,She borrowed a saw from the farmer.
Ella practicó diferentes deportes durante su adolescencia.,She practiced different sports during her adolescence.
No ganó nada con decirme eso.,He gained nothing by telling me that.
Parecía que Tom se estaba divirtiendo.,It looked like Tom was enjoying himself.
Anoche vi a Tom.,I saw Tom last night.
Fui a esa fiesta.,I went to that party.
¿Puedes leerme este texto?,Can you read this text for me?
Nunca se me ocurren ideas brillantes.,Bright ideas never occur to me.
¡No llegues demasiado tarde al trabajo!,Don't come to work too late!
Ése fue un detalle bonito.,That was a nice touch.
Será mejor si entras.,You'd better come in.
¿Qué hay de mal querer dormir para siempre?,What's wrong with wanting to sleep forever?
Ella lo trajo adonde nosotros.,She brought him to our place.
Esto no es natural.,This is not natural.
Ella está comiendo fruta.,She's eating fruit.
"Si quieren un sándwich, levanten la mano.","If you want a sandwich, raise your hand."
¿Qué le ha pasado?,What happened to him?
¿Qué edad tiene tu madre?,How old is your mother?
Pensé que te ibas de Boston.,I thought you were leaving Boston.
¿Cuál es su comida favorita?,What's your favorite food?
Fue un accidente.,It was an accident.
Tiene pesadillas todas las noches.,He has nightmares every night.
¿Alguna vez has vomitado en un bus?,Have you ever thrown up in a bus?
No es más que un libro.,It's only a book.
A Sami le gusta Spiderman.,Sami likes Spiderman.
No quise molestarte.,I didn't want to disturb you.
Este coche es parecido al mío.,This car looks like mine.
No es lo que usted dijo.,That's not what you said.
Tom y Mary casi están en casa.,Tom and Mary are nearly home.
Tom se cayó en el sofá.,Tom slumped on the couch.
Su cumpleaños es el cinco de mayo.,His birthday is May 5th.
Somos todos hijos de Dios.,We all are God's sons.
Tom fue hallado muerto en su habitación.,Tom was found dead in his room.
Dame su foto.,Give me her picture.
Las elipses tienen tanto que ocultar...,Ellipses have so much to hide....
Intento beber siempre leche en el desayuno.,I always try to drink milk at breakfast.
Dame algo de beber.,Give me something to drink.
Lleve al herido al hospital.,Carry the injured to the hospital.
Los ríos se inundaron con la lluvia torrencial.,The rivers were flooded by the heavy rain.
¿Has visto a la nueva novia de Tom?,Have you seen Tom's new girlfriend?
¿Y el amarillo?,And the yellow one?
Habla cuanto quieras.,Talk as much as you like.
Le gusta trabajar en el jardín.,He likes to work in the garden.
Tom no puede ver nada sin sus lentes.,Tom can't see anything without his glasses.
Celebro mucho verle a usted.,I'm certainly glad to see you.
Vivía en Roma.,I lived in Rome.
He cambiado el retrete.,I replaced the toilet.
Yo tengo la misma edad.,I am the same age.
Abuela fue a recoger unos arándanos.,Granny went to pick some blueberries.
Él tiene un cargo importante en la compañía.,He holds an important position in the company.
La área recreativa sigue abierta al público.,The recreation area remains open to the public.
Matemáticas es una buena asignatura.,Mathematics is a good subject.
Por favor muéstrame la camisa verde.,Please show me the green shirt.
Jane tiene cinco bolsos de mano.,Jane has five handbags.
Todo estaba planeado.,It was all planned.
¿Tú sabes hablar húngaro?,Do you speak Hungarian?
Él le indicó el camino.,He showed her the way.
Tom es viejo.,Tom is old.
Creía que eras más viejo.,I thought you'd be older.
Tom es pesimista.,Tom is pessimistic.
Ellos dos son mis colegas.,Both are my colleagues.
Alguien se lo trajo.,Someone brought it to him.
Mónica no estudió mucho.,Monica didn't study a lot.
Soy tu novio.,I'm your boyfriend.
Este libro es para usted.,This book is for you.
No está permitido fumar en este restaurante.,Smoking isn't allowed in this restaurant.
Fue un trabajo bastante difícil.,It was real hard work.
No tengas miedo de conocer a gente nueva.,Don't be scared to meet new people.
¿Quién le escribió a Tom?,Who wrote to Tom?
"Por favor, no me interrumpas mientras estoy hablando.",Please don't interrupt me while I'm talking.
Comimos pez espada.,We ate swordfish.
Él no quiere hablar de eso.,He doesn't want to talk about it.
Mi padre se va recuperando de a poco.,My father is getting better by degrees.
Le hace ascos a todo.,He turns up his nose at everything.
La sopa está demasiado caliente.,The soup is too hot.
Tomás dijo que a María le va bien.,Tom said that Mary is doing just fine.
¿Por qué estás hoy ocupado?,Why are you busy today?
En mi barrio hay un gran supermercado.,There is a big supermarket in my neighborhood.
La conferencia transcurrió según el plan.,The conference went on according to plan.
Tom tomó una siesta por treinta minutos.,Tom took a nap for thirty minutes.
Esto es tan chistoso.,This is so hilarious.
"No, aún no.","No, not yet."
John sacó una llave de su bolsillo.,John took a key out of his pocket.
Esa casa es muy pequeña.,That house is very small.
Ella tenía conocimiento de su mirada.,She was aware of his eyes.
¿Le queda bien el vestido?,Does the dress fit well?
Últimamente he perdido peso.,I've lost weight recently.
Pintamos al viejo cansado.,We paint the tired old man.
Soy un traductor.,I am a translator.
En esta tienda hablan en esperanto.,In this store they speak in Esperanto.
Vi cómo un gato perseguía a un perro.,I watched a cat chase a dog.
Estoy cansada de escribir.,I'm tired of writing.
Es muy práctico.,That's very handy.
"Estoy libre cada día, excepto por lunes.",I'm free every day except Monday.
Ella odia las setas.,She hates mushrooms.
Estuve todo el día encadenado al escritorio.,I was chained to the desk all day.
Quisiera hacer unas cuantas pruebas más.,I'd like to run a few more tests.
Finalmente dejó de llover.,It's finally stopped raining.
Tom es un satanista.,Tom is a Satanist.
Tom le mandó unas flores a Mary.,Tom sent Mary some flowers.
"Tom es un mentiroso, ¿no lo es?","Tom is deceitful, isn't he?"
Hoy tengo un fuerte dolor de cabeza.,I have a bad headache today.
¿Estaba Tom enojado?,Was Tom angry?
No lo vuelvas a hacer.,Don't do it again.
Sólo deseaba echar una mano al equipo.,I just wanted to help the team.
Siempre supe que podías hacerlo.,I always knew you could do it.
Tom es un hombre extremadamente apuesto.,Tom is an extremely good-looking man.
¿No es eso solo una historia?,Isn't just that a story?
Este castillo es bonito.,This castle is beautiful.
"Te acuerdas de Tom, ¿verdad?","You remember Tom, don't you?"
¿Te has mareado alguna vez en un avión?,Have you ever felt dizzy on a plane?
No entiendo el significado de esta palabra.,I can't understand the meaning of this word.
Bienvenido a nuestra primera clase de italiano.,Welcome to our first class in Italian.
Tú pagas por calidad.,You pay for quality.
Le cree a Tomás.,He believes Tom.
"Mientras tú juegas, yo voy a estudiar.","While you play, I'm going to study."
¿Quién es aquel hombre?,Who is that man?
Él a menudo se embarca en metas imposibles.,He often goes off on wild goose chases.
Lea usted lo que dice la etiqueta.,Read what's on the label.
Ellas no hicieron nada.,They didn't do anything.
¿Cuánto te estoy pagando?,How much am I paying you?
Conocí tanto a la escritora como al libro.,I knew both the writer and the book.
Tom no tiene experiencia.,Tom has no experience.
¿Puede enmarcar esta foto?,Can you frame this picture?
No aprendí nada.,I didn't learn anything.
Amaba a Tom.,I liked Tom.
Al fin cumplió mi petición.,He finally fulfilled my request.
No indagues en mi vida privada.,Don't pry into my private life.
No tengo una opinión sobre eso.,I don't have an opinion on that.
Tom saca buenas notas en francés.,Tom gets good grades in French.
Dime cómo se juega el juego.,Tell me how to play the game.
¿Cómo se dice XXX en inglés?,How do you say XXX in English?
Ella no hace más que quejarse.,She does nothing but complain.
Yo solo necesito saber la verdad.,I just need to know the truth.
Él puso la ropa en el abrevadero.,He put the clothes in the trough.
Troya fue tomada por los griegos.,Troy was captured by the Greeks.
¿Qué pasó allá abajo?,What happened down there?
Ese cubo está rebosando.,That bucket is overflowing.
Tom se derrumbó y lloró.,Tom broke down and cried.
La zanahoria es buena para la sopa.,The carrot is good for soup.
Probaremos a hacerlo otra vez.,We'll try again.
No iré a la ciudad.,I am not going to town.
Esto es un gato.,This is a cat.
"Gracias, es todo.","Thanks, that's all."
Tom no puede conseguir siempre lo que quiere.,Tom can't always get what he wants.
No quiero que salgas con Tom.,I don't want you to date Tom.
Dile a tu amigo que se vaya.,Tell your friend to go.
¿Hacia dónde vas ahora?,Where are you going now?
Quiero que Tom gane las elecciones.,I want Tom to win the election.
Tom abrazó a su padre.,Tom embraced his father.
Él se enfadó.,He got angry.
Los teletubbies me dan asco.,The Teletubbies disgust me.
Nado casi cada día.,I swim almost every day.
Tom tenía mucho respeto por Mary.,Tom had a lot of respect for Mary.
La besé en la frente.,I kissed her on the forehead.
El niño comió la manzana.,The boy ate the apple.
Es un parisino.,He's a Parisian.
La historia era muy interesante.,The story was very interesting.
"¿Qué deseas para navidad, Jenny?","What do you want for Christmas, Jenny?"
No hay nadie leyendo en la biblioteca.,There is no one reading in the library.
Mejor que te prepares para algo peor.,You'd better prepare for something worse.
¿Te puedo ayudar?,Can I help you?
Odio esta escuela.,I hate this school.
¿Acaso has hecho cualquier cosa para mí?,What have you ever done for me?
Ya te pagué.,I've already paid you.
Hice un escritorio de madera.,I made a desk of wood.
"Con este voto, corregimos un error.","With this vote, we righted a wrong."
Este té está bueno.,This tea tastes good.
Nuestros cuerpos están cambiando.,Our bodies are changing.
Quiero un asiento de ventanilla.,I want a window seat.
El asesinato es un crimen contra la humanidad.,Murder is a crime against humanity.
¿Pudiste hacer aquello por ti mismo?,Were you able to do that by yourself?
No hagan esto.,Don't do this.
¿Qué te ha hecho cambiar de idea?,What made you change your mind?
"Usted es religioso, ¿verdad?","You are religious, right?"
Australia no es una excepción.,Australia is no exception.
Tom lanzó el ancla por la borda.,Tom threw the anchor overboard.
Tengo absoluta fe en sus capacidades.,I have complete faith in his abilities.
Tomás tiene el pelo largo.,Tom has long hair.
Esto está quebrado.,This is broken.
Veo que lees.,I see you reading.
Yanni trajo a Skura su cubo de ordeñar.,Yanni brought Skura a milking bucket.
El metal se contrae al enfriarse.,Metal contracts when cooled.
Esto es un lujo.,This is a luxury.
Desearía poder darte algo.,I wish that I could give you something.
Tomó un poco más de una hora.,It took little more than an hour.
Nos encanta hablar español.,We love speaking Spanish.
No podemos decir cuál es mejor.,We cannot tell which is better.
¿Puedo utilizar tu diccionario?,Can I use your dictionary?
"Tom parece tristísimo, ¿no?","Tom seems awfully sad, doesn't he?"
Afortunadamente yo estaba bien entrenado.,Fortunately I was well trained.
"¿Hasta tú, Brutus?","Even you, Brutus?"
Sabía que resultaría duro.,I knew it would be hard.
El teléfono seguía sonando.,The phone kept ringing.
Aprender es divertido.,Learning is fun.
¡No nos olvidéis!,Don't forget us!
Lincoln fue un republicano.,Lincoln was a Republican.
Tom fue contratado.,Tom was hired.
No estoy en una posición para contestar.,I'm not in a position to answer.
Tom escucha a Mary.,Tom listens to Mary.
En Brasil se alojó en casas de esperantistas.,"In Brazil, he stayed in Esperantists' houses."
Quiero que Tom llame todos los días.,I want Tom to call every day.
¿Puedo pasar la noche?,Can I spend the night?
Tiene que irse de Boston.,You have to leave Boston.
Miroslav no estaba asustado en absoluto.,Miroslav wasn't scared at all.
Caminaba a paso rápido.,He walked at a quick pace.
A Lucy le agrada Mary.,Lucy likes Mary.
Traduce la palabra.,Translate the word.
Sin duda es algo poco habitual.,"That's an unusual thing, undoubtedly."
Él está abriendo la ventana.,He is opening the window.
Ella me lleva a la llave.,She leads me to the key.
Pégate a la izquierda cuando conduzcas.,Keep to the left when driving.
"¿Quién te enseña inglés? ""La señorita Yamada.""","Who teaches you English? ""Miss Yamada does."""
Tom es mejor que nosotros.,Tom is better than us.
Vi una hermosa cascada por allá.,I saw a beautiful waterfall there.
Jane estaba enfadada.,Jane was angry.
Nunca sé qué tiempo usar.,I never know which tense to use.
¡Estoy harto de esperar!,I'm sick of waiting!
¿Necesita una ambulancia?,Do you need an ambulance?
Él no conoce a ninguno de nosotros.,He knows neither of us.
¿A qué hora viene la guagua?,At what time does the bus come?
Agaña es la capital de Guam.,Hagåtña is the capital of Guam.
Eso no es de mi gusto.,That isn't to my liking.
Me hice católico.,I became a Catholic.
Su consejo os resultaría muy útil.,His advice would be very useful to you.
No puede durar.,That can't last.
¿Te importaría bajar el volumen?,Would you mind turning down the volume?
Tenemos que encontrar una nueva niñera.,We've got to find a new babysitter.
Esto es una taza.,This is a cup.
No añadas cilantro ni albahaca. Solo orégano.,Don't add coriander or basil. Just oregano.
La primavera ha llegado.,Spring has come.
Mamá no está en casa.,Mother is away from home.
Eso no es completamente falso.,That is not altogether false.
Ella está solo siendo arrogante.,She's just being snobbish.
He batido mi propio récord.,I've beaten my own record.
Quiero recuperar mis objetos de valor.,I want to recover my valuables.
Estamos fastidiando al profesor.,We are annoying the teacher.
No entiendo mis sentimientos.,I don't understand my feelings.
Pensaba que el juego había terminado.,I thought the game was over.
Hoy no me viene bien.,Today is not good for me.
Su nuevo sombrero captó mi atención.,Her new hat caught my notice.
"Por favor, tome asiento según su número.",Please sit according to your number.
Vas a ser visto.,You're going to be seen.
Tom tiende a hablar bastante rápido.,Tom tends to speak quite fast.
Mis zapatos están irritando mis pies.,My shoes are chafing my feet.
¿Dónde lo escondiste?,Where did you hide it?
Mi coche es un trasto.,My car is a piece of junk.
Eso es entre Tom y yo.,That's between Tom and me.
Esta manzana es roja.,This apple is red.
Reprobó el examen.,He failed the exam.
No sabía que eras rico.,I didn't know you were rich.
Ella nos está enseñando francés.,She's teaching us French.
Tom sabía que Mary no estaba en casa.,Tom knew Mary wasn't at home.
Él se compró uno digital.,He purchased a digital one.
Debimos haber seguido el consejo de Mary.,We should have followed Mary's advice.
"Sí, hay dos razones importantes.","Yes, there are two important reasons."
Escribe lo que sabes.,Write what you know.
Él lo oyó llorar a la medianoche.,He heard him cry at midnight.
Tom quería ver a María.,Tom wanted to see Mary.
Si no es importante.,It's really not important.
"¿Has comido? ""Sí.""","Have you eaten? ""Yes, I have."""
¡Necesitamos un médico!,We need a doctor.
Su habitación está siempre desordenada.,His room is always out of order.
Espero que mañana esté mejor.,I hope it's better tomorrow.
Tom parecía preparado.,Tom looked ready.
Mi camisa está mojada.,My shirt is wet.
Ese preso es muy peligroso.,That prisoner is very dangerous.
Soy un exportador de cocaína.,I am a cocaine exporter.
Dile que me estoy echando una siesta.,Tell her that I am having a nap.
Los elefantes son mamíferos.,Elephants are mammals.
Te veré mañana en la biblioteca.,See you tomorrow at the library.
¿Está lloviendo? Estamos en Inglaterra.,Is it raining? We are in England!
Un imán tiene carga eléctrica.,A magnet has an electric charge.
"Buenas noches, corazón.","Good night, sweetheart."
No puedo decirlo.,I can't tell it.
"Cuando me vio, salió corriendo.","When he saw me, he ran away."
Vine por ti.,I came for you.
Entré a la pieza de Tom.,I went into Tom's room.
Tom y Mary tuvieron un divorcio desagradable.,Tom and Mary had an ugly divorce.
No me importa lo que digas.,I don't care what you say.
Tú sabes todo.,You know everything.
¿Qué es lo que te gusta?,What do you like?
Soy el hermano de Tom.,I'm Tom's brother.
Me tienen a mí.,You've got me.
Puede que los padres estén implicados.,Perhaps the parents are involved.
¿Por qué eso no me sorprende?,Why doesn't that surprise me?
Voy a comprar ahora.,I am going to the store now.
"Aquí está su recibo, señor.","Here's your receipt, sir."
¿Estabas con alguien?,Were you with anyone?
No sé dónde va esto.,I don't know where this belongs.
Tuve que levantarme temprano.,I had to get up early.
Es un gobierno democrático.,It's a democratic government.
El taxi giró bruscamente a la izquierda.,The taxi abruptly turned left.
Amar es vivir dos veces.,To love is to live twice.
"¡Ah, eso me recuerda a los viejos tiempos!","Ah, that reminds me of the old days!"
Es una americana importante.,She's an important American.
Está pensando en el problema.,He is thinking about the problem.
¿Preferirías no hacerlo?,Would you rather not do that?
Creo que voy a conseguir escribir rápido.,I think I'll be able to write quickly.
La cerveza está bien fría.,The beer's very cold.
Solo tengo dos horas.,I only have two hours.
Tu acento francés es horrible.,Your French accent is terrible.
A mi hermana le encanta la música.,My sister is fond of music.
"De repente, Tom se detuvo.","Suddenly, Tom stopped."
Jugué con mi hermano.,I played with my brother.
Vos no sos un cobarde.,You are not a coward.
Es más económico que los fertilizantes químicos.,It is cheaper than chemical fertilizers.
Ella se hará cargo de todo el trabajo.,She will cope with all the work.
Las tiendas de abarrotes venden barras de caramelo.,Convenience stores sell candy bars.
Con tu ayuda atraparemos a Tom.,"With your help, we'll catch Tom."
Hoy es el Día Mundial de la Serpiente.,Today is World Snake Day.
Hoy me quedé en casa.,Today I stayed at home.
Tengo bastante hambre.,I'm fairly hungry.
"Desafortunadamente, debo rehusar tu invitación.",Unfortunately I must decline your invitation.
Ella dice que está sola.,She says that she's lonely.
Tom es capaz de andar con las manos.,Tom is able to walk on his hands.
Me gustan los desafíos.,I like challenges.
La medalla tenía una inscripción.,The medal had an inscription.
Pudo haberla conocido ayer.,He may have met her yesterday.
El alma es eterna.,The soul is eternal.
Tengo que compartir una oficina con Tom.,I have to share an office with Tom.
Estoy acostumbrado a cocinar para mí mismo.,I'm used to cooking for myself.
Mary se quedó impresionada con lo que vio.,Mary was impressed with what she saw.
Ella decidió dejar el trabajo.,She decided to resign her job.
Tuve un sueño hermoso anoche.,I had a beautiful dream last night.
¿Veis la tele a menudo?,Do you watch TV often?
Será fácil hacer eso.,It'll be easy to do that.
El vendedor le engañó.,He was taken in by the salesman.
Estamos haciendo el inventario anual.,We're taking our annual inventory.
Me gustaría viajar solo.,I would like to travel alone.
¿Usted come pimiento?,Do you eat bell peppers?
Tom casi nunca come pepinos.,Tom almost never eats cucumbers.
Tom está esperando.,Tom is waiting.
"No, ella es profesora.","No, she's a teacher."
Puede venir a vernos esta noche.,He may come and see us tonight.
Este bastón de caramelo sabe a manzana verde.,This candy cane tastes like green apple.
¿Cómo se siente estar de vuelta?,How does it feel to be back?
Tom sintió peligro e inmediatamente se sintió preocupado.,Tom sensed danger and was suddenly worried.
Tienes que terminar tu tarea de inmediato.,You have to finish your homework right away.
"Colócate de perfil a la cámara, por favor.",Please face the camera in profile.
Él gana medio millón de yenes al mes.,He earns half a million yen a month.
Saqué fotos bonitas.,I took nice pictures.
"Por favor, endósame este cheque.",Please endorse this check.
¿Cuánto tiempo has estado esperando afuera?,How long have you been waiting outside?
Lo hice por mi hijo.,I did this for my son.
Este pañuelo está hecho de papel.,This handkerchief is made of paper.
¿Por qué estás despierto tan temprano?,What are you doing up this early?
Estoy en España.,I'm in Spain.
Viajar en el tiempo es imposible.,Time travel is impossible.
Espero que no estés solo.,I hope you're not alone.
¿Qué hay debajo de la manta?,What's under the blanket?
Yo nunca he estado tan asustado.,I had never been so scared.
Ellos la desprecian.,They despise her.
No veo nada con el ojo derecho.,I can't see anything with my right eye.
También puede causar cáncer pulmonar.,"It may cause lung cancer, too."
Ese cañón parece muy endeble.,That cannon looks rather flimsy.
Mi conjuntivitis es crónica.,My conjunctivitis is chronic.
Tenéis mucha suerte.,You're very lucky.
Estábamos sorprendidos de su conducta.,We were surprised at his conduct.
Lo que Tom necesita es tu amor.,What Tom needs is your love.
Encontré tu gorra.,I found your cap.
Todavía no me han invitado.,I haven't been invited yet.
¿Encontraste la salida?,Did you find the exit?
¿Cuántas caras tiene un cubo?,How many faces does a cube have?
Está hecha de hojalata.,It's made of tin.
Tom lo hizo ver fácil.,Tom made it look easy.
Las olas están hoy altas.,The waves are high today.
Ella lo besó en la mejilla.,She kissed him on the cheek.
Me fui a casa.,I went home.
Vas en el tren equivocado.,You are on the wrong train.
Después de un brindis empezamos a tomar.,"After a toast, we started drinking."
¿Por qué no puedo poseer canadienses?,Why can't I own Canadians?
Te estás acercando demasiado.,You're getting too close.
Tom está trabajando en la cochera.,Tom is working at the garage.
La intimidad no existe.,Privacy doesn't exist.
Damiano no está convencido.,Damiano isn’t convinced.
Será mejor que te calles.,You'd better shut up.
Mi abuela habla árabe.,My grandma speaks Arabic.
La policía buscó al niño desaparecido.,The police searched for the missing child.
Tenía gris el pelo de la cabeza.,He had grey hair.
Odio que la gente fume en mi patio.,I hate that people smoke in my yard.
Muchos traicionaron a sus amigos por dinero.,Many betrayed their friends for money.
¿De qué otras cosas tenemos que hablar?,What else do we need to talk about?
¿Qué tenía Tom en el bolsillo?,What did Tom have in his pocket?
Lucía muy joven.,He looked very young.
No ocurrirá de nuevo.,It won't happen again.
¿Alguien tiene alguna otra pregunta?,Does anyone have any other questions?
Llevamos una hora de retraso.,We're an hour behind.
"Dos para el bufé del almuerzo, por favor.","Two for the lunch buffet, please."
Di lo que es verdad.,Say what is true.
Aquí todo puede pasar.,Here anything can happen.
León es una ciudad castellanoleonesa.,León is a Castilian-Leonese city.
Tengo una hectárea de tierra.,I have a hectare of land.
Tom y yo somos muy buenos amigos.,Tom and I are best friends.
"Mary es plomera, ¿no es así?","Mary is a plumber, isn't she?"
Laurie me quiere.,Laurie loves me.
Es más peligroso de lo que pensé.,It's more dangerous than I thought.
Anoche tuve un extraño sueño.,Last night I had a weird dream.
Mark flirtea con todo lo que se mueve.,Mark hits on everything that moves.
¡Qué ojos más bonitos tiene!,What lovely eyes she has!
"Perdón, error mío.","Sorry, my mistake."
Por lo menos has dormido.,At least you slept.
Estoy cansado de estudiar.,I'm tired of studying.
Lo siento si te hice daño.,I'm sorry if I hurt you.
Ella se enamoró de un joven oficial.,She fell in love with a young officer.
Tuve que correr por tres horas.,I've run for three hours.
Me salvaste la vida.,You saved my life.
"Ella se fue, pero yo todavía la amo.","She has gone, but I still love her."
Tom hablará con nosotros el lunes.,Tom will talk to us on Monday.
Tom sabe que eso es mentira.,Tom knows it's a lie.
Tengo que librar mi cocina de cucarachas.,I must rid my kitchen of cockroaches.
Las provisiones se están empezando a acabar.,The supplies are beginning to give out.
Él capturó a un muchacho robando su reloj.,He caught a boy stealing his watch.
Él no puede ayudarnos.,He cannot help us.
"Por favor, abre la ventana.",Please open the window.
Ella lo hizo llorar.,She made him cry.
Tengo pocos libros.,I have few books.
"De repente, me desmayé.","Suddenly, I blacked out."
Está totalmente oscuro.,It's completely dark.
"Por favor, olvidad lo que acabo de decir.",Please forget what I just said.
El sábado estoy liado.,I'm busy on Saturday.
¿Me prestas tu auto esta noche?,Can I borrow your car tonight?
Tom se ve absolutamente horrorizado.,Tom looks absolutely horrified.
Es un video largo.,It's a long video.
Por favor ven a verme mañana.,Please come see me tomorrow.
Tom olvidó ponerle llave a su coche.,Tom forgot to lock his car.
Tom no respeta a nadie.,Tom has no respect for anyone.
Él no habla nuestra lengua.,He doesn't speak our language.
Me gustaría aprender a bailar.,I would like to learn how to dance.
Me da igual quién gane.,It makes no matter to me who wins.
Akiko tiene varios amigos en Francia.,Akiko has several friends in France.
¿Lo puedo rellenar?,Can I get a refill?
¿Qué fue robado?,What was stolen?
¿Quieres un recibo?,Do you want a receipt?
Ven a cogerlo.,Come and get it.
Me temo que va a llover.,I'm afraid it's going to rain.
¿Dónde encontraste esa muñeca?,Where did you find that doll?
Lo sé todo sobre el tema.,I know all about it.
Tom no cree que pase nunca.,Tom doesn't think that will ever happen.
Es probable que vuelva a llover.,It is likely to rain again.
Tom se rehusó a perdonar a Mary.,Tom refused to forgive Mary.
¿Te gusta el béisbol?,Are you fond of baseball?
Él iba a menudo a pescar al río.,He would often go fishing in the river.
Tom me compró un regalo.,Tom bought me a present.
Tom se quedó en completo silencio.,Tom stayed absolutely silent.
Esta jaula está hecha de alambre.,This cage is made of wire.
¿Por qué dejaste la conversación grupal?,Why did you leave the group conversation?
¿Querías hablarme de libertad?,You wanted to tell me about freedom?
Ella tenía puesto un traje de baño rojo.,She was dressed in a red bathing suit.
¿Cuál es tu película navideña favorita?,What's your favorite Christmas movie?
Conseguiré la dirección de Tom.,I'll get Tom's home address.
¡No miren ustedes hacia abajo!,Don't look down!
No te puedes imaginar lo sediento que estoy.,You can't imagine how thirsty I am.
Ya he tomado mi decisión.,I've already made my decision.
Lo sabían todos menos yo.,Everyone except me knew it.
El mayor problema del momento es el desempleo.,The biggest problem of the hour is unemployment.
Los fumadores son una banda de idiotas.,Smokers are a bunch of idiots.
Ella se cansó escuchándolo.,"Listening to him, she got tired."
Japón reconoció al nuevo gobierno de ese país.,Japan recognized the new government of that country.
La democracia representativa es una forma de gobierno.,Representative democracy is one form of government.
Todavía buscan al niño.,They are still looking for the child.
Al parecer estás en lo correcto.,Apparently you are right.
No te va a hacer daño.,He's not going to hurt you.
Tom volvió como si nada hubiera pasado.,Tom came back as if nothing had happened.
Este gato es negro. ¿El perro también?,"This cat is black. Is the dog, too?"
Juan es un chismoso.,John is a gossip.
Plante un árbol por allí.,Plant a tree over here.
Ayer escribió una carta.,He wrote a letter yesterday.
Todos mis pensamientos te pertenecen.,All my thoughts belong to you.
¡Cómo has crecido!,How you've grown!
Tengo que desmantelar este motor.,I have to disassemble this engine.
Las personas viven más hoy en día.,People live longer nowadays.
El cielo se puso cada vez más oscuro.,The sky became darker and darker.
Reportamos su desaparición.,We reported his disappearance.
Solo necesito un segundo.,I just need a second.
Tom estuvo saltando piedras en la balsa.,Tom was skipping rocks on the pond.
¿Ellos lo saben bien?,Do they know it well?
La pareja quiere comprar una casa.,The couple wants to purchase a home.
Quiero anotar todo esto.,I want to write all of this down.
Estamos cansadas de esperar.,We're tired of waiting.
Hoy estoy muy triste.,I am very sad today.
¿Qué te molesta de Tom?,What bothers you about Tom?
Tom y Mary se han envenenado.,Tom and Mary have poisoned themselves.
No me he decidido todavía.,I'm still on the fence.
Estoy escribiendo un artículo.,I am writing an article.
Soy más guapo que tú.,I am more handsome than you.
Estamos a medio camino de Boston.,We're halfway to Boston.
Los pasajeros están subiendo al tren.,The passengers are boarding the train.
Mis opiniones se parecen a las de él.,My opinions are similar to his.
Apenas nos conocemos.,We hardly know each other.
Tom está culpando a Mary.,Tom is blaming Mary.
Félix no es un gato.,Felix isn't a cat.
Cualquiera puede verlo.,Anyone can see that.
Tienes que ser más agresivo.,You've got to be more aggressive.
En Túnez todo el mundo habla francés bien.,Everyone can speak French well in Tunisia.
Pelad las manzanas o lavadlas.,Peel the apples or wash them.
No digas una palabra de esto a nadie.,Don't breathe a word of this to anyone.
Es mi canción favorita.,It's my favorite song.
Tom es un consumado clarinetista.,Tom is an accomplished clarinetist.
Tres más dos son seis.,Three plus two is six.
Ese animal es mío.,This animal is mine.
Cierra la puerta detrás de ti.,Shut the door behind you.
No tengo ningún amigo con quien hablar.,I have no friend to talk with.
¿Alguna vez te ha mordido un perro?,Have you ever been bitten by a dog?
Es una ananá.,It's a pineapple.
Es fácil trabajar en jeans.,It's easy to work in jeans.
Venga a verme a las once.,Come and see me at eleven o'clock.
Creo que ya he estado aquí antes.,I think I've been here before.
Dime qué ha sucedido.,Tell me what happened.
No puedo comer pollo.,I can't eat chicken.
No me dejas elección.,You leave me no choice.
Quiero que vayas con Tom.,I want you to go with Tom.
Debes tomar este jarabe para la tos.,You must take this cough syrup.
Confío en que nos resulte.,I hope we achieve that.
Sabemos dónde está.,We know where it is.
Trae tu billetera.,Bring your wallet.
¡No diga ni una palabra!,Don't say anything.
Usted es mi musa.,You're my muse.
Estábamos muy felices.,We were very happy.
Él permaneció mudo.,He remained dumb.
"Por lo menos deberías decir ""gracias"".","You might at least say ""thank you."""
No sé qué más pueda decir.,I don't know what more I can say.
Tom caminó rápidamente por el pasillo.,Tom walked quickly down the hallway.
Nada de lo que dijo Tom era verdad.,None of what Tom said was true.
El arma de la mujer es su lengua.,A woman's weapon is her tongue.
No quiero gritar.,I don't want to shout.
Yanni no sabe nada de Argelia.,Yanni doesn't know anything about Algeria.
¿Quedamos para mañana?,Are we meeting tomorrow?
Jane no podría decir tal cosa.,Jane cannot have said such a thing.
¿A quién informo?,Who do I report to?
"Sí, es un perro.","Yes, it is a dog."
Esta es nuestra revolución.,This is our revolution.
Llegó en un coche grande.,He arrived in a big car.
Ellos tenían ideas distintas.,They had different ideas.
Has hecho que mi mordida se desvíe.,You've made my bite go sideways.
¡Creé en la suerte!,Believe in luck!
Ellos tuvieron varios hijos.,They had several children.
Tom va a la escuela.,Tom goes to school.
"Che, mirá lo que encontré.","Hey, look what I found."
No sé si quiero.,I don't know if I want to.
¿Podés hablar en francés?,Can you speak French?
Sus palabras lo hicieron enojar.,Her words angered him.
"No eres un espía, ¿o sí?","You're not a spy, or are you?"
Es un cumplido.,It's a compliment.
¿Dónde está el resto?,Where's the rest?
Mary habla mucho.,Mary talks a lot.
Soy de Asia.,I am from Asia.
Soy una sierva.,I am a serf.
"Para muchos, la ""th"" inglesa es impronunciable.","For many people, the English 'th' is unpronounceable."
La mayoría de los policías perdió su trabajo.,Most of the policemen lost their jobs.
Las nubes desaparecieron.,The clouds disappeared.
No hay nada que hacer para los jóvenes.,There is nothing for teenagers to do.
Su conferencia es muy larga.,His lecture is very long.
Enséñame algo nuevo.,Show me something new.
¡Me voy a la cama!,I'm going to bed.
¿Por qué no se lo dijiste a ella?,Why didn't you tell her?
Esta palabra ya pasó de moda.,This word is no longer commonly used.
No mires abajo.,Don't look down.
Nadie dijo nada.,No one said anything.
¿Por qué gritaste?,Why did you yell?
"Si lo encuentras, aún lo recuerdas.",If you find you still remember.
A la mañana siguiente desayunamos juntos.,"The next morning, we ate breakfast together."
La ciudad dormía.,The town slept.
La temporada de béisbol ha empezado.,The baseball season has opened.
Entré por error a la pieza de otro.,I entered someone else's room by mistake.
La pareja quiere adoptar niños africanos.,The couple wants to adopt African children.
Encontrarás una forma.,You'll find a way.
Espera aquí hasta que regrese.,Wait here until I return.
No tengo dinero ahora mismo.,I don't have money right now.
Sabes que la necesitas.,You know you need it.
No sé ni quiero saberlo.,I don't know and don't want to know.
Deje la comida sobre la mesa.,Leave the food on the table.
¿Quieres hacer eso?,Do you want to do that?
No creo que Tom estuviera hablando de mí.,I don't think Tom was talking about me.
Todos tenemos que tener mucho cuidado.,We all have to be very careful.
Voy a detener a Tom.,I'll stop Tom.
Así ha sido siempre.,This is always the way it has been.
Ella te recuerda.,She remembers you.
A Tom le gustó su coche.,Tom liked his car.
Hablemos de profesionalidad.,Let's talk about professionalism.
El fin de esta dictadura merece un brindis.,The end of this dictatorship deserves a toast.
Deberías ejercitarte más.,You should exercise more.
No sé cuál es cuál.,I don't know which is which.
¿Quién hizo el mono de nieve?,Who built the snowman?
Tom desprecia a la gente que fuma.,Tom despises people who smoke.
El hombre se sonrojó.,The man blushed.
Quiero empezar ahora.,I want to start now.
"En mi opinión, el juego estuvo bien interesante.","For myself, the play was fairly interesting."
Soñé que me comía una torta de manzana.,I dreamed I was eating an apple pie.
Ella debe de haber sido rica.,She must have been rich.
Ella habla japonés.,She speaks Japanese.
Se armaron con pistolas.,They armed themselves with guns.
Ella aprobó el examen con facilidad.,She passed the exam with ease.
Tom se parece a su padre.,Tom looks like his father.
Fue condenado a prisión.,He was sentenced to prison.
Tom y Mary a menudo escriben canciones juntos.,Tom and Mary often write songs together.
Tu idea es ridícula.,Your idea is ridiculous.
¿Te gusta con mayo?,Do you like it with mayonnaise?
Él llegó tarde.,He arrived late.
Este juguete es para niños.,This toy is for boys.
Los beduinos viven en el desierto.,Bedouins live in the desert.
¿Qué estás intentando hacer?,What are you trying to do?
Ninguno se fía de él.,None of them trusts him.
Es imposible ganar sin que otro pierda.,You can not win without someone losing.
No se acerquen al borde del acantilado.,Stay away from the edge of the cliff.
Todavía tenemos papel del váter.,We have a stock of toilet paper.
¿No se pondrá celoso Tom?,Won't Tom be jealous?
"Es él, ¿no?","He's the one, isn't he?"
¡Eso es realmente genial!,That's really great!
¿Ella era francesa?,Was she French?
Me gusta este trabajo.,I like this job.
Ya he bebido café.,I've already had coffee to drink.
No apagues el fuego.,Don't put out the fire.
Empecé a hacer un estofado.,I started to make stew.
Esa conferencia se celebra todos los años.,That conference is held every year.
¿Nieva mucho aquí?,Does it snow a lot here?
Sus predicciones se han hecho realidad.,His predictions have come true.
Llegué a casa a las siete.,I got home at seven.
Este pastel es muy dulce.,This cake tastes too sweet.
Voy a estar libre.,I'll be free.
Los perros tienen un olfato agudo.,Dogs have a strong sense of smell.
"¡Así aprenderás, idiota!","That'll teach you, you idiot!"
¿Cómo está el agua?,How's the water?
¡Venid de primera necesidad!,Do come by all means.
Eso sería suficiente.,That would be sufficient.
¿Vas a estar listo a las cinco?,Are you going to be ready at five?
¿Cuándo regresará de Milán?,When will you come back from Milan?
¿Le importa decirme su peso?,May I ask you what your weight is?
Tom dice que puede hacerlo.,Tom says he can do it.
Los osos son bastante peligrosos.,Bears are quite dangerous.
"Nunca me harías hacerlo, ¿verdad?","You'd never make me do that, would you?"
Eso es exactamente lo que necesita.,That's just what she needs.
Pensé que podría ser útil.,I thought it might be useful.
Esta pulsera es una reliquia preciosa.,This bracelet is a precious heirloom.
Quisiera zumo de fruta.,I would like fruit juice.
¿Tom ya recibió una invitación?,Has Tom received an invitation yet?
No es posible que te haya entendido ella.,It's not possible that she understood you.
¡Quiero ojos azules!,I want blue eyes!
Busco una cartera de cuero.,I am looking for a leather briefcase.
¿Crees en los ángeles?,Do you believe in angels?
Es un arma.,It's a weapon.
"Mamá, acompañame a la tienda.","Mom, come with me to the store."
Me desagrada el ruido. Mis oídos son sensibles.,I dislike noise. My ears are sensitive.
Rezaremos por ti.,We'll pray for you.
Algunos sentimientos son difíciles de describir.,Some feelings are difficult to describe.
Párate ahí mismo.,Stop right there.
Él quería venir con nosotros.,He wanted to come with us.
¿Qué harías sin nosotras?,What would you do without us?
¿Por qué no estás estudiando?,Why aren't you studying?
No tengo nada que hacer en este asunto.,I have nothing to do with that case.
Yaguatí habla español y guaraní.,Yaguatí speaks Spanish and Guaraní.
Vamos a patinar sobre hielo esta tarde.,Let's go ice skating this afternoon.
Los huevos son baratos en esta temporada.,Eggs are cheap this season.
Tom tomó leche.,Tom drank milk.
No me gusta beber café.,I don't like to drink coffee.
No me canso de estar casado.,I'm not tired of being married.
Fueron incapaces de revelar algún secreto.,They weren't able to discover any secrets.
Los minerales abundan en Australia.,Australia is abundant in minerals.
La nutria estaba retozando en el río.,The otter was playing in the river.
Ella no esperaba nada a cambio.,She wasn't expecting anything in return.
El estadio estaba bastante tranquilo.,The stadium was quite still.
Yo soy Jorge.,I am Jorge.
Rompí a llorar.,I burst into tears.
Tom fue indeciso.,Tom was indecisive.
Esa no es mi firma.,That's not my signature.
¿Estás segura de que ella puede hacerlo?,Are you sure she can do this?
Mary colgó la foto en su muro.,Mary hanged the picture on her wall.
Escucha mis podcasts.,Listen to my podcasts.
Conozco bien Boston.,I know Boston well.
No me sé muchas canciones francesas.,I don't know many French songs.
Me fui de excursión.,I went hiking.
¡Nada que agregar!,Nothing to add!
Tenía datos de varias fuentes.,I had data from various sources.
Escribí mi nombre en la arena.,I wrote my name in the sand.
No tenía más de tres libras.,I had no more than three pounds.
Tom está acostumbrado a comer arroz frío.,Tom is accustomed to eating cold rice.
Me gusta mucho haceros enfadar.,I like making you mad.
Me quedé donde estaba.,I remained where I was.
¿Cuál es tu película favorita de Johnny Deep?,What's your favorite Johnny Depp movie?
Nadie se siente atraído por mi país.,Nobody is attracted by my country.
Merece saber la verdad.,He deserves to know the truth.
Pocas personas pueden hablar inglés mejor que Sachiko.,Few people can speak English better than Sachiko.
Tom habría ido a pesar de todo.,Tom would've gone regardless.
Nació en los años cincuenta.,She was born in the 1950s.
He estado ocupado toda la semana.,I have been busy all this week.
¿No sabes nadar?,You’re not able to swim?
"Pásame la sal, por favor. ""Aquí tienes.""","Pass me the salt, please. ""Here you are."""
El natto huele horrible pero sabe delicioso.,Natto smells awful but tastes delicious.
Elige a una persona.,Choose one person.
Pedí varios libros a Inglaterra.,I ordered several books from England.
En alguna parte un niño está llorando.,A child is crying somewhere.
Siempre está contando la misma historia.,He's forever telling the same story.
¿Qué vas a llevar puesto?,What will you wear?
Asegúrense primero de que la información es cierta.,"First, make sure the information's correct."
Él me devolvió el golpe.,He hit me back.
Los padres de Tomás no estaban contentos.,Tom's parents weren't happy.
Parece que esta vez es para siempre.,It seems like this time it's for good.
Todavía tienes que cepillarte los dientes.,You still need to brush your teeth.
El granero está lleno de heno.,The barn is full of hay.
Mi billetera no fue robada por él.,My wallet was not stolen by him.
No tengo tiempo para verte.,I have no time to see you.
¡NO eres normal!,You are NOT normal!
Siga su ejemplo.,Follow his example.
¿Tenemos algo para picar?,Do we have anything I can snack on?
"Tom es astuto, ¿no lo es?","Tom is devious, isn't he?"
Yo creo que la Atlántida jamás ha existido.,I don't believe Atlantis ever existed.
Este es un libro.,It is a book.
Yumi es una de mis amigas.,Yumi is one of my friends.
Volveré en dos semanas.,I will return in two weeks.
¡Quiero salir de aquí!,I wanna get out of here!
No te maltrates a ti mismo.,Don't beat yourself up.
Creo que me has mentido.,I think you lied to me.
Mary vació su cuenta bancaria.,Mary emptied her bank account.
Los pilotos de prueba desafían constantemente al destino.,Test pilots are constantly tempting fate.
Mamá está cocinando en la cocina.,Mother is cooking in the kitchen.
Todo el mundo tiene algo que esconder.,Everyone has something to hide.
Esa racha de suerte no durará para siempre.,This run of good luck won't last forever.
Enciende la tele.,Turn on the TV.
Eres mi felicidad.,You are my happiness.
No dejaré que nada te suceda.,I won't let anything happen to you.
Carlos vio morir a sus amigos.,Carlos watched his friends die.
¿Qué crees que yo debería haber dicho?,What do you think I should've said?
Yo bebo alcohol.,I drink alcohol.
¡No tenemos miedo!,We are not afraid!
¿Qué vas a llevar?,What will you have?
Estoy de vacaciones en la playa.,I'm at the beach on holiday.
Este CD vale diez dólares.,This CD costs $10.
Marie quiere comprar libros.,Mary wants to buy books.
¿Tom lo encontró?,Did Tom find it?
Ni siquiera Tom hace eso.,Even Tom doesn't do that.
Todos estamos orgullosos de ti.,We're all proud of you.
Ellos no venden frutas.,They don't sell fruits.
Mi marido lee siempre en la cama.,My husband always reads in bed.
Estoy convencido de que tienes razón.,I'm convinced that you're right.
Estoy muy feliz con eso.,I'm very happy with it.
Ella siempre espera que yo la ayude.,She always expects me to help her.
A él no le gustaba ser pobre.,He didn't like being poor.
No te quites la mascarilla.,Don't take off your mask.
Estudié chino en Pekín.,I studied Chinese in Beijing.
Le quitaron un riñón.,They removed a kidney.
¡Mi corazón está latiendo tan rápido!,My heart is beating so fast!
Los griegos también comen pescado a menudo.,"Greeks often eat fish, too."
No me jodas ahora.,Don't bother me now.
"Tarde o temprano, debemos morir.",We must die sooner or later.
Está de buen humor.,She is in a very good mood.
¿Por qué siempre llevas camisas blancas?,Why do you always wear white shirts?
Pero él dormía como un bebé.,But he slept like a baby.
"Bueno, ¿te decidiste?","Well, have you decided?"
Ya he oído esta melodía en alguna parte.,I've already heard that melody somewhere.
¿Tienes algunos de mejor calidad?,Do you have better quality ones?
¿Cuál es tu marca favorita de lápiz labial?,What's your favorite lipstick brand?
¿Por qué Tom quiere que hagamos esto?,Why does Tom want us to do this?
Están hechos un manojo de nervios.,They're on pins and needles.
Hablemos de tu niñez.,Let's talk about your childhood.
Vivo en Río.,I live in Rio.
Pruébate estos dos abrigos y compáralos.,Try on both these coats and compare them.
"Apenas se fueron, comenzó a llover.","They just left, it began to rain."
Ella se quedó en el hotel varios días.,She stayed at the hotel for several days.
Se me han quitado las ganas.,I don't want to anymore.
Mi fruta favorita es la manzana.,My favourite fruit is the apple.
¿Por qué acusa a mi hijo?,Why do you accuse my son?
Ella tiene el cabello largo.,She has long hair.
Él también estaba sorprendido.,He was surprised too.
Aquí hace demasiado ruido.,It's too noisy in here.
¿Por qué te tienes que ir?,Why do you have to go?
Intenté hacerlo ayer.,I tried doing that yesterday.
El reportero se negó a revelar sus fuentes.,The reporter refused to name his sources.
Sabía que Tom llegaría al final.,I knew Tom would show up eventually.
¿Qué pensás de la Guerra del Golfo?,What do you think about the Gulf War?
Mi presencia parece ser prescindible.,My presence seems to be unnecessary.
Tocar el piano es su pasatiempo favorito.,Playing the piano is her favorite pastime.
¿De quién es el niño?,Whose child is it?
No tomé ninguna medida de precaución.,I didn't take any precautions.
"Mi familia está bien, gracias.","My family is fine, thanks."
Él estaba parado ahí con una mirada ausente.,He was standing there with a vacant look.
Él bebe cerveza.,He drinks beer.
Él la encontró en la puerta.,He met her at the door.
"¿Ida y vuelta, o sólo ida?",Round trip or one-way?
Preferiría quedarme en lugar de irme.,I'd rather stay than go.
Cocinan en el pasillo.,They cook in the corridor.
Ayer fue jueves.,Yesterday was Thursday.
Condimenté el pescado con sal y pimienta.,I seasoned the fish with salt and pepper.
Tom conoció a Mary en una convención.,Tom met Mary at a convention.
¿Usted tiene ordenador?,Do you have a computer?
Está jugando al Tetris.,He's playing Tetris.
De repente empezaron a reírse.,All at once they began to laugh.
Hoy pasaron muchas cosas.,"Today, many things happened."
Por las tardes trabajo de cocinero.,I work as a cook on Tuesdays.
Tom no ve la televisión.,Tom doesn't watch TV.
Tom habla un español impecable.,Tom speaks impeccable Spanish.
¿Significa esto algo para ti?,Does this mean anything to you?
¿Habías visto alguna vez este pez?,Did you ever see the fish?
No puedo tomar esa decisión por ti.,I can't make that decision for you.
Quiero ir a Seattle.,I want to go to Seattle.
Estaba perdido entre la multitud.,I was lost in the crowd.
Tengo una reunión esta tarde.,I have a meeting this afternoon.
Yo tengo más experiencia que Tom.,I'm more experienced than Tom.
Ni siquiera sé su nombre.,I don't even know his name.
¿Conoce el prefijo?,Do you know the dialling code?
No tengo ganas de tomar vodka.,I don't feel like drinking vodka.
Tú la puedes poner ahí.,You can put it there.
¿Cómo entrasteis en mi casa?,How did you get into my house?
¿Ya solicitaste un pasaporte?,Have you applied for a passport yet?
La cortina puede quemarse.,The curtain can burn.
No importa si me mojo.,I don't mind if I get wet.
Esas dos siempre andan a la greña.,Those two are always bickering with each other.
Haré todo lo que me digas.,I'll do everything you tell me to do.
No me dejes solo.,Don't leave me alone.
Nunca es tarde.,It is never too late.
La amistad es la sal de la vida.,Friendship is the salt of life.
No dejes que las niñas luchen.,Don't let the children fight.
Hay letreros bilingües por todo este país.,There are bilingual signs all over this country.
Ellos se saludaron.,They exchanged greetings.
No tendré la oportunidad de hacerlo.,I won't have the chance to do that.
Millie tiene los ojos verdes.,Millie has green eyes.
A veces estoy tranquilo.,Sometimes I am calm.
Tom le deseó buena suerte a Mary.,Tom wished Mary good luck.
Suelo desayunar a las siete.,I usually have breakfast at seven.
No podía saberlo.,I could not have known that.
Lo compré en una tienda de segunda mano.,I bought it in a thrift store.
Este regalo es para vos.,This is a present for you.
No puedo hablar por Tom.,I can't speak for Tom.
Tú y yo somos hombres.,You and I are men.
Traduje el contrato al francés.,I translated the contract into French.
Tom nunca hizo eso aquí.,Tom never did that here.
Solo es un rasguño.,It's only a scratch.
Debe de tener más de cincuenta años.,He must be over fifty.
Ella muestra un extraño parecido con Marilyn Monroe.,She bears an uncanny resemblance to Marilyn Monroe.
"¡Ya déjalo, ya está muerto!",Stop! Stop! He's already dead!
Ha quebrado la empresa.,The company's failed.
No toques el botón.,Don't touch the button.
¿Qué periódico coge ella?,What paper does she take?
Yo no lo puedo hacer.,I can't do it.
Lojban es el Salvador Dalí de los idiomas.,Lojban is the Salvador Dalí of languages.
El azúcar es dulce.,Sugar is sweet.
El sabio aprende mucho de sus enemigos.,The wise learn a lot from their enemies.
Le gustas a mi perro.,My dog likes you.
Sólo queda una alternativa.,There is but one alternative.
No tenía nada mejor que hacer.,I had nothing better to do.
Ha perdido su suéter favorito.,He lost his favorite sweatshirt.
"No entiendo el arte abstracto, la verdad.","I don't understand abstract art, truthfully."
Tom fue mi profesor.,Tom was my teacher.
Me pregunto si Tom pudiera ayudarnos.,I wonder whether Tom could help us.
Deberías hacer eso pronto.,You should do that soon.
Los monos son parientes cercanos de los humanos.,Monkeys are closely related to humans.
Quiero unos cuantos vasos vacíos.,I want a few empty glasses.
En realidad Tom ya no es estudiante.,Tom isn't actually a student anymore.
Hay un cine en la esquina.,There's a movie theater on the corner.
Por alguna razón está enfadada conmigo.,"For some reason, she's really furious with me."
Quiero un traje hecho de este material.,I want a suit made of this material.
El país está dividido.,The country is divided.
¿Me queda bien este vestido?,Does your dress become me?
Tom está a punto de quedarse dormido.,Tom is about to fall asleep.
¿Dónde está mi toalla?,Where's my towel?
¿Le queda bien el sombrero?,Does the hat fit well?
Mira el mapa.,Look at the map.
Aquí es peligroso correr.,It is dangerous to run here.
Nuestra primera lección es matemática.,Our first lesson is math.
Nosotros consideramos el problema desde todos los ángulos.,We considered the problem from all angles.
Me encanta la cerveza.,I love beer.
Fui invitado a la fiesta de Sachiko.,I was invited to Sachiko's party.
Aquí los errores son el alma del diálogo.,"Here, mistakes are the soul of dialogue."
Quisiera hacer una solicitud.,I would like to make a request.
Le robó el reloj.,He stole her watch.
El show empieza en diez minutos.,The show starts in ten minutes.
"En ese caso, cambiaré de idea.","In that case, I'll change my mind."
Todo estaba listo.,Everything was ready.
Nos quedamos con nuestro tío.,We are staying at our uncle's.
Estoy increíblemente harto de vivir.,I'm incredibly sick of living.
Ya habían tenido ese problema antes.,They had had that problem before.
La conclusión puede parecer trivial: el esperanto existe.,The conclusion may seem trivial: Esperanto exists.
Él nos ayudó a ganar.,He helped us win.
La quiero desde que la conocí.,I've loved her ever since I met her.
Los dragones son animales ficticios.,A dragon is a creature of fancy.
Mis padres me obligaron a ir allí.,My parents made me go there.
Me gustaría conocer a su padre.,I would like to meet his father.
Como usted mande.,As you wish.
Lo tienen que haber sabido desde el principio.,They must've known it all along.
Creo que hablo alemán realmente como la mierda.,I think my German is really fucked up.
La caja no estaba vacía.,The box wasn't empty.
¿A qué hora te tomas una siesta?,What time do you have a nap?
Quiero una tercera alternativa.,I want a third alternative.
Tom quiere aprender a surfear.,Tom wants to learn how to windsurf.
Sami pagará por este insulto.,Sami will pay for this insult.
Mi radio se ha roto.,My radio has broken.
Ella está emparentada con él.,She is related to him.
Eras mi mejor amiga.,You were my best friend.
Tuve que ir al hospital.,I had to go to the hospital.
Usted está libre mañana.,You are free tomorrow.
¿Os acordáis de mí?,Do you remember me?
Mis padres quieren que estudie medicina.,My parents want me to study medicine.
"¿Cuál es la forma imperativa de ""haber""?","What is the imperative form of ""haber?"""
Regresaron del cine juntos.,They came back from the cinema together.
Él va a menudo al teatro.,He goes to the theatre often.
"Como tienes dificultades, yo te ayudaré.","As you have difficulties, I'll help you."
Ésta es la gente que vive al lado.,These are the people who live next door.
Tom se fue con Mary.,Tom left with Mary.
Ellos van a la iglesia todos los domingos.,They go to church every Sunday.
¿Alguna vez has visto un koala?,Have you ever seen a koala?
La próxima vez lo haces tú.,You do it next time.
Tom se cayó cuando la escalera se rompió.,Tom fell when the ladder broke.
¿Por qué estás hoy tan cansada?,Why are you so tired today?
El caballito de mar es un animal único.,The seahorse is a unique animal.
Los libros están en la mesa.,The books are on the table.
Estábamos todos muy hambrientos.,We were all so hungry.
Tom decidió no ir a Boston.,Tom decided not to go to Boston.
La mayoría de la gaviotas son carnívoras.,Most seagulls are carnivorous.
Este es nuestro legado.,This is our legacy.
Esta clase de persona es aburrida.,This type of person is boring.
"Por favor, deje de explotar esos globos.",Please stop popping those balloons.
Quería tu opinión.,I wanted your opinion.
Este es el libro que quiero leer.,This is the book I want to read.
Markku me ha ayudado en muchos aspectos.,Markku has helped me in many ways.
Me estoy empezando a sentir mucho mejor.,I'm starting to feel much better.
Ellos siguieron caminando.,They continued walking.
Él comúnmente va al colegio en bus.,He usually goes to school by bus.
No te veas involucrado con malos tipos.,Don't get involved with bad men.
No me puedo comprar una casa.,I'm not able to buy a house.
¿Por qué Tom no nos ayuda?,Why won't Tom help us?
No lo habría logrado sin tu ayuda.,I wouldn't have done it without your help.
Tom quiere ver a Mary.,Tom wants to see Mary.
El dragón la vio.,The dragon saw her.
Aprendí mucho sobre Tom.,I learned a lot about Tom.
Tom no estaría aquí si tuviera dinero.,"If Tom had money, he wouldn't be here."
Llevé a mi perro al veterinario.,I took my dog to the vet.
Tenemos que cambiar nuestra caldera de agua caliente.,We need to replace our hot water heater.
¿Puedo llevar a mis amigos?,Can I bring my friends?
Tal vez no me creas.,Maybe you won't believe me.
La poesía de Baudelaire es magnífica.,Baudelaire's poetry is magnificent.
El reloj estaba garantizado.,The watch was guaranteed.
Él ya se ha ido a la cama.,He has already gone to bed.
Quédate donde estás.,Stay where you are.
Creciste desde la última vez que te vi.,You've grown since I last saw you.
Tom compartía el dolor de Mary.,Tom shared Mary's pain.
Ahí tienes razón.,You have a point there.
"Ya era tarde, pero ella se fue igual.","It was already late, but she left nonetheless."
Jamás he sido besada así.,I have never been kissed like that.
Él se fue para no volver.,He left and never returned.
Tengo que advertir a Tom.,I have to warn Tom.
Yo también debo comer.,"I have to eat, too."
"¡John, ven a mí!","John, come to me!"
No le gustaba la escuela.,He disliked school.
¿No es eso maravilloso?,Isn't that marvelous?
No hay nada como la serenidad del océano.,There's nothing like the sea's serenity.
Quisiera que me ayudaras.,I'd like you to help me.
"Hola, mi nombre es María.","Hi, my name is Mary."
"Desafortunadamente, no recuerdo nada.","Unfortunately, I don't remember anything."
A Tom le gusta cocinar.,Tom likes to cook.
La idea de Tom es brillante.,Tom's idea is brilliant.
No puedo esperarte.,I can't wait for you.
¡Corran por su vida!,Run for your life!
Éstos los hice yo.,I made these.
No creo que deberías.,I don't think you ought to.
Escogimos a Tom como capitán del equipo.,We elected Tom captain of the team.
Mi hermana limpia sus zapatos todos los domingos.,My sister washes her shoes every Sunday.
Su esposa estaba furiosa.,His wife was mad.
Los libros de arte deben ser bien ilustrados.,Books about art have to be well-illustrated.
¿Necesitáis un lugar para alojaros?,Do you need a place to stay?
Tom ha negado la acusación.,Tom has denied the allegation.
Tom se rio de nuevo.,Tom laughed again.
Tom es muy sarcástico.,Tom is very sarcastic.
Lynn corre muy rápido.,Lynn runs very fast.
Vivo en Qatar.,I live in Qatar.
Tom fue arrestado el lunes pasado.,Tom was arrested last Monday.
¿Puedes cantarnos una canción en francés?,Would you sing us a song in French?
Él no puede haberte oído.,He can't have heard you.
Falta embalar el juguete.,We still need to box up the toy.
Mi bicicleta se esfumó.,My bicycle disappeared into thin air.
El mundo es una nación.,The world is a nation.
Todos tenemos defectos.,We all have flaws.
Tom también podrá hacer eso.,"Tom will be able to do that, too."
La fiesta es mañana.,The party is tomorrow.
Quiero que cierres los ojos.,I want you to close your eyes.
Rara vez duermo lo suficiente.,I rarely get enough sleep.
¿Cómo se cocina arroz sin almidón?,How does one cook rice without starch?
¿Por qué te vas?,Why are you leaving?
No le gusta hablar.,He doesn't like to talk.
A la policía le resbaló el asunto.,The police were indifferent to the matter.
Algunos profesores pelan patatas mientras enseñan.,Some teachers peel potatoes while teaching.
Pude llegar allá a tiempo.,I managed to get there in time.
"Por favor, no fuméis aquí.",Please do not smoke here.
No llores. Todo estará bien.,Don't cry. Everything will be OK.
Tengo un poco de colitis.,I have a touch of diarrhea.
Liisa estaba harta del ruido.,Liisa was sick of the noise.
Tu composición es tan buena como siempre.,Your composition is as good as ever.
Ella lo cremó en contra de su voluntad.,She cremated him against his wishes.
¡No toques esto!,Don't touch this!
¿Celebran el Día de la Tierra?,Do you celebrate the Earth Day?
Él fue sepultado en este cementerio.,He was buried in this graveyard.
El diafragma es un músculo.,The diaphragm is a muscle.
¡No da de comer al trol!,Do not feed the troll.
Creo que te va muy bien.,I think it fits you well.
No quiero nada.,I don't want anything.
Me torcí el tobillo.,I twisted my ankle.
Él desayunó rápidamente.,He had a hasty breakfast.
"Mira, mucho más sencillo.",Try something simpler.
No es tan fácil.,It's not that easy.
Te pareces a un papión.,You look like a baboon.
Le di un puñetazo a Tomás.,I took a swing at Tom.
Haga una maleta con esta ropa.,Make a bundle of these clothes.
Ellos no quieren ayuda.,They don't want assistance.
No puedo olvidar a Tom.,I can't forget Tom.
Él es el hombre de la casa.,He's the man of the house.
¿Acaso no es una buena cantante francesa?,Isn't she a good French singer?
Me suelo remitir al diccionario.,I often refer to the dictionary.
¿Realmente le pasó eso?,Did that really happen to him?
Parece que Tom y Mary están arrepentidos.,Tom and Mary look like they're sorry.
Estás empeorando la situación.,You're making the situation worse.
Marie tendrá hambre.,Marie will be hungry.
Es lo que hace todo el mundo.,That's what everyone does.
Cáit hace la comida que yo prefiero.,Cáit makes the food that I prefer.
Acabó el último.,He finished last.
Tom no le agradeció a Mary lo suficiente.,Tom didn't thank Mary sufficiently.
La música me fortalece.,Music gives me strength.
¿No vendrás a verme la próxima semana?,Won't you come and see me next week?
¿Cuántos lápices tienes?,How many pencils do you have?
John ignoró mi consejo.,John ignored my advice.
¿Me veo viejo?,Do I look old?
¿Dónde está el mapa?,Where's the map?
No quería pensar en ello.,I didn't want to think about it.
¿Cómo se llama su página web?,What's the name of your website?
Rompí el récord mundial.,I broke the world record.
Mi madre me hizo un nuevo vestido.,My mother made me a new dress.
La sinceridad es una virtud.,Honesty is a virtue.
Me salí de la carretera.,I went off the road.
Tom rechazó la oferta.,Tom turned down the offer.
Tom pasa todo su tiempo pensando en Mary.,Tom spends all his time thinking about Mary.
El cantinero echó a Tom del bar.,The bartender kicked Tom out of the bar.
Eres un idiota.,You're a jerk.
¿Cuántos huevos compró mamá?,How many eggs did Mother buy?
Somos los únicos canadienses aquí.,We're the only Canadians here.
Olvidó su promesa de ir allí.,He forgot his promise to go there.
Eres tan impaciente conmigo.,You're so impatient with me.
"Está preso, pero es inocente.","He is prisoner, but he is innocent."
¿Puedes pronunciar estas palabras?,Can you pronounce these words?
Nosotros estamos de vacaciones.,We're on vacation.
Tom podía hablar francés.,Tom could speak French.
¿Puedes contar en italiano?,Can you count in Italian?
Continuó nevando todo el día.,It kept snowing all day.
Muéstrame como ir allí.,Show me how to get there.
Todos tenemos sentimientos.,We all have feelings.
Ahora es hora de que te vayas.,Now it's time for you to go.
No hay nada adentro.,There's nothing inside.
¿Vas a estar en casa para Navidad?,Are you going to be home for Christmas?
En Australia hay koalas.,There are koalas in Australia.
El aire acelerará el secado.,The air will speed up the drying.
Tuviste un día largo.,You had a long day.
Recibí una llamada de él.,I had a phone call from him.
El virus está empezando a mutar.,The virus is starting to mutate.
Me estoy comiendo una rosquilla.,I am eating a doughnut.
Mi mamá no habla muy bien inglés.,My mom doesn't speak English very well.
Algo le pasó a Tom.,Something happened to Tom.
Tom está avergonzado.,Tom is ashamed.
Estos colores no combinan bien.,These colors don't match well.
Ella compró verduras ayer.,She bought some vegetables yesterday.
"Estás equivocado, ese no es el caso.",You're wrong. That's not the case.
Iremos a ver a Tom.,We'll go see Tom.
¿Te importaría prestarme tu coche?,Would you mind lending me your car?
¿A quién le está hablando Tom?,Who's Tom talking to?
Anota tus objetivos.,Write your goals down.
La carrera ha terminado.,The race is over.
Ella también era sorda.,She was also deaf.
No puedes confiar en la traducción de computadora.,You can't trust computer translation.
Fui invitado a su fiesta de cumpleaños.,I was invited to her birthday party.
Cualquier comentario será agradecidamente apreciado.,Any comments will be gratefully appreciated.
Se trata de una traducción imposible.,It's about an impossible translation.
Trae mi rifle.,Get my rifle.
Escriba su fecha de nacimiento.,Write the date of your birth.
La hermana de George me hizo algunos sándwiches.,George's sister made me a few sandwiches.
Ahora sé por qué.,Now I know why.
No soy vuestra amiga.,I'm not your friend.
¿Muerde tu perro?,Does your dog bite?
¿Hay vida después de la muerte?,Is there life after death?
Yo solía comer como un cerdo.,I used to eat like a pig.
Tom solo lo hizo para impresionar a Mary.,Tom did it just to impress Mary.
Tom nunca supo mi nombre.,Tom never knew my name.
Hoy he recibido muy malas noticias.,I received some very bad news today.
El comportamiento del príncipe le pareció inapropiado.,The prince's behavior struck him as inappropriate.
La cerca está pintada de verde.,The fence is painted green.
La rama está a punto de romperse.,The branch is about to break.
Nunca he oído ese chiste antes.,I'd never heard that joke before.
Te responderé mañana.,I'll answer you tomorrow.
Sabemos dónde estás.,We know where you are.
Encendí un cerillo en la oscuridad.,I struck a match in the darkness.
¿Qué hora es en Boston?,What time is it in Boston?
¿Cuál es tu momento del día preferido?,What's your favorite time of day?
Se producen muchas cajas a partir del aluminio.,Many boxes are produced out of aluminium.
Este foro es maravilloso.,This forum is marvellous.
Tomo café después de cenar.,I drink coffee after dinner.
Jean a menudo almuerza deprisa.,Jean often eats lunch quickly.
¿Encontraste algo interesante?,Found anything interesting?
Tom miente a Mary con frecuencia.,Tom often lies to Mary.
¿Me podéis ayudar a salir de aquí?,Can you help me get out of here?
¿A cuántas librerías fuiste?,How many bookstores did you visit?
"Decidme, ¿quién es este joven?",Tell me; who is this young man?
La esperanza no ha muerto.,Hope hasn't died.
Quiero aprender algunas canciones francesas.,I want to learn some French songs.
No digas mentiras.,Don't tell lies.
Lo cacharon con los pantalones caídos.,He was caught with his pants down.
¿Puedo ver aquel?,Can I see that one?
Me pregunta si Tom sospecha.,I wonder if Tom is suspicious.
Tú sigues sin mí.,You go on without me.
Querría tomar un poco de té o café.,I'd like to drink some tea or coffee.
Es poco exigente consigo mismo.,He's not very demanding of himself.
¿Qué te parece este traje?,What do you think of this outfit?
Mi cuñado falleció el viernes.,My brother-in-law died last Friday.
¿Os quedan balas?,Do you have any bullets left?
"Por favor, siéntate.","Sit down, please!"
Tom dio un discurso.,Tom gave a speech.
"Por favor, escriba su nombre y dirección.","Write your name and address, please."
Está muy lejos de aquí.,It is far away from here.
Dejaré de fumar para siempre.,I will quit smoking for good.
La esencia del romanticismo es la incertidumbre.,The essence of romanticism is uncertainty.
Hoy él se siente mucho mejor que ayer.,Today he feels much better than yesterday.
Estoy ocupado el sábado.,I'm busy on Saturday.
¿Qué le pasó a la cabeza de Tom?,What happened to Tom's head?
Me quedo cuatro días en Pekín.,I'll remain in Beijing for four days.
Ella compró un juguete para el niño.,She bought a toy for the kid.
¿Dónde están mis relojes?,Where are my watches?
¿Por qué hesitas?,Why do you hesitate?
¿Por qué no habla Tom?,Why doesn't Tom talk?
¿Qué hace Tom ahora mismo?,What's Tom doing right now?
Tom está preparado para lo peor.,Tom is ready for the worst.
Los dos relatos no coinciden.,The two statements don't agree.
La escuela está acreditada.,The school is accredited.
Ese es el hombre cuya esposa murió.,That's the man whose wife died.
Ella llevaba una blusa roja.,She wore a red blouse.
Tom abrió una ventana.,Tom opened a window.
Tom encontró interesante su nuevo empleo.,Tom found his new job interesting.
Quiero un vaso de leche.,I want a glass of milk.
El vocabulario es la base del idioma.,Vocabulary is the basis of language.
Tom sabía que era imposible.,Tom knew it was impossible.
Tom se saltó el almuerzo.,Tom skipped lunch.
Me gustaría darles la bienvenida a bordo.,I'd like to welcome you all aboard.
¿No les gustó a ustedes este hotel?,You didn't like this hotel?
Ella pensaba que yo fuera médico.,She thought that I was a doctor.
¿Dónde está su gorra?,Where is your cap?
Lo puedo oír.,I can hear it.
Estuvo dos días sin comer.,He hadn't eaten in two days.
"El que adivina el número, gana.",Whoever guesses the number wins.
No desearía esto a nadie.,I wouldn't wish this on anybody.
Tom está encendiendo un cigarrillo.,Tom is lighting a cigarette.
Los hombres forman una sociedad.,The men form a society.
¿A qué hora cierra esta tienda?,What time does this store close?
No fue tan malo como la primera vez.,It wasn’t as bad as the first time.
Cuatro ases es una mano difícil de vencer.,Four aces is a tough hand to beat.
Su estrella se está desvaneciendo.,His star is fading.
Tom ha roto con su novia.,Tom just got dumped.
Tom no sabe cuál botón apretar.,Tom doesn't know which button to push.
¿Quién es tu hermano?,Who is your brother?
Me impactó ver eso.,I was shocked to see that.
"Por favor, permanezcan de pie.",Please remain standing.
Tenía mucho frío.,I was very cold.
Tom está acostumbrado al frío.,Tom is accustomed to the cold.
Vengo todos los días.,I come every day.
Tom viene aquí una vez al mes.,Tom comes here once a month.
Tom no quiere ayudar.,Tom doesn't want to help.
El bereber es nuestra lengua materna.,Berber is our native language.
¿Quién llamó a Ann?,Who telephoned Ann?
Mary terminó de maquillarse.,Mary finished putting on her makeup.
El plomo es peligroso.,Lead is dangerous.
No conozco esta canción.,I don't know this song.
Siéntense aquí y caliéntense.,Sit down here and warm yourself.
Él es mi padre.,He is my father.
Ni se moleste en llamarme.,Don't bother to call me.
No eres tan aterrador.,You're not that scary.
"Perdónenme por llegar tarde, por favor.",Please forgive me for being late.
Escribe tu nombre en el mismo lugar.,Write your name in the same place.
Te trajimos suficiente comida.,We brought you enough food.
Eso es algo que nunca lograré entender.,That's something I'll never understand.
Dick trató en vano de resolver el problema.,"Dick tried to solve the problem, in vain."
Me tienes que dar otra oportunidad.,You've got to give me another chance.
Haré como pidas.,I'll do as you request.
Tom recibió una transfusión de sangre.,Tom was given a blood transfusion.
Describe tu vida hoy.,Describe your life today.
"Soy Tom, el jardinero.","I'm Tom, the gardener."
No me mires tan triste.,Don't give me such a sad look.
Siento compasión por las personas con esa enfermedad.,I feel sympathy for people with that disease.
Muchos se habían muerto.,Many were slain.
No me presentaré a alcalde.,I won't be running for mayor.
Me gusta la pesca.,I like fishing.
Ella lo miró con odio.,She looked at him with hatred.
¿Por qué no pensaste en eso antes?,Why didn't you think of that before?
Lo que dice es verdad en cierto sentido.,What he says is true in a sense.
Tom rompió a llorar.,Tom burst into tears.
Saltémonos la escuela hoy.,Let's ditch school today.
Mañana tengo que ir de compras.,Tomorrow I have to go shopping.
Ella llamó Ted a su oso.,She called her bear Ted.
Ella es mayor que Tom.,She's older than Tom.
¿Cuándo estaréis de vuelta?,When will you be back?
Tengo una cita.,I've got an appointment.
Este es un reloj a prueba de agua.,This is a waterproof watch.
Ella en verdad habla el inglés muy bien.,She really speaks English well.
Él explicó cómo hacer un fuego.,He explained how to make a fire.
¡Qué mona es esta muchacha!,What a cute girl!
Una vez viví en Roma.,I once lived in Rome.
Te prometo que te ayudaré.,I promise you I'll help you.
Tom lo ha hecho de miedo.,Tom was absolutely terrific.
Él me dio una pista.,He gave me a hint.
Ella trabajaba de la mañana a la noche.,She worked from morning till night.
El motor no funciona bien.,The motor does not function properly.
¿Estás de acuerdo en que ahora deberíamos irnos?,Do you agree that we should leave now?
La reconocí inmediatamente.,I recognized her immediately.
Ella adora a las ardillas.,She loves squirrels.
Todo esto ocurre en milisegundos.,All this happens within milliseconds.
Puedes venir si quieres.,You may come if you like.
En todo caso ten paciencia.,"Above all, be patient."
La bicicleta debajo del árbol me pertenece.,The bicycle under the tree is mine.
¿Tenemos suficiente harina?,Do we have enough flour?
Solo quería estar con Tom.,I just wanted to be with Tom.
¿La encuentras atractiva?,Do you think her attractive?
"Al principio, no tenía ni idea del porqué.","At first, I had no idea why."
"¿De qué nacionalidad eran tus tías? ""Portuguesas.""","What is your aunts' nationality? ""Portuguese."""
¿Necesitamos más inflación?,Do we need more inflation?
Tú eres mi hija.,You are my daughter.
Ella realmente odia esta clase de pensamiento.,She really hates this kind of thinking.
Tom se cayó.,Tom fell down.
¡Espere! Quiero decirte algo.,Wait! I want to tell you something.
¿Por qué debo ayudarlos?,Why do I have to help them?
El doctor dice que ella padece reumatismo.,The doctor says she suffers from rheumatism.
Esto lo haremos sin costo.,We shall do this free of charge.
¿Qué nos pueden contar del terremoto de ayer?,What can you tell us about yesterday's earthquake?
Nos han vencido.,We've been defeated.
No los entiendo.,I don't understand them.
¿Quién es la mujer que está parada ahí?,Who is the woman standing there?
Salió en la tele anoche.,He came out on TV last night.
Tomás pellizcó a María.,Tom pinched Mary.
Estoy orgullosa de mi hijo.,I'm proud of my son.
Quiero un teléfono nuevo.,I want a new phone.
Solamente robé unas pocas monedas.,I only stole a few coins.
"Déjenla en paz, por favor.","Leave her alone, please."
¿A quién está dedicado este poema?,Who is this poem dedicated to?
Tom se sentó junto a María.,Tom took a seat next to Mary.
Tienes diez años?,Are you ten years old?
Me siento vacío por dentro.,I feel empty inside.
¡Qué casualidad encontrarle aquí!,What a coincidence meeting you here!
¿Cuál es el número telefónico del Tokio Domo?,What's the number for the Tokyo Dome?
¡Quiero el premio!,I want the prize!
Ella vive en este barrio.,She lives in this neighborhood.
¿Cómo lo encontramos?,How do we find it?
Tom es el mejor jugador del equipo.,Tom is the best player on the team.
Tom desconoce las reglas.,Tom doesn't know the rules.
¿Acaso nos conocemos?,Do we know each other?
Tom derribó a Mary.,Tom knocked Mary down.
La propuesta es aceptada.,The proposal is accepted.
No podemos dormir bien las noches de verano.,We cannot sleep well on summer nights.
Yo quiero ser un mago.,I want to be a magician.
Un niño conducía un rebaño de ovejas.,A boy was driving a flock of sheep.
Descansé cuanto quise.,I rested as much as I wanted.
Me pensaba que eras canadiense.,I assumed you were Canadian.
Compra un erizo y serás feliz.,Buy a hedgehog and you'll be happy.
¿Te interesa la música clásica?,Do you care for classical music?
Trabajaremos para ellos.,We'll work for them.
¿Qué es una palabra?,What is a word?
Miles de personas fueron arrestadas ahí.,Thousands of people there were arrested.
¿Qué queréis de mí?,What do you want from me?
Yo podría matarlos.,I could kill you.
No sé qué quiero.,I don't know what I want.
Yanni no debería de centrarse en eso.,Yanni shouldn't focus on that.
Los cuestionarios fueron repartidos aleatoriamente.,The questionnaires were distributed at random.
Tom es una persona realmente inteligente.,Tom is a really smart person.
Esos niños esperan a su madre.,Those children are waiting for their mother.
Quiero saber quién inició esto.,I want to know who started this.
Necesito la contraseña.,I need the password.
Simplemente pensé que estabas feliz.,I just thought you were happy.
No tendrás la misma suerte una segunda vez.,You won't have the same luck twice.
Pasaron muchos años desde entonces.,Many years have passed since then.
Espero que seas feliz por siempre.,I hope you'll be happy forever.
Su plan fue puesto en acción.,His plan was put into action.
Tom no debería confiar en Mary.,Tom shouldn't trust Mary.
La botella está cerrada.,The bottle is closed.
Julio no está a la moda nunca.,Julio is never in style.
Me gusta el clima cálido.,I like warm weather.
El mono está en la jaula.,The monkey is in the cage.
Quiero ir a su fiesta.,I want to go to your party.
"Apenas llegue, avíseme.",Let me know as soon as he comes.
Se le pidió consejo a un experto.,An expert was called for advice.
Aún no tengo nada.,I still don't have anything.
¿El alojamiento contó con tu aprobación?,Did the accommodations meet with your approval?
El dinero no es todo.,Money is not everything.
Debes ser más enérgico.,You need to be more aggressive.
El payaso volvió al circo.,The clown went back to the circus.
La mujer que habla es alta.,The woman who is speaking is tall.
No sé nada de geología.,I don't know anything about geology.
Tengo una nariz muy pequeña.,I have a very small nose.
Este lugar es escalofriante.,This place is creepy.
Ya te hemos perdonado.,We have already forgiven you.
¡Sacá las manos de mi trabajo!,Hands off my work!
"Desvístase de la cadera para arriba, por favor.",Please undress from the waist up.
Da gusto estar aquí.,I love being here.
No encuentra nada mejor que hacer.,He doesn't find anything better to do.
Voy a estar allí mañana.,I'll be there tomorrow.
Tom no es profesor.,Tom isn't a professor.
No critiques lo que no entiendes.,Don't criticize what you can't understand.
Sólo comí plátanos.,I ate only bananas.
Hay que alentarla un poco.,She needs a little cheering up.
Ella estaba muy despierta.,She was wide awake.
Refúgiate de la lluvia.,Take cover from the rain.
"¿De verdad?, ¿cuándo se ha ido?",Really? When did she leave?
"¿Perdió alguna cosa, señora?","Did you lose anything, miss?"
¿Quién iba a querer abrazar a Tom?,Who would want to hug Tom?
Esto está frío.,This is cold.
Ella tenía un sueño agradable.,She had a pleasant dream.
¿Cuáles son tus pasatiempos?,What are your hobbies?
La piña se ha estropeado.,The pineapple has gone bad.
Era joven y necesitaba el dinero.,I was young and I needed the money.
Deja de quejarte.,Quit your whining.
Tengo otras cartas en mis mangas.,I have other cards up my sleeve.
Este plan no tiene defectos.,This plan has no flaws.
Me llamo Gregorio.,My name is Gregory.
¿Cómo se llama esta canción?,What's the name of this tune?
Él tiene once hijos.,He has eleven children.
¿Eres el esposo de Mary?,Are you Mary's husband?
No cierres la puerta.,Don't close the door.
Su voz es como una nana.,Her voice is like a lullaby.
No tienen sed.,They're not thirsty.
Tom y Mary suspendieron porque no estudiaron.,Tom and Mary failed because they didn't study.
Me odio a mí mismo.,I hate myself.
A veces no creo que te conozca.,Sometimes I don't believe I know you.
No es exactamente lo que yo quería.,That is not quite what I wanted.
¿Podrá Grecia soportar la austeridad?,Will Greece be able to stomach the austerity?
El accidente de moto le provocó múltiples fracturas.,The motorcycle accident caused him many injuries.
Tom es extremadamente peligroso.,Tom is extremely dangerous.
Dije que la haría feliz.,I said I would make her happy.
Leeré un libro mientras tú duermes.,I'll read a book while you're sleeping.
Ella me pidió que le pasara la sal.,She asked me to pass her the salt.
Tiene que empezar lo antes posible.,You have to begin as soon as possible.
¿Qué birome estás viendo?,Which pen do you see?
Tom tiene un talento natural.,Tom has a natural talent.
¡No creas nada de eso!,Don't believe a single word of it.
Los dos libros tienen el mismo precio.,The two books are equivalent in value.
Ellos cambiaron la norma.,They changed the rule.
Me gustaría poder ir de acampada contigo.,I wish I could go camping with you.
Quizá prefieras quedarte dentro.,Maybe you'd rather stay inside.
La puerta no debe dejarse abierta.,The door must not be left open.
Ven y observa.,Come and look.
Te otorgaremos tu venganza.,We'll give you your revenge.
Fue una experiencia extraordinaria.,It was a remarkable experience.
Acabo de conducir sesenta kilómetros.,I just drove sixty kilometers.
¿Cómo te fue estos primeros días de escuela?,How were your first days at school?
Mary se puso un vestido blanco sencillo.,Mary wore a simple white dress.
Es tan temprano.,It is so early.
¡Dejé mis llaves en el carro!,I left my keys in the car!
La tragedia sucedió repentinamente.,The tragedy happened suddenly.
Tendremos que esperar durante tres horas.,We'll have to wait for three hours.
Pídele a Tom que venga mañana.,Ask Tom to come tomorrow.
Estoy teniendo una semana difícil.,I'm having a rough week.
Tom sabía que la historia no era verdadera.,Tom knew that the story wasn't true.
Estaré esperando allí.,I'll be waiting over there.
¿Hay alguna cosa que te alivie el dolor?,Is there anything that makes your pain better?
Lo atraparon en el acto.,They caught him in the act.
¿Ya has exprimido todos los limones?,Have you already squeezed all the lemons?
Todos los fineses adoran su lengua.,All Finns love their language.
¿Me ayudas un minuto?,Will you help me for a minute?
La calle estaba bloqueada por un camión enorme.,The street was blocked by a huge truck.
Soy demasiado flojo como para hacer los deberes.,I'm too lazy to do my homework.
Es igual de alto que yo.,He is as tall as I.
No te dejes abierta la nevera.,Don't leave the fridge open.
Tenemos que echar una mano.,We must help.
Esto es muy aterrador.,This is very creepy.
No tengo la intención de volar más.,I don't intend to fly anymore.
Nací en China.,I was born in China.
Dimos una vuelta por todo el lago.,We've walked all around the lake.
Él dijo que estaba cansado.,He said he was tired.
Greta va a la embajada.,Greta is going to the embassy.
¿Quieres almorzar conmigo?,Won't you eat lunch with me?
El amor es un verbo.,Love is a verb.
¡Sé siempre la mejor versión de ti misma!,Always be the best version of yourself.
Mary tenía trece años cuando desapareció.,Mary was thirteen when she disappeared.
Ellos me veían como a su líder.,They looked on me as their leader.
Es un poema famoso.,It's a famous poem.
A mí también me ocurre.,"It's happening to me, too."
No queda leche.,There's no milk left.
Le pregunté si la conocía.,I asked him if he knew her.
El resolvió el problema difícil.,He solved the difficult problem.
La comida coreana es generalmente picante.,Korean food is generally spicy.
¿Por qué no haces algo?,Why don't you do something?
No tenemos que estar aquí.,We don't have to be here.
¡Cómo me gustaría estar contigo!,How I'd like to be with you!
No tengo familia.,I have no family.
No te preocupes tanto.,Don't be that worried.
Tom no quería hacer aquello.,Tom didn't want to do that.
Lleva ropa abrigada.,Wear warm clothes.
Hubo un incendio cerca.,A fire broke out nearby.
Está mal lo que ella hizo.,What she did was wrong.
Lo siento tanto.,I'm so sorry.
"Por favor, ten paciencia conmigo.",Please be patient with me.
No me gusta Boston.,I don't like Boston.
Él no tiene cáncer.,He doesn't have cancer.
Yo hago ejercicio.,I work out.
Ellos decidieron trasladarse a un suburbio de Londres.,They decided to move to a London suburb.
Yo prefiero las montañas al mar.,I prefer the mountains to the ocean.
Me quiero tomar una siesta.,I want to take a nap.
Tom tiene que responder.,Tom has to respond.
¿Quién más estaba ahí?,Who else was there?
"Revise mi vista, por favor.",Please check my vision.
Estoy de acuerdo con este plan.,I agree to this plan.
¿Este es tu vuelo?,Is this your flight?
Soy un poco raro.,I'm a bit strange.
Eso sería hacer trampas.,That would be cheating.
Su nieto vive en los Países Bajos.,Her nibling lives in the Netherlands.
Esto podría cambiar pronto.,This may soon change.
Hay que arreglar este reloj.,This watch wants mending.
Espero que mañana haga más calor.,I hope tomorrow is warmer.
Wikipedia es la mejor enciclopedia online.,Wikipedia is the best encyclopedia on the Internet.
Las ampolletas emiten calor.,Lightbulbs emit heat.
Tom parecía muy feliz.,Tom looked very happy.
Por favor déjamelo a mí.,"Please, leave it to me."
Los prisioneros han sido puestos en libertad.,The prisoners have been released.
¿Este autobús va a la playa?,Does this bus go to the beach?
Solía gustarme el vino.,I used to like wine.
¿Tu padre sabe que has roto tu reloj?,Does your father know you've broken your watch?
Siempre vivirá en nuestros corazones.,He will live forever in our hearts.
Me gusta ese perro.,I like that dog.
Mi dolor es crónico.,My pain is chronic.
No fue tu culpa.,It wasn't your fault.
Hablaremos de eso después.,We'll talk about it later.
Perdimos mucho tiempo.,We lost a lot of time.
¿Con quién estás saliendo?,Who are you dating?
Es un viaje largo.,It is a long journey.
El aire está húmedo.,The air is damp.
¿Me puedo ir a acostar?,May I go to bed?
Este horno eléctrico solo tiene dos hornallas.,This electric oven only has two burners.
La enfermera me tomó la presión.,The nurse took my blood pressure.
Ahora nunca salgo.,I never go out anymore.
Es lo mismo pero al revés.,"It's the same, but upside down."
Tom se está haciendo la puñeta.,Tom is having a wank.
Tom lo quería de esta manera.,Tom wanted it this way.
La madre de Tom se enfermó de repente.,Tom's mother suddenly fell sick.
La electricidad es muy útil.,Electricity is very useful.
Está muy oscuro para jugar afuera.,It's pretty dark to play outside.
La calidad es malísima.,The quality is really bad.
Vamos a las montañas.,We're going to the mountains.
Necesito un cuarto más grande.,I need a larger room.
Este calentador funciona con gas.,This heater burns gas.
Tom soñaba con cebras.,Tom dreamed about zebras.
Maten a los dragones.,Kill the dragons.
Tienen que dejar de beber.,You must quit drinking.
Los niños ya se fueron a la escuela.,The children already went to school.
Tom se ve un poco agotado.,Tom looks a bit tired.
El enfermero me vacunó.,The nurse vaccinated me.
Papá siempre le está animando.,Dad's always encouraging him.
Tom tiene pie de atleta.,Tom has athlete's foot.
¿A quién visita Tom?,Who's Tom visiting?
Tom quiso una bicicleta.,Tom wanted a bicycle.
Pensé que él era inocente.,I thought that he was innocent.
Él trabajó duro.,He worked hard.
Es una propuesta utópica.,That's an idealistic notion.
Puedes pegar a cualquiera.,You can hit anyone.
¿Te probarás esto?,Will you try this on?
"Con amigos como ese, ¿quién necesita enemigos?","With friends like that, who needs enemies?"
Te sentirás mejor.,You'll feel better.
Tom estaba distraído.,Tom was absent-minded.
Nunca han sido muy exitosos.,They had never been very successful.
No puedo pensar en eso.,I cannot think about that.
Aprende idiomas extranjeros con rapidez.,He is quick at learning a foreign language.
¿Puedo hacerles una pregunta?,Can I ask you a question?
¡Bienvenido a China!,Welcome to China!
Esto no está pasando.,This is not happening.
Esperamos que la verdad salga a la luz.,We hope that the truth comes to light.
Sami no dijo nada de nada.,Sami didn't say anything at all.
Todos nosotros somos felices.,All of us are happy.
"Che, mirá lo que estoy haciendo.","Hey, look what I'm doing."
La carpeta está vacía.,The folder is empty.
"¿Pueden darme alguna bebida caliente, por favor?",Can I please have something hot to drink?
"Dejaré de procrastinar, a partir de mañana.","I'll stop procrastinating, starting tomorrow."
¿Tienes algo más que decir?,Do you have anything further to say?
Deja el motor encendido.,Leave the engine running.
Él le reportó su accidente a la Policía.,He reported his accident to the police.
Tengo una uña rota.,I have a broken nail.
Tom es cristiano.,Tom is a Christian.
Tom no come carne o huevos.,Tom doesn't eat meat or eggs.
Él escribe árabe.,He writes Arabic.
No es bonita.,She is not beautiful.
Tom no toma mucho.,Tom isn't much of a drinker.
Quiero saber qué hay ahí afuera.,I want to know what's out there.
Kioto fue antaño la capital de Japón.,Kyoto was an old capital of Japan.
Conoce a Mary.,He knows Mary.
Busco un libro acerca de la España medieval.,I'm looking for a book about medieval Spain.
Quiero que Nino gane.,I want Nino to win.
Actualmente estoy en el pueblo.,I'm currently in the village.
Pensé que querías ser bailarina.,I thought you wanted to be a dancer.
¿Cómo ha amueblado su apartamento?,How have you furnished your apartment?
No juzgues a un hombre por su apariencia.,Don't judge a man by his appearance.
Bilbao es una ciudad del País Vasco.,Bilbao is a city in the Basque country.
Él quiere aprender algunas canciones inglesas.,He wants to learn some English songs.
Soy afortunado de tener amigos sinceros.,I'm lucky to have sincere friends.
No quiero despertar a Tom.,I don't want to wake Tom up.
¿Para qué utilizas Tatoeba?,Why do you use Tatoeba?
No veo el coche de Tom.,I don't see Tom's car.
Mañana empiezo la dieta.,"Tomorrow, I start the diet."
Las estadísticas son fáciles de malinterpretar.,Statistics are easy to misinterpret.
Se ha convertido en una hermosa joven.,She has grown into a beautiful young lady.
Era mi amigo.,He was my friend.
Tomás es un payo.,Tom is a gadjo.
Tomás nos pasó a buscar al aeropuerto.,Tom picked us up at the airport.
¡Mira! Se están yendo de la casa.,Look! They are leaving the house.
Tengo mucho pelo.,I have a lot of hair.
No lo niegues.,Don't deny it.
Quisiera saber lo que pasó.,I'd like to know what happened.
Tom siempre está preocupado.,Tom is always preoccupied.
Iré directo al grano. Estás despedido.,I'll come straight to the point. You're fired.
Ponlo por escrito.,Write it up.
Leonid le hizo una promes a Rima.,Leonid made a promise to Rima.
¡No me hagas esto!,Don't do this to me!
Limítate a bajar por aquí.,Just get down here.
Creo que estás totalmente equivocado.,I think you're all wrong.
¡Llame a los bomberos!,Call the fire department!
Tom murió en un accidente de tren.,Tom was killed in a train accident.
¡Fíjate en esa mujer!,Take a look at that woman!
¿Has visto mi reloj?,Have you seen my watch?
Él pagó veinte dólares por el pintalabios.,He paid $20 for the lipstick.
Me gusta esta canción.,I like this song.
Las quiero matar.,I want to kill them.
Tom nada mejor que Mary.,Tom swims better than Mary.
No has hecho un muy buen trabajo.,You haven't done a very good job.
Siempre estará en nuestros corazones.,He will forever be in our hearts.
¿Quién es el niño más fuerte?,Who's the strongest kid?
"Cuidado, le arrastra el abrigo.",Be careful. Your coat's dragging.
¿Cuánto cuesta el alquiler de esta habitación?,How much is the rent for this room?
Fuimos a pie.,We went on foot.
Necesito medicamentos para el dolor.,I need pain medication.
Un cocodrilo se comió a un perro.,A crocodile ate a dog.
¡Mira! ¡El tren está allí!,Look! The train is there!
Tom gritó tan fuerte como pudo.,Tom screamed as loud as he could.
No hace falta que se levante tan pronto.,You don't have to get up so early.
El rock es la música de los jóvenes.,Rock is the music of the young.
Ella dio media vuelta cuando vio la serpiente.,She drew back when she saw a snake.
Lo que quiero es que se vayan todas.,What I want is for everybody to leave.
Eso es todo lo que me queda.,That's all I have left.
Estaba en un coche.,He was in a car.
Tom no hace errores.,Tom doesn't make mistakes.
"Si tiene algo que decir, dígalo.","If you've got something to say, say it."
Pensé que éramos mejores amigas.,I thought we were best friends.
Queda mucho más por hacer.,There's much more to be done.
Necesito ayuda con mi trabajo.,I need some help with my work.
¿Cuántos años tiene Tom?,How old is Tom?
Nadie me visitó hoy.,Nobody visited me today.
A Tom le gusta ver la tele.,Tom likes watching TV.
¿Y qué me dijeron?,And what did they tell me?
Reagenda tu vuelo si quieres.,Reschedule your flight if you want.
Tom cuidó de Mary.,Tom babysat Mary.
Me tengo que ir.,I have to leave now.
Le hemos visto.,We've seen him.
Es una vieja costumbre.,It's an old custom.
Todos los juguetes son de madera.,All of the toys are wooden.
Mary dice que los extraterrestres la abdujeron.,Mary says aliens had abducted her.
Debe de haberlo hecho ayer.,She must have done it yesterday.
No sé dónde esperar a Tom.,I don't know where to wait for Tom.
Ya no vivo en Boston.,I no longer live in Boston.
Me gusta el color negro.,I like the color black.
Quiero un poco de leche.,I want some milk.
¿Cumples diecisiete años el próximo mes?,Will you be seventeen next month?
¡Estos vendedores ambulantes son tan molestos!,These hawkers are very annoying!
Déjalos subir a bordo.,Let them come aboard.
Sé código Morse.,I know Morse code.
¿Puede llamarme un taxi?,Can you call a taxi for me?
"Por favor, no abra la ventana.",Please don't open the window.
Todo el mundo bebió medio litro de vino.,Everyone drank half a litre of wine.
Esa peli era un tostón.,That movie was bum numbing.
Muchos chicos persiguieron al conejo.,A lot of boys ran after the rabbit.
Ellos perdieron sus tickets.,They lost their tickets.
Tom es transgénero.,Tom is transgender.
Él puede estar allá.,He may be there.
Yo ni siquiera traje una chaqueta.,I didn't even bring a jacket.
Haz los deberes.,Do your homework.
Estoy tan perdido.,I'm so lost.
No creo que esto sea interesante.,I don't think this is interesting.
Tomás puede dormir en mi dormitorio.,Tom can sleep in my room.
Es fácil creerlo.,It's easy to believe this.
Tomo mucha fruta.,I eat a lot of fruit.
¿Querés saber la verdad?,Do you want to know the truth?
Habla francés con acento inglés.,He speaks French with an English accent.